PolicyLoss,ObjectEntropy,PolicyObjLoss,ValueLoss,Value,EntropyLoss,TotalStepsPerEpisode,ObjectLoss,Advantage,TemplateLoss,Loss,Valid,Step,StepsPerSecond,PolicyTemplateLoss,TemplateEntropy,ClippedGradNorm,UnclippedGradNorm,EpisodeScore
0.10665304958820343,0.015453092753887177,0.03751971619203687,0.010293802246451378,-0.06146886898204684,-0.00587532389909029,4.5,0.13426576554775238,0.030997104942798615,0.6021467447280884,8.48849105834961,0.875,8,0.4304945180845655,0.14556138403713703,0.18039698153734207,,,
-0.2709202468395233,0.015446350327692928,-0.10369384987279773,0.0630469024181366,0.16531419008970263,-0.005854054354131222,12.5,0.11095578968524933,-0.0851844921708107,0.47223955392837524,2.1223742961883545,0.7499999999999999,16,0.6366056292466529,-0.3903588820248843,0.1796846929937601,34.016088800737634,34.016088800737634,
0.017140844836831093,0.015439780429005623,0.012185794417746365,0.0003274332848377526,-0.0125076127005741,-0.005781904794275761,20.5,0.14770163595676422,0.0047944337129592896,0.4809918701648712,4.839298725128174,0.75,24,0.7581832929365021,0.028593560215085745,0.1773702036589384,106.35208429515023,106.35208429515023,
0.09760002046823502,0.015417187823913991,0.04196118959225714,0.005714317783713341,-0.050345875322818756,-0.0054936762899160385,28.5,0.15365487337112427,0.02488292008638382,0.3585037291049957,5.353328704833984,0.75,32,0.8317682806793367,0.10722956527024506,0.1670227199792862,15.773688726465174,15.773688726465174,
0.03602532297372818,0.015351854264736176,0.021504242438822985,0.001960672438144684,-0.027156804455444217,-0.004136994015425444,36.5,0.14575925469398499,0.012995807453989983,0.23923775553703308,3.5700769424438477,0.6249999999999999,40,0.8814571136495463,0.04444783367216587,0.1231191111728549,32.3684829658456,32.3684829658456,
-0.019727353006601334,0.015163166215643287,-0.025722230784595013,0.003531807567924261,0.02899501915089786,-0.0016349058132618666,43.046875,0.14924658834934235,-0.016296956688165665,0.23387150466442108,2.535769462585449,0.6249999999999999,48,0.9244021348765905,-0.012424458836903796,0.045869369059801095,23.498201794550056,23.498201794550056,0.0
-0.013141845352947712,0.014533379347994924,-0.024017711519263685,0.003576522460207343,0.030543394619598985,-0.0007019717595539987,37.0,0.14911718666553497,-0.019900599494576454,0.329344242811203,3.4737541675567627,0.0,56,0.9589580326225583,-0.00470049878640566,0.011901180259883404,19.67408290324539,19.67408290324539,0.0
0.0012950333766639233,0.01303456467576325,7.498492414015345e-05,0.0002521180431358516,-0.000102694146335125,-0.0005322897341102362,20.937499999999996,0.06922759115695953,0.0009138565510511398,0.18174754083156586,2.316396951675415,0.0,64,0.9930324373891402,-0.0004300027017052343,0.0072408089763484895,29.64100540585548,29.64100540585548,0.0
0.006755894981324673,0.010506391641683877,0.014836188522167506,0.001552912755869329,-0.023942811647430062,-0.0005858283839188516,11.828125,0.03427425026893616,0.011820366606116295,0.16862265765666962,1.355771780014038,0.0,72,1.0239463292020778,0.0005006980882171774,0.00870810222113505,11.173713766524884,11.173713766524884,0.0
0.01369018666446209,0.007493324636016041,0.013650052482262254,0.0012701472733169794,-0.020540133584290743,-0.00029204986640252173,10.03125,0.03401156887412071,0.008886145427823067,0.0742851048707962,0.991359293460846,0.0,80,1.050674272038474,0.00512332993093878,0.01117056142538786,17.003807287324292,17.003807287324292,0.0
0.0018324024276807904,0.004737115348689259,0.0006068114780646283,7.202615233836696e-05,-0.0007518533384427428,-0.00027520328876562417,11.054687500000002,0.030394531786441803,0.0016031693667173386,0.1817491501569748,0.9737831354141235,0.0,88,1.0718728892802847,8.455783884642187e-06,0.004045826819492504,13.505483552634729,13.505483552634729,0.0
-0.007413933984935284,0.002931349677965045,-0.011707497527822852,0.0008126752800308168,0.01841521239839494,-0.0003531195397954434,10.859375,0.023916425183415413,-0.00990895926952362,0.05994688719511032,0.5973826050758362,0.0,96,1.089145651612189,-0.004785077901033219,0.008827453828416765,5.235755151572754,5.235755151572754,0.0
-0.010845012031495571,0.0019064143853029234,-0.011873259034473449,0.001166989328339696,0.0183977026026696,-0.0006186422542668879,13.46875,0.007969649508595467,-0.010152755305171013,0.059198617935180664,0.3422805368900299,0.0,104,1.1063239171002592,-0.008646206799312496,0.02657562750391662,10.003180609752405,10.003180609752405,0.0
-0.0060177515260875225,0.001293386027100496,-0.003361743380082771,0.00015489201177842915,0.0052783352439291775,-0.0009538920712657273,14.03125,0.010929982177913189,-0.002907354384660721,0.0939498096704483,0.6084626913070679,0.125,112,1.1215658507569322,-0.0030654150687041692,0.03096485254354775,10.391316502908694,10.391316502908694,0.0
0.0033418512903153896,0.0009362004857393913,0.007183879613876343,0.0004057704354636371,-0.010863932897336781,-0.0013949007261544466,15.28125,0.01097016129642725,0.005861084908246994,0.07705657184123993,0.6467852592468262,0.0,120,1.1345942642856188,0.007422000286169351,0.03728099958971143,5.757305183856676,5.757305183856676,0.0
0.007102306932210922,0.0007163691116147676,0.010101827094331382,0.0007797961006872356,-0.012892353581264615,-0.0010380701860412955,17.8125,0.01964954473078251,0.0075067151337862015,0.040179118514060974,0.7463552355766296,0.0,128,1.1454720757598116,0.0017267235380131751,0.0390854561701417,10.70306362042762,10.70306362042762,0.0
0.0050175730139017105,0.0006124513238319195,0.008842078095767647,0.0004332905518822372,-0.013469510013237596,-0.0007063487428240478,9.296875000000002,0.006488386075943708,0.0060891807079315186,0.05642794445157051,0.8878273963928223,0.0,136,1.1557809273254793,0.0031339945307991,0.02075726934708655,11.6303689496267,11.6303689496267,0.0
0.002242808695882559,0.0005810093134641647,0.0034242502879351377,0.00011162048031110317,-0.0054932834464125335,-0.0004212358908262104,7.125,0.006504245102405548,0.002881469205021858,0.05858571082353592,0.5615749359130859,0.0,144,1.1653094318873818,0.0005935672888881527,0.014428484602831302,6.279381357771399,6.279381357771399,0.0
-0.0016967831179499626,0.0005662908006343059,-0.0031483484199270606,9.121971379499882e-05,0.005013312911614776,-0.00029080905369482934,5.96875,0.0016133803874254227,-0.00215877965092659,0.008650600910186768,0.5129910707473755,0.0,152,1.175280293088817,-0.0010695606033550575,0.009351280517876148,2.3969464288104376,2.3969464288104376,0.0
-0.005328174214810133,0.0005617592469207011,-0.0074416861752979475,0.00040199916111305356,0.011972224572673438,-0.00022266231826506555,6.28125,0.006498702801764011,-0.005510963499546051,0.05950384587049484,0.661571741104126,0.0,160,1.1854637936835963,-0.0010654097932274453,0.007567574386484922,3.4167415143335234,3.4167415143335234,0.0
-0.004550744779407978,0.0005687810844392516,-0.0071701163542456925,0.00042638430022634566,0.011466051219031215,-0.00022945324599277228,6.78125,0.00651952251791954,-0.006891852244734764,0.0605374239385128,0.45139172673225403,0.0,168,1.1918963136190026,-0.0009681772426120006,0.007078657508827746,8.088597394999283,8.088597394999283,0.0
-0.001958102686330676,0.0005762119908467866,-0.0029876063053961843,9.487574425293133e-05,0.004670410475227982,-0.00021052872762084007,5.6953125,0.0018143554916605353,-0.00265536829829216,0.0060109240002930164,0.6478573679924011,0.0,176,1.1990837799421141,-0.00023420825527864508,0.006674372823908925,6.460267364258016,6.460267364258016,0.0
0.0011262715561315417,0.0005879946256754919,0.0019734633387997746,5.125752431922592e-05,-0.003496372199151665,-0.00025604129768908024,5.65625,0.0111803924664855,0.0018501579761505127,0.10374616831541061,0.7753100991249084,0.0,184,1.2069834764274927,0.0005606258059742686,0.008194938534870744,4.865139700664855,4.865139700664855,0.0
0.0039182077161967754,0.000606991110544186,0.005471973796375096,0.0003798601101152599,-0.0089971061097458,-0.0003321416734252125,6.625,0.0065630231983959675,0.004864521324634552,0.052620239555835724,0.4540935754776001,0.0,192,1.2135455787523686,0.0010276791235810379,0.010507971397601068,4.5625137310701405,4.5625137310701405,0.0
0.003103699069470167,0.0006150991393951699,0.005296334915328772,0.0002748862898442894,-0.008990177069790661,-0.00040387222543358803,5.101562499999999,0.002073290990665555,0.004748271778225899,0.0143045699223876,0.7211975455284119,0.0,200,1.219310235842829,0.0010063181252917273,0.012984521337784827,4.196121314551405,4.196121314551405,0.0
0.0036911657080054283,0.000626396962616127,0.0026714035775512457,8.460687968181446e-05,-0.004706091422121973,-0.0004984007100574672,5.6875,0.006608639843761921,0.0018539689481258392,0.057207874953746796,0.7294389009475708,0.0,208,1.2259755800158676,0.0011295107851765351,0.016276088310405612,4.693915205442721,4.693915205442721,0.0
-0.0007843253551982343,0.0006415525640477426,-0.0008443648548563942,3.422715963097289e-05,0.0015161783667281272,-0.0006031211232766509,6.187499999999998,0.00663099717348814,-0.0008200611919164658,0.05725208669900894,0.4261981248855591,0.0,216,1.230218387003704,-0.0004748162768919428,0.019610123708844185,2.291055043419661,2.291055043419661,0.0
-0.0032834920566529036,0.000641075945168268,-0.0031276546651497488,0.00013733473315369338,0.0060492411139421165,-0.0006444469909183681,6.007812499999999,0.0022469700779765844,-0.003620898351073265,0.027171799913048744,0.6258538365364075,0.0,224,1.2353720185342074,-0.0013157594912627246,0.02090071397833526,4.049211101811533,4.049211101811533,0.0
-0.006480900105088949,0.00064127935183933,-0.004020743625005707,0.00017416405898984522,0.0070784869021736085,-0.0006045599584467709,6.5078125,0.00664437934756279,-0.004235997796058655,0.058410946279764175,0.5842643976211548,0.0,232,1.240937537404855,-0.001735462214128347,0.020346996374428276,4.104433908585861,4.104433908585861,0.0
-0.0019320929422974586,0.0006388400652213022,-0.002159635827410966,9.445782779948786e-05,0.00472839642316103,-0.0005994997918605804,6.40625,0.006639641243964434,-0.0032915640622377396,0.058686185628175735,0.44469699263572693,0.0,240,1.2450304168250212,-0.0008999215351650491,0.019178403075784445,4.653617172211511,4.653617172211511,0.0
-0.0008971805800683796,0.0006242558447411284,0.00013542686315304311,1.3500476597982924e-05,-0.00011907500447705388,-0.0004981436650268734,5.125,0.002198809524998069,-0.000904228538274765,0.018863599747419357,0.6913716197013855,0.0,248,1.2495232960393718,2.9601418532365642e-05,0.016442051390185952,4.664162042402808,4.664162042402808,0.0
0.001322000753134489,0.0006151755515020341,0.0021333058830350637,5.311566928867251e-05,-0.004229596845107154,-0.00045032799243927,6.25,0.011058384552598,0.0020655859261751175,0.09026844054460526,0.6270455718040466,0.0,256,1.253518800285618,0.00041294601305708067,0.01415125443600118,0.4247183851980303,0.4247183851980303,0.0
0.0028546019457280636,0.0006059201041352935,0.002862589550204575,0.00013003763160668314,-0.005922698997892439,-0.00037585542304441333,5.953125,0.006598973646759987,0.003022925928235054,0.05169645696878433,0.4584473669528961,0.0,264,1.2559947064515895,0.0007648622849956155,0.012240466312505305,2.052989402326787,2.052989402326787,0.0
0.0011200286680832505,0.0005869379019713961,0.0021671283611794934,4.44489014626015e-05,-0.004223618394462392,-0.00033421762054786086,5.851562500000001,0.006576014216989279,0.001696079969406128,0.051766932010650635,0.7279021739959717,0.0,272,1.2599011837187726,0.0005120397349855921,0.010198013274930418,3.0246480037409924,3.0246480037409924,0.0
0.0001293703098781407,0.0005760419880971314,0.000479890873975819,3.0804039852228016e-05,-0.001099122455343604,-0.00032234599348157644,6.6875,0.011134898290038109,-0.00010070763528347015,0.0954294353723526,0.5638416409492493,0.0,280,1.2636033804884086,0.0003028798614650441,0.00967179040890187,3.862475073976782,3.862475073976782,0.0
-0.0006392648792825639,0.0005649331433232874,-0.0012665349640883505,3.229823778383434e-05,0.0025196737260557715,-0.0003040457086171955,6.015625,0.006552084814757109,-0.0015607066452503204,0.050349555909633636,0.40322431921958923,0.0,288,1.266207228185364,-0.00012267778538443963,0.009661607560701668,1.71594619070423,1.71594619070423,0.0
-0.0011306132655590773,0.0005469652023748495,-0.002097283853800036,3.442084926064126e-05,0.003770720009924844,-0.00029546578298322856,5.359375,0.0018718680366873741,-0.0011641718447208405,0.00923754833638668,0.7165812253952026,0.0,296,1.2689763659815567,0.0013924762288297643,0.012529065832495691,1.3847237307334552,1.3847237307334552,0.0
-0.003185927402228117,0.0005427745199995115,-0.0021129166416358203,9.594268340151757e-05,0.004422504949616268,-0.000365301821148023,7.0625,0.011211351491510868,-0.003066129982471466,0.08765783905982971,0.5086120963096619,0.125,304,1.2714867547885422,-0.0009710909807836288,0.010857336688786745,3.9480385884246445,3.9480385884246445,0.0
-0.00013618601951748133,0.0005392395396484062,-9.88091824183357e-05,3.7603025702992454e-05,0.0004814498533960432,-0.0003660124202724546,7.656249999999999,0.0018440473359078169,-2.376735210418701e-06,0.011938911862671375,0.3124004304409027,0.0,312,1.2734548191782364,-0.00012457029640700057,0.01188251469284296,2.6694202170958974,2.6694202170958974,0.0
0.0011619515717029572,0.0005246658547548577,0.001654192601563409,6.46519911242649e-05,-0.00378776274737902,-0.00039159483276307583,4.875,0.0017795104067772627,0.001488078385591507,0.012990975752472878,0.7452550530433655,0.0,320,1.2754819051678183,0.0005053804252383998,0.013394829235039651,1.4105381264221108,1.4105381264221108,0.0
0.0018445933237671852,0.0005250843532849103,0.0009566441221977584,4.522975723375566e-05,-0.0019135968468617648,-0.0005014266935177147,6.96875,0.011255433782935143,0.0015106089413166046,0.07806265354156494,0.46323931217193604,0.0,328,1.2777780373254575,0.0005827376335219014,0.014687887858599424,3.3857554121453646,3.3857554121453646,0.0
-0.00023337344464380294,0.000524164097441826,-0.00018135956577225443,1.0064533853437752e-05,0.0003995374427177012,-0.0004777911526616663,7.03125,0.006521180272102356,-0.00041910819709300995,0.04394955188035965,0.3793580234050751,0.0,336,1.2797032496170169,-0.00024108882030304815,0.015596585348248482,1.6123014945499676,1.6123014945499676,0.0
-0.00027922564186155796,0.0005175054466235451,-0.0004692480906669516,1.5581112165818922e-05,0.0010364328627474606,-0.0004426379455253482,5.4375,0.0017545265145599842,-0.000509653240442276,0.014683806337416172,0.575965404510498,0.0,344,1.281502557756279,-8.872519242686394e-05,0.01634387660305947,1.6732730770772317,1.6732730770772317,0.0
-0.004271069075912237,0.0005199632432777435,-0.0005209690643823707,0.00033927755430340767,0.0016554533794987947,-0.0008018537191674113,6.250000000000001,0.011273282580077648,-0.0008172038942575455,0.05222289264202118,0.41106730699539185,0.25,352,1.2843078543762592,-0.00024412812854279764,0.01680461794603616,1.2455714206866286,1.2455714206866286,0.0
-0.0015849252231419086,0.0005240876416792162,-0.00033384353446308523,2.6433703169459477e-05,0.0012053381651639938,-0.0004780961899086833,6.375,0.023073112592101097,0.00019179657101631165,0.037334512919187546,0.5136151909828186,0.125,360,1.2847997975618672,-0.0012547643407287978,0.01598244660999626,1.644877606043707,1.644877606043707,0.0
-0.0003580799966584891,0.0005779236889793539,4.063513324581437e-05,7.653028660570271e-06,-0.00026904407422989607,-0.00036779421498067677,5.8125,0.0020323952194303274,-0.00040174461901187897,0.011380641721189022,0.4982808232307434,0.0,368,1.2863337833198472,0.00020005201929507163,0.015147516969591381,1.864230309814893,1.864230309814893,0.0
0.0003127869567833841,0.0006632080621784553,0.00036529713361233007,1.3030730769969523e-05,-0.0005644515913445503,-0.0004738886491395533,6.0859375,0.006710141897201538,0.0003287922590970993,0.031589049845933914,0.40697595477104187,0.0,376,1.2889514230525805,0.0003650430526249693,0.01380714203696698,1.3024896651731126,1.3024896651731126,0.0
0.0011955038644373417,0.0007452790305251256,0.0001839403871599643,3.586907041608356e-05,-0.00033917013206519186,-0.0007225795998238027,5.5234375,0.01495713647454977,0.0008667483925819397,0.062172453850507736,0.334987998008728,0.0,384,1.290035130744467,0.00026666955443488405,0.013839594088494778,1.200644500301177,1.200644500301177,0.0
-0.0007040085038170218,0.000809993187431246,0.00019337191315571545,1.4888829355186317e-05,-0.0008390057773794979,-0.00028151972219347954,5.796875,0.0032108835875988007,-0.0001937374472618103,0.007853716611862183,0.3133728802204132,0.0,392,1.2911478739238673,0.0009865076679034244,0.016182948544155806,1.2756038087213568,1.2756038087213568,0.0
0.0010109287686645985,0.0008470008833683096,-9.622484890314809e-05,3.673731771414168e-05,-0.00016698442050255835,-0.0005271453410387039,7.03125,0.010942631401121616,-0.00043002888560295105,0.050611332058906555,0.28583765029907227,0.0,400,1.293005014087427,0.0008663876760692802,0.013192364771384746,1.3604779027591185,1.3604779027591185,0.0
0.0028677377849817276,0.000848254952870775,0.00017035256041708632,6.492913234978914e-05,-0.000633891875622794,-0.0007677606772631407,5.507812500000002,0.010942485183477402,0.00016973726451396942,0.031842879951000214,0.2735433876514435,0.125,408,1.2944556867970396,0.0014149845017072948,0.019165955018252134,0.9252437894208363,0.9252437894208363,0.0
0.00089030503295362,0.0008258835732704028,0.00010074681085825432,4.033564982819371e-05,-0.0006523662596009672,-0.000516303873155266,5.75,0.00711507722735405,0.0002885647118091583,0.018600454553961754,0.28169772028923035,0.0,416,1.2961208114211673,0.0014681502055964302,0.01745705254143104,1.3734410555221412,1.3734410555221412,0.0
0.0028543868102133274,0.000786751726991497,0.00018524599113334259,7.468339026672766e-05,-0.0005523478612303734,-0.0007759497384540737,5.625,0.01091841608285904,-0.00012745894491672516,0.029234018176794052,0.23249587416648865,0.0,424,1.2975830191403768,0.001579777567258134,0.0174192400299944,0.9565775003390442,0.9565775003390442,0.0
0.002571714576333761,0.0007345960693783127,-4.42757227574475e-05,8.477776282234117e-05,-0.0004608954768627882,-0.000732982240151614,5.375,0.010921911336481571,6.571970880031586e-05,0.027323979884386063,0.24104264378547668,0.0,432,1.2991848782390014,0.0017542619259103276,0.018185148597694933,1.1383248658565321,1.1383248658565321,0.0
0.0005146805197000504,0.0006796703091822564,-7.878527105731337e-05,1.1577513760130387e-05,-0.000257133215200156,-9.171682904707268e-05,5.59375,0.0025342009030282497,0.00042449869215488434,0.0018801562255248427,0.2276090383529663,0.0,440,1.3006046214546265,0.0010844564241523356,0.013247960392618552,0.9163054227740162,0.9163054227740162,0.0
0.0024739899672567844,0.0006242502277018502,-0.00011235731426495477,6.313613266684115e-05,-0.00032728936639614403,-0.0007249442860484123,5.562499999999999,0.011022730730473995,0.00028032250702381134,0.026928547769784927,0.22863399982452393,0.0,448,1.302019253613081,0.0016819776050667201,0.01620422139239963,0.6550702677997151,0.6550702677997151,0.0
0.002302780281752348,0.0005753448713221587,9.718367982713971e-05,4.256246756995097e-05,-0.0004200799739919603,-0.0007040497730486095,5.96875,0.011112925596535206,7.441453635692596e-05,0.02626640722155571,0.22706250846385956,0.0,456,1.3033410034316895,0.0011357093142905226,0.01337539769883733,0.34753978252183515,0.34753978252183515,0.0
-4.435649316292256e-05,0.0005324823141563684,-9.14313372959441e-05,1.3794854567095172e-05,4.2177271097897806e-07,-4.0385504689766094e-05,5.53125,0.0018355840584263206,-0.0002223476767539978,0.0005620295414701104,0.19922730326652527,0.0,464,1.3047393194226429,0.0008472785745397005,0.014763118495466186,1.1504453810882076,1.1504453810882076,0.0
0.0009004719904623926,0.0004967249697074294,-6.26415849183104e-05,2.4755150661803782e-05,-0.00017681648023426533,-0.0007158236112445593,5.625,0.011321824043989182,-2.3400411009788513e-05,0.026564190164208412,0.23330122232437134,0.0,472,1.3057198511245294,0.0007421420295941061,0.01754874842299614,0.2456398390013277,0.2456398390013277,0.0
0.0003974875435233116,0.0004725757062260527,0.00013639429016620852,1.1071079825342167e-05,-0.00020722590852528808,-0.0006869070930406451,5.46875,0.011413336731493473,-0.00020443648099899292,0.02608640119433403,0.19410039484500885,0.0,480,1.3064380438436478,0.00014167242270701763,0.014647724208771251,0.28874223244614683,0.28874223244614683,0.0
0.00031107431277632713,0.00045492892968468373,0.00016993508961604675,8.964065273175947e-06,-5.7132303481921554e-05,-5.5570653785252944e-05,5.40625,0.0014958512037992477,0.00018539465963840485,0.0012634431477636099,0.19168831408023834,0.0,488,1.3073645537673428,-0.00040431729954093493,0.014859755552606655,0.24309593616353098,0.24309593616353098,0.0
-0.0014859418151900172,0.000443618482677266,-3.6498802202800114e-05,2.9551605621236376e-05,0.00021451828069984916,-0.0007293040980584919,5.625,0.01152089238166809,0.000556381419301033,0.02712560072541237,0.2207115888595581,0.0,496,1.3086791951035486,-0.0008923057581995408,0.01753883230048814,0.3264474780427946,0.3264474780427946,0.0
-0.0015376146184280515,0.00044196401358931325,-7.703837104600098e-05,3.993728751083836e-05,0.0004885685921180992,-0.0006905770278535783,5.46875,0.011527342721819878,-0.0005980394780635834,0.025946732610464096,0.18103039264678955,0.0,504,1.3096446849195054,-0.001146382593645967,0.01447053159972711,0.3494379542989705,0.3494379542989705,0.0
8.84676119312644e-05,0.00044510858424473554,5.8890028412861284e-05,1.0866852790059056e-05,0.00021822151029482484,-1.8799219105858356e-05,5.40625,0.0014536230592057109,0.00027291662991046906,0.00010340537846786901,0.1823844164609909,0.0,512,1.3103336842945188,-0.0010472609789857756,0.014396944650798105,0.32869705229629353,0.32869705229629353,0.0
-0.0009955451823771,0.0004526766970229801,8.105475973252396e-05,2.5620754968258552e-05,0.00029600123525597155,-0.0006938184960745275,5.625,0.011471102945506573,-0.000335153192281723,0.026004746556282043,0.2188231348991394,0.0,520,1.3116952201712893,-0.0009193852110627176,0.01720990207104478,0.23145898740681758,0.23145898740681758,0.0
0.0002848039730452001,0.00046804043813608587,9.928847111950745e-05,1.2006991710222792e-05,2.9957736842334135e-06,-0.0006900816224515438,5.46875,0.01140756718814373,0.00038289837539196014,0.025916358456015587,0.18543460965156555,0.0,528,1.3122802955239383,-0.000479789119610885,0.014187760811182672,0.27523398913110597,0.27523398913110597,0.0
6.303746340563521e-05,0.0004860791777900885,5.804983447887935e-05,1.4803136764385272e-05,-5.030800821259618e-05,-1.7041222236002795e-05,5.40625,0.001626832177862525,-8.252635598182678e-05,4.306859409552999e-05,0.18700025975704193,0.0,536,1.3132334079240682,-0.00024180371356052893,0.014198557485542551,0.10243309115011812,0.10243309115011812,0.0
0.00020480886450968683,0.0005060398689238355,-1.74557934542463e-05,1.4733331227034796e-05,-1.9913160940632224e-05,-0.0006884674658067524,5.625,0.011271819472312927,-0.00010068155825138092,0.025976210832595825,0.22326141595840454,0.0,544,1.314406882613485,7.515548538528094e-05,0.016941597000368347,0.1050798862845781,0.1050798862845781,0.0
0.0006256718188524246,0.00053114155161893,-8.476560572034943e-05,1.7393169400747865e-05,0.000133676512632519,-0.0006915044505149126,5.46875,0.011181994341313839,7.43567943572998e-05,0.025904132053256035,0.18936879932880402,0.0,552,1.3151552777858642,0.00028507776616848446,0.014121325598807745,0.09255169883298109,0.09255169883298109,0.0
-0.0005776392645202577,0.0005555821699090302,-4.8257631078740815e-05,1.2352024896244984e-05,3.416842082515359e-05,-1.799294477677904e-05,5.40625,0.0019348571076989174,-0.00026907771825790405,2.196583227487281e-05,0.19080758094787598,0.0,560,1.3160393694419388,0.00044646567750961097,0.014107939784025806,0.09864501068532405,0.09864501068532405,0.0
0.0007769981166347861,0.0005777989936177618,9.84119656095572e-05,3.409439523238689e-05,-0.00024652050342410803,-0.0006937990547157824,5.625,0.011060655117034912,0.00010681338608264923,0.02591509371995926,0.2280462682247162,0.0,568,1.3172562004812676,0.0006468261007590571,0.016926262682318338,0.09051310979252847,0.09051310979252847,0.0
0.0023447733838111162,0.0006013058009557426,0.00019632713076589425,3.0963728931965306e-05,-0.0004273656231816858,-0.0006936702411621809,5.46875,0.011004975996911526,0.00018385611474514008,0.025895949453115463,0.19489824771881104,0.0,576,1.3175599647317089,0.0007013924454655207,0.01409947696083691,0.11621394737452917,0.11621394737452917,0.0
-0.00013562677486333996,0.000619440310401842,0.000166410279689444,6.8776462285313755e-06,-0.0006384809385053813,-1.9389142835279927e-05,5.40625,0.002230627229437232,-0.00010173395276069641,1.3058380318398122e-05,0.19327807426452637,0.0,584,1.3180392196145485,0.0005233573013440074,0.014096799814069524,0.1675262708159888,0.1675262708159888,0.0
0.000863170949742198,0.000630821923550684,-0.0001237668021758509,2.4566119463997893e-05,-1.3116863556206226e-05,-0.000695141963660717,5.625,0.010948041453957558,-0.0001884251832962036,0.025902267545461655,0.2258145958185196,0.0,592,1.318630289367465,0.0006445544675539594,0.01690727316054108,0.2683819636766209,0.2683819636766209,0.0
0.0007460288470610976,0.0006403874285751953,-0.00023635951754386042,1.893715852929745e-05,0.0004180970718152821,-0.0006949410308152437,5.46875,0.010927942581474781,0.00022448785603046417,0.02589203044772148,0.18848949670791626,0.0,600,1.318895160662574,0.0003229473198882449,0.014087290274346742,0.07120421820111034,0.07120421820111034,0.0
6.958722951821983e-05,0.0006421311918529681,-0.0001679390370554756,6.432675036194269e-06,0.000350796093698591,-1.985126618819777e-05,5.40625,0.002339198486879468,0.00015449337661266327,9.369320650876034e-06,0.18727777898311615,0.0,608,1.319262179213626,0.00011539562669526937,0.014089920386140875,0.23159489919493836,0.23159489919493836,0.0
0.00021141055913176388,0.0006360635525197722,3.71621646308995e-05,7.084656317601912e-06,-0.00032428756821900606,-0.0006935399724170566,5.625,0.010929994285106659,0.0004966706037521362,0.025909563526511192,0.22387272119522095,0.0,616,1.31991286162992,0.0002721516346106956,0.016898819750167604,0.18981262031367407,0.18981262031367407,0.0
0.0008023199625313282,0.0006293057303992099,0.00029437848661473254,8.947559763328172e-06,-0.000564663001568988,-0.0006930782692506909,5.46875,0.010929811745882034,0.0004371553659439087,0.025901775807142258,0.1895705759525299,0.0,624,1.3205945319951886,-4.027518058613566e-05,0.014079619289759648,0.1290489462943576,0.1290489462943576,0.0
7.149112207116559e-05,0.0006169059706735425,7.260107452111697e-05,7.451164947269717e-06,-7.282808655872941e-05,-1.8899776478065178e-05,5.40625,0.002216584514826536,0.0005435366183519363,6.3614088503527455e-06,0.18631143867969513,0.0,632,1.3209726432130195,-0.0002094588220388355,0.014084433124480713,0.2757081371621366,0.2757081371621366,0.0
-0.0007968491408973932,0.0006004925890010782,-0.00013860689705325058,1.0607741387502756e-05,0.00042381504317745566,-0.000694821123033762,5.625,0.01095800381153822,-0.00042643211781978607,0.025904836133122444,0.21781882643699646,0.0,640,1.3219088312778513,-0.00029560315202596665,0.01689853013976972,0.07911209151453047,0.07911209151453047,0.0
-0.0002570234064478427,0.0005864667327841744,-9.349922561341373e-05,5.754264748247806e-06,0.00031839730218052864,-0.000693473091814667,5.46875,0.010969296097755432,-0.0001336410641670227,0.025886118412017822,0.1834356188774109,0.0,648,1.3225331240436495,-0.0003662805665594626,0.014084990754213322,0.17650863646816362,0.17650863646816362,0.0
-4.274720049579628e-05,0.0005709587931050918,-2.548426726889375e-05,4.66904657514533e-06,0.0002469792088959366,-1.7416397895431146e-05,5.40625,0.001998885301873088,-0.00037378259003162384,4.9509717428009026e-06,0.183599591255188,0.0,656,1.3231212768800649,-0.00039916427846165004,0.014085821597404902,0.12142257946196011,0.12142257946196011,0.0
0.00043533492134884,0.0005549867346417159,0.0001240310880348261,9.825548659136984e-06,7.109047146514065e-06,-0.0006915024132467806,5.625,0.011020990088582039,8.779019117355347e-05,0.025899428874254227,0.22040948271751404,0.0,664,1.3237776126600118,-0.00021694449290103612,0.01689838544950817,0.09696245747716858,0.09696245747716858,0.0
0.0002332512813154608,0.0005441812463686801,0.0003015108377439901,8.764609447098337e-06,-0.0003654695174191147,-0.0006910509546287358,5.46875,0.011027615517377853,-0.00024116039276123047,0.025894979014992714,0.18798354268074036,0.0,672,1.3241467594704888,-0.0001521725479423641,0.014079146881044835,0.06792869865369511,0.06792869865369511,0.0
7.606681901961565e-05,0.0005342930526239797,0.00023135893525250142,3.616197773226304e-06,-0.00034870055969804525,-1.6238254829659127e-05,5.40625,0.0018303297692909837,-0.00016961060464382172,3.985355760960374e-06,0.18777500092983246,0.0,680,1.324626803293547,-9.306604768084814e-05,0.01408596887870317,0.15316115062816316,0.15316115062816316,0.0
-0.0003057389985769987,0.0005255527285044082,-6.752898821105191e-05,8.791129403107334e-06,-2.232514088973403e-05,-0.0006923720357008278,5.625,0.011038697324693203,-2.3718923330307007e-05,0.025895079597830772,0.22136341035366058,0.0,688,1.3252004677989584,0.00010479309209790455,0.016896052081619928,0.16364079875426896,0.16364079875426896,0.0
0.0002039886749116704,0.0005227965375524946,-0.00027612325357040385,7.2716252361715306e-06,0.00041160875116474926,-0.0006906260387040675,5.46875,0.011028104461729527,-0.00064830482006073,0.02589316852390766,0.18530863523483276,0.0,696,1.3256882627236701,0.00011994945922266798,0.014072297523057385,0.07955820100047184,0.07955820100047184,0.0
3.255742194596678e-05,0.0005210205563344061,-3.737529550562613e-05,8.657892067276407e-06,0.00018962702597491443,-1.6198537196032703e-05,5.40625,0.0017695310525596142,-0.0002627391368150711,1.097858421417186e-05,0.1879057139158249,0.0,704,1.325866595104353,0.0002317911510388293,0.014081781548043184,0.2066390205142099,0.2066390205142099,0.0
0.00045155076077207923,0.0005203817781875841,-1.2141809975219062e-05,7.223547072499059e-06,-0.0002025885332841426,-0.0006912345415912569,5.625,0.010979967191815376,0.0002317521721124649,0.025900498032569885,0.22408711910247803,0.0,712,1.32621256029445,0.00044780725375806463,0.016894804305479738,0.11989034025960521,0.11989034025960521,0.0
0.00068033451680094,0.0005245849824859761,0.00030031389724172186,7.3855189839378e-06,-0.0005987528711557387,-0.0006918975850567222,5.46875,0.01091825682669878,0.00014201924204826355,0.02588234841823578,0.19084113836288452,0.0,720,1.3261940459425794,0.0003146353166965654,0.01409040100134007,0.12196770753037445,0.12196770753037445,0.0
0.0001453103614039719,0.0005292763089528307,0.00010476390741587238,4.308980805944884e-06,-0.0003338039678055793,-1.59670744324103e-05,5.40625,0.0018001638818532228,0.0002692416310310364,3.1642844078305643e-06,0.19004569947719574,0.0,728,1.3266387567756688,0.0004314214349672164,0.014087228653124841,0.25969280375317805,0.25969280375317805,0.0
0.000620284816250205,0.0005336663307389244,4.923305141346649e-06,7.3438814069959335e-06,-0.00019225373398512602,-0.000692405563313514,5.625,0.010815276764333248,-3.56137752532959e-06,0.025883760303258896,0.22369834780693054,0.0,736,1.3272763580525846,0.0004976702627668902,0.01690894992611902,0.13005390227225178,0.13005390227225178,0.0
0.00040439277654513717,0.0005409376244642772,-0.00014216616182238795,9.303906153945718e-06,0.00029718055156990886,-0.0006925670895725489,5.46875,0.010740142315626144,-0.000112190842628479,0.02588120847940445,0.18637113273143768,0.0,744,1.3275619286111073,0.00027657623920687713,0.014085689072430796,0.12461374124310609,0.12461374124310609,0.0
-0.00014864772674627602,0.0005470763790071942,-0.00021262591462800629,9.716457498143427e-06,0.0003143053618259728,-1.6409003364969976e-05,5.40625,0.001872012042440474,-0.00044492632150650024,2.852846364476136e-06,0.18480508029460907,0.0,752,1.3276845215259028,0.00018658997351317372,0.014087405930297336,0.15848112927905333,0.15848112927905333,0.0
0.0006159835029393435,0.0005518692414625548,4.089337937784876e-05,8.912642442737706e-06,-7.035132148303093e-05,-0.0006923159235157073,5.625,0.01061590388417244,-0.00010986998677253723,0.02588864229619503,0.21994046866893768,0.0,760,1.3282770674210242,0.00012954864546517106,0.016906790912457836,0.1947992223011923,0.1947992223011923,0.0
0.0003167003160342574,0.000557132727408316,0.00028284851669013733,9.379955372423865e-06,-0.000699663651175797,-0.0006932226824574172,5.46875,0.010517179034650326,0.0004070401191711426,0.025879856199026108,0.1878615766763687,0.0,768,1.3286376737791705,0.00016109564233518503,0.014093182388364767,0.09026648876510635,0.09026648876510635,0.0
0.0001496196782682091,0.0005599284413619898,0.00011715087111952016,1.2224852071085479e-05,-0.0003102192422375083,-1.6674337530275807e-05,5.40625,0.001918082358315587,0.00016715563833713531,2.6174047889071517e-06,0.18525393307209015,0.0,776,1.3288093103875982,5.666428839590232e-05,0.014096437513956062,0.3170044712909572,0.3170044712909572,0.0
1.7552982171764597e-05,0.000561672612093389,6.695059937555922e-06,5.7611359807197005e-06,0.00012224787496961653,-0.0006920109153725207,5.625,0.010392040945589542,-0.0002965163439512253,0.025893203914165497,0.21781526505947113,0.0,784,1.3291127365191602,6.673610728735735e-05,0.01690072673886789,0.1544857976097731,0.1544857976097731,0.0
-0.00010295130778104067,0.0005623583638225682,-0.0002604515374002858,7.5524462772591505e-06,0.0005549756169784814,-0.0006935602286830544,5.46875,0.010245032608509064,-0.0003489721566438675,0.02587871626019478,0.18045350909233093,0.0,792,1.329559678607833,-5.521513862077886e-05,0.014095500023245224,0.13295093435642968,0.13295093435642968,0.0
4.1588446038076654e-05,0.000561557688342873,-2.6414901640237076e-05,6.3485636019322556e-06,0.00012234310270287097,-1.6583973774686456e-05,5.40625,0.0019109572749584913,0.00016827508807182312,2.4750970624154434e-06,0.18228690326213837,0.0,800,1.3299606155550352,1.5842421696388165e-05,0.01409634501453638,0.2951732082728,0.2951732082728,0.0
-0.00021170343097765,0.000560546584893018,0.00019670291294460185,5.8144382819591556e-06,-0.0004585447604767978,-0.0006936855497770011,5.625,0.010023081675171852,-0.00012220442295074463,0.025879904627799988,0.21703191101551056,0.0,808,1.3302182444674906,4.399661538223576e-05,0.016913358745796355,0.10885012423223372,0.10885012423223372,0.0
0.0008855466730892658,0.0005571453293669038,0.00028970044149900787,1.2320626410655677e-05,-0.0006006622279528528,-0.0006922382744960487,5.46875,0.009905652143061161,0.0003605540841817856,0.025888457894325256,0.18446198105812073,0.0,816,1.3302107929093583,0.00014307665214199905,0.014093257248305235,0.24638604555169508,0.24638604555169508,0.0
6.757841038051993e-05,0.0005551225403905846,8.512821295880713e-06,7.162869678722927e-06,-8.026079740375282e-06,-1.6183343177544884e-05,5.40625,0.0018585898214951158,-0.000265464186668396,2.3976094780664425e-06,0.1817726343870163,0.0,824,1.3307106256066141,0.0001780251450971687,0.014093068563568067,0.3099305227632385,0.3099305227632385,0.0
-9.398165275342762e-05,0.0005540314450627193,-0.0003447958133619977,9.907427738653496e-06,0.0006493306427728385,-0.0006936488789506257,5.625,0.009572925046086311,-0.0009031426161527634,0.025879189372062683,0.21189478039741516,0.0,832,1.3311938275676827,0.00029725782654455024,0.016915420793736757,0.09301163713503513,0.09301163713503513,0.0
0.0008311879355460405,0.0005481798143591732,6.164067872305168e-05,6.099347501731245e-06,-0.00019788151257671416,-0.0006929356604814529,5.46875,0.009390298277139664,0.00011314637959003448,0.02588212490081787,0.1815299689769745,0.0,840,1.3314757241867046,0.0003470579582768307,0.014094516803140777,0.42497488538956674,0.42497488538956674,0.0
5.960902853985317e-05,0.0005448107767733745,0.0002663316590769682,3.865369762934279e-06,-0.0005115689127705991,-1.5538140360149555e-05,5.40625,0.0017751172417774796,-0.00013088807463645935,2.1517389541259035e-06,0.1812671720981598,0.0,848,1.3316672963672895,0.00025784112548027377,0.014100753370712482,0.1445247957986009,0.1445247957986009,0.0
0.001148216426372528,0.0005461380424094386,0.00022895100073583308,8.292284292110708e-06,-0.0003984568757005036,-0.0006930709932930768,5.625,0.00896085798740387,0.00020701810717582703,0.025882573798298836,0.21251465380191803,0.0,856,1.331909839981971,0.00030237849118069926,0.016917716727846255,0.27843635063680594,0.27843635063680594,0.0
0.0002698373864404857,0.0005384925534599461,-0.0003191407549820724,4.067484951519873e-06,0.0004020492488052696,-0.0006935599376447499,5.46875,0.008680341765284538,-9.770877659320831e-05,0.0258767269551754,0.17373204231262207,0.0,864,1.3323537582663982,0.0002097704985672133,0.014098454572092578,0.265851757503917,0.265851757503917,0.0
-4.7221903514582664e-05,0.0005359675051295199,-9.948170023221792e-05,6.704707175231306e-06,0.00015779471141286194,-1.4831590306130238e-05,5.40625,0.00168591586407274,3.4747645258903503e-05,2.100328856613487e-06,0.17382827401161194,0.0,872,1.3326303688537082,0.0001778191981647026,0.014099234308503128,0.3103118181425373,0.3103118181425373,0.0
0.00022287038154900074,0.0005422091744549107,0.0002749842096818611,3.28762803292193e-06,-0.0003983380156569183,-0.0006937217549420893,5.625,0.008152411319315434,0.0003173407167196274,0.025877900421619415,0.2051778882741928,0.0,880,1.3329118496048498,-4.612589213881523e-05,0.01691982580308604,0.18401907280420104,0.18401907280420104,0.0
0.0007555826450698078,0.0005317402938089798,9.808921186049703e-05,9.38231278269086e-06,-0.00032760476460680366,-0.0006927850190550089,5.46875,0.007909794338047504,0.00041655823588371277,0.025883372873067856,0.17209626734256744,0.0,888,1.3329132647860964,0.00012330141800193095,0.014092665157534157,0.3116482043184696,0.3116482043184696,0.0
4.867888947046595e-06,0.0005316787501215003,-0.00023524243113115517,5.770779353042599e-06,0.0005779730854555964,-1.4074401406105608e-05,5.40625,0.0015951840905472636,-0.0005878116935491562,1.9989997781522106e-06,0.16299255192279816,0.0,896,1.333063354844171,-0.00044778107345197493,0.014102087580965872,0.23371830635205804,0.23371830635205804,0.0
-0.0007978904177434742,0.0005433913356682751,-0.00018181756968260743,1.0118149475601967e-05,0.00047551110037602484,-0.0006942836917005479,5.625,0.0072382972575724125,-0.0009990856051445007,0.025881007313728333,0.19216561317443848,0.0,904,1.3334706873669642,-0.0005201051575063828,0.016918817402938657,0.3229679738506186,0.3229679738506186,0.0
-0.00010726120672188699,0.0005283829559630248,0.0002485692069740253,1.354864889435703e-05,-0.0003219390637241304,-0.0006937031866982579,5.46875,0.006936853285878897,0.0003420636057853699,0.02587909996509552,0.16323846578598022,0.0,912,1.3336239015473998,-0.0004890010557198343,0.014099468305573737,0.28033069446116876,0.28033069446116876,0.0
0.00018410439952276647,0.0005251330003375186,0.00014030759484739974,5.810046332044294e-06,-0.00019445546786300838,-1.3300165846885648e-05,5.40625,0.001475956873036921,6.26835972070694e-05,5.3139538067625836e-06,0.16174118220806122,0.0,920,1.3337853102028243,-0.0003585796014146242,0.014098568145982426,0.31662359049602795,0.31662359049602795,0.0
-0.001480398466810584,0.0005399018882599194,-0.0003396793326828629,1.9813949620584026e-05,0.0007883191283326596,-0.0006944973720237613,5.625,0.0062699648551642895,-0.0004717297852039337,0.025880586355924606,0.1836097240447998,0.0,928,1.3340412924475855,-0.0006719618977165664,0.016919503903807254,0.23264260740445053,0.23264260740445053,0.0
-0.0008580065914429724,0.0005142060654179659,-6.0503972633796366e-05,1.1847151654365007e-05,0.0003489604569040239,-0.0006938722799532115,5.46875,0.005958590190857649,-1.5243887901306152e-05,0.02587854489684105,0.15338262915611267,0.0,936,1.3340127525355663,-0.0007332298973854734,0.014100205404474764,0.4432423699725021,0.4432423699725021,0.0
0.0003790966293308884,0.0005062131458544172,0.0003600604941311758,3.9196065699798055e-06,-0.00022580818040296435,-1.156847156380536e-05,5.40625,0.0012761184480041265,0.0002060234546661377,1.817204179133114e-06,0.15463097393512726,0.0,944,1.3340531414724337,-0.0007747491087597702,0.014100966427747606,0.18792512524523097,0.18792512524523097,0.0
-0.0008033656049519777,0.0005186116359254811,4.340017221693415e-05,1.964489638339728e-05,0.00018744371482171118,-0.0006940882885828614,5.625,0.00533717405050993,2.0135194063186646e-05,0.02588571235537529,0.18096493184566498,0.0,952,1.334217428962575,-0.000617481830523979,0.016918624119909964,0.34796839228172516,0.34796839228172516,0.0
-0.0008101671701297164,0.0004726554034277797,-0.00030061865800234955,1.5191692000371404e-05,0.0007334627443924547,-0.0006932290853001177,5.46875,0.005072662606835365,-0.00029546022415161133,0.025877980515360832,0.1474795639514923,0.0,960,1.3342226706771354,-0.0005825406866269421,0.014100132233636486,0.14448638651075907,0.14448638651075907,0.0
0.0002809691650327295,0.0004473981898627244,0.00014418369664781494,5.302698355080793e-06,-0.00011440695379860699,-9.22745584830409e-06,5.40625,0.0009366325102746487,8.268468081951141e-05,4.8266551857523154e-06,0.15211601555347443,0.0,968,1.3343292169371692,-0.0002691731356984084,0.01410057156624589,0.4335080475560211,0.4335080475560211,0.0
-0.0003949693054892123,0.0004509766586124897,0.00016886949470062973,8.249863640230615e-06,-0.0001794941199477762,-0.000692217203322798,5.625,0.004701681435108185,-0.00012282468378543854,0.025877267122268677,0.17954882979393005,0.0,976,1.3345693490812656,-0.0003501670400302692,0.016920399807531794,0.19035149146687047,0.19035149146687047,0.0
-0.0003571475390344858,0.000393454400182236,-8.819191543807392e-05,3.4111599234165624e-06,0.00015275878831744194,-0.0006913967663422227,5.46875,0.004577293526381254,-0.00024681538343429565,0.025875955820083618,0.1494073122739792,0.0,984,1.3346492557607073,-0.00010413061084568048,0.014100392280795404,0.21229179399794207,0.21229179399794207,0.0
-0.00011677595466608182,0.0003683522627397906,-0.00014417702277569333,4.041427928314079e-06,0.00029445404652506113,-6.500220024463488e-06,5.40625,0.0005936503293924034,-0.00020594894886016846,4.667947450798238e-06,0.15077529847621918,0.0,992,1.3349981071885835,0.00022128589245473673,0.014100767218792498,0.12379792065237183,0.12379792065237183,0.0
0.0015086926287040114,0.00037816025724168867,0.00015039082063594833,2.2869211534271017e-05,-0.00043462877511046827,-0.0006900114240124822,5.625,0.004398805554956198,0.0002483464777469635,0.025886574760079384,0.18403683602809906,0.0,1000,1.3354238050738096,0.0005303017804959426,0.016918236643221007,0.2581509793494092,0.2581509793494092,0.0
0.0008211822132579982,0.00032547290538786916,0.0001310256209308136,9.249020877177827e-06,-0.00044864744995720685,-0.0006894991965964437,5.46875,0.004329294431954622,0.0001940615475177765,0.025875966995954514,0.15331034362316132,0.0,1008,1.335511435048059,0.0004150342426459397,0.014100401672749287,0.2234267421666405,0.2234267421666405,0.0
6.134018622105941e-05,0.0003084024356212467,-0.00016864958888618276,2.5570047910150606e-06,0.00021078708232380452,-4.348785296315327e-06,5.40625,0.0003691205638460815,7.483363151550293e-05,1.6518000620635576e-06,0.15116670727729797,0.0,1016,1.3356179274276108,0.0005016493406062444,0.014100701427139484,0.24540095178879628,0.24540095178879628,0.0
-7.57832603994757e-05,0.00032757101143943146,-0.0001464836816467141,3.5521450172382174e-06,6.795264198444784e-05,-0.0006886923220008612,5.625,0.0042312187142670155,-0.0002482365816831589,0.02587694302201271,0.17856985330581665,0.0,1024,1.335779942246463,0.00031831280971375553,0.016920611653404194,0.22163268799103708,0.22163268799103708,0.0
0.0005899034440517426,0.0002822945307343616,0.0002927216764874175,7.4164095167361666e-06,-0.0005084605363663286,-0.0006880927830934525,5.46875,0.004191779997199774,-1.718848943710327e-05,0.025877509266138077,0.15188643336296082,0.0,1032,1.3357040741195525,0.00021837059964380237,0.014100028206485149,0.11897537551477022,0.11897537551477022,0.0
-0.0001595440407982096,0.0002725100166571792,-1.5728684502391843e-05,5.064739525550976e-06,-0.0002438338124193251,-3.146942162857158e-06,5.40625,0.0002457598166074604,-3.1538307666778564e-05,1.591450086380064e-06,0.1519809067249298,0.0,1040,1.3356301173302156,0.0005662236067543596,0.014101821754650242,0.29656078996074164,0.29656078996074164,0.0
-0.0004529835714492947,0.0002995418508362491,-0.00038157763992785476,5.1426623031147756e-06,0.000696423725457862,-0.0006879449938423932,5.625,0.004135938361287117,-0.0004919823259115219,0.025876639410853386,0.1715860515832901,0.0,1048,1.3361062169279898,-0.00022874110684723004,0.016921129435900184,0.10909651602151627,0.10909651602151627,0.0
-0.00041140898247249424,0.0002591467537058634,0.00018895065687729581,7.641545380465686e-06,-0.00030411453917622566,-0.0006875069811940193,5.46875,0.004109824076294899,0.00014408305287361145,0.025877058506011963,0.14552447199821472,0.0,1056,1.3363148529719198,-0.0003927830016419026,0.014101105371196356,0.40543428424524564,0.40543428424524564,0.0
4.738354982691817e-05,0.0002546924542912165,0.0001960038925972185,3.1485656108998228e-06,-0.00023425754625350237,-2.4744688289501937e-06,5.40625,0.00018112653924617916,0.00013977661728858948,1.6540350316063268e-06,0.14505471289157867,0.0,1064,1.3364714448784016,-0.0004369073748614061,0.014102359663922925,0.2364726803186734,0.2364726803186734,0.0
-0.0009525319910608232,0.00028672992266365327,-0.0002829896648108843,8.849704499880318e-06,0.0007677593384869397,-0.0006876642000861466,5.625,0.004061115439981222,-0.00044480152428150177,0.025876235216856003,0.1685541272163391,0.0,1072,1.3369141562575306,-0.0006393481378587085,0.01692255128330089,0.21380855319729086,0.21380855319729086,0.0
-0.0005282427882775664,0.00024831880000419915,6.87664435190527e-05,6.802463758504018e-06,5.467791925184429e-05,-0.0006875387625768781,5.46875,0.004040878266096115,-7.357075810432434e-05,0.02587488666176796,0.1437758356332779,0.0,1080,1.3371090811374722,-0.00042937902813679213,0.01410322368354855,0.40465469198598614,0.40465469198598614,0.0
0.0001549899607198313,0.00024596936236775946,0.00015090663262640192,5.701339887309587e-06,-0.00025368909700773656,-2.0714471702376613e-06,5.40625,0.0001449537230655551,0.00015658140182495117,1.5959201391524402e-06,0.1463019698858261,0.0,1088,1.337409481674947,-0.00017971033505054246,0.014103674486591443,0.08442611807836631,0.08442611807836631,0.0
-0.0001794677518773824,0.0002803429624691489,-0.00016024420619942248,2.462030579408747e-06,0.00028991629369556904,-0.0006875097169540823,5.625,0.004006345756351948,-0.00019712373614311218,0.02588011510670185,0.17426307499408722,0.0,1096,1.3376225965588218,9.528470975073144e-06,0.016923268545895098,0.19691069469631017,0.19691069469631017,0.0
-0.00030214953585527837,0.00024228447909990789,-2.9188811140556936e-05,2.423982095933752e-06,5.2684597903862596e-05,-0.000687054474838078,5.46875,0.003991743549704552,-7.301010191440582e-05,0.025877922773361206,0.14577698707580566,0.0,1104,1.3378640791128378,-3.86706436918266e-05,0.014102209605027838,0.19431012820863636,0.19431012820863636,0.0
-6.705571649945341e-06,0.00024096181778077153,0.0002468281763867708,2.453724619044806e-06,-0.0004921348881907761,-1.8060836737276986e-06,5.40625,0.00012204542144900188,5.9310346841812134e-05,1.5482363551200251e-06,0.15057383477687836,0.0,1112,1.338032732659155,0.00029449127394785835,0.01410471678730119,0.04703307022388614,0.04703307022388614,0.0
0.0005492995260283351,0.0002770701162262412,-0.00016857915943546686,9.219173080055043e-06,0.0002058274403680116,-0.0006874880637042224,5.625,0.003965890035033226,2.576783299446106e-05,0.02587983012199402,0.17730003595352173,0.0,1120,1.3381834020510417,0.0004284791517480263,0.016923968885294016,0.2640037944993452,0.2640037944993452,0.0
0.0007322855526581407,0.00023917202452139463,-8.913629449125438e-05,8.63467539602425e-06,3.6549870856106275e-05,-0.0006874797400087118,5.46875,0.00395361939445138,-0.00022014416754245758,0.02587437629699707,0.1484372764825821,0.0,1128,1.3384221932023954,0.00038398969064331115,0.014105081509001138,0.19913589173002633,0.19913589173002633,0.0
0.00026920626987703145,0.0002386947485319979,0.00031311689599533565,4.069214810442645e-06,-0.0006683199608232826,-1.7714396562951151e-06,5.40625,0.00010608548473101109,0.00045977719128131866,4.1612752283981536e-06,0.15042978525161743,0.0,1136,1.338461626446971,0.0002364214053821451,0.014104607653962375,0.10516153749328261,0.10516153749328261,0.0
0.0007151979370974004,0.0002764864548225887,-0.0001055826560332207,8.723033715796191e-06,0.00013480594498105347,-0.0006875926628708839,5.625,0.003929777070879936,0.00011777691543102264,0.025875404477119446,0.1763414591550827,0.0,1144,1.3385255311201583,0.00027923490711329046,0.01692521631349564,0.3729043712306286,0.3729043712306286,0.0
-6.110669346526265e-06,0.000238544905641902,-0.00017480367660027696,3.1687434329796815e-06,0.0003078428562730551,-0.0006875537801533937,5.46875,0.0039173271507024765,3.575533628463745e-05,0.025874268263578415,0.14501042664051056,0.0,1152,1.3386717197039806,6.9160129546747e-05,0.014104767297567378,0.1450967826940852,0.1450967826940852,0.0
-6.44299689156469e-06,0.00023886311009846395,0.000132763824808535,1.678242597336066e-06,-0.0002797061752062291,-1.4792932461205055e-06,5.40625,9.4408547738567e-05,-0.00017363950610160828,1.5482362414331874e-06,0.1462109386920929,0.0,1160,1.338763805672145,-7.975875243938779e-05,0.014105214096332475,0.20683714237089568,0.20683714237089568,0.0
-0.00029203511076048017,0.00027847236196976155,0.00010002770386563498,4.511315637500957e-06,-0.00010317558189854026,-0.0006877290434204042,5.625,0.0038913320749998093,-5.595758557319641e-05,0.025875231251120567,0.17407730221748352,0.0,1168,1.339026420964251,-0.00017584256299631867,0.016925884225031496,0.18718122135676651,0.18718122135676651,0.0
-0.000224762930884026,0.0002402851391707372,-0.00028944033692823723,2.4662444957357366e-06,0.0005020453536417335,-0.0006877239793539047,5.46875,0.0038771722465753555,-0.00017177313566207886,0.02587413601577282,0.14150017499923706,0.0,1176,1.3393046570089662,-0.00022681855887292385,0.014105328448607679,0.11281248074418926,0.11281248074418926,0.0
0.00015288543363567442,0.00024139767720043892,8.702711443220323e-05,1.1126126082672272e-06,-9.66331863310188e-05,-1.3779881555819884e-06,5.40625,8.60851796460338e-05,6.527826189994812e-05,1.56164719555818e-06,0.14422263205051422,0.0,1184,1.3393650011893716,-0.00025362332016616584,0.014105798461059749,0.2792915703666612,0.2792915703666612,0.0
-0.0007876211311668158,0.00028307963839324657,8.391134899454755e-05,6.419834789994638e-06,-0.00010379974264651537,-0.0006878080894239247,5.625,0.003846665844321251,-6.241165101528168e-05,0.025876224040985107,0.17358511686325073,0.0,1192,1.3394123783114056,-0.0001859479443169776,0.016925778728250407,0.108162792287954,0.108162792287954,0.0
-9.439356654183939e-05,0.0002444582019052177,-4.295672475507217e-05,2.4166033654182684e-06,0.00014867645222693682,-0.0006879803258925676,5.46875,0.0038294929545372725,6.538629531860352e-05,0.025873934850096703,0.144306018948555,0.0,1200,1.339465831108077,-8.816612943727749e-05,0.014105818671595216,0.10676856937513346,0.10676856937513346,0.0
-0.00010590107558527961,0.0002463771784277924,-6.56639737428577e-05,1.7950059145732666e-06,0.00016075343592092395,-1.3079131804261124e-06,5.40625,8.079457620624453e-05,-0.00016544945538043976,1.497571815889387e-06,0.1442430019378662,0.0,1208,1.3394599490033656,-6.0928211359626006e-05,0.014106045379861598,0.1012016101535913,0.1012016101535913,0.0
3.880274744005874e-05,0.0002902964238273853,0.00011964434793299004,2.030415998888202e-06,-0.0002597297716420144,-0.0006882617017254233,5.625,0.003792915726080537,0.0003093704581260681,0.025874987244606018,0.17494888603687286,0.0,1216,1.3396723106521038,-8.120249099980572e-06,0.01692637892580251,0.11124566599982533,0.11124566599982533,0.0
0.00017485310672782362,0.00025078195130845415,-1.9822349258902246e-05,2.627687308631721e-06,-1.2231816072016956e-05,-0.0006883041933178902,5.46875,0.0037734287325292826,-5.391798913478851e-05,0.025873970240354538,0.14529062807559967,0.0,1224,1.3399000814536457,4.957621583852323e-05,0.014105601325212547,0.16887021259829993,0.16887021259829993,0.0
-0.00011258552694926038,0.0002531642999201722,-0.00012660657239393913,3.4380211673123995e-06,0.00018267275299876928,-1.2744469586323248e-06,5.40625,7.838888268452138e-05,-0.00045964866876602173,1.4767098264201195e-06,0.1449785828590393,0.0,1232,1.3400925554440337,0.00012807158837996324,0.014106244912483135,0.024073125283399444,0.024073125283399444,0.0
0.0005990678328089416,0.000298895005016675,0.00014861607940019894,4.18673289459548e-06,-0.0003181832144036889,-0.0006887443596497178,5.625,0.0037338898982852697,0.0004183407872915268,0.02587726339697838,0.17632350325584412,0.0,1240,1.3404619498231372,0.00017811831180585685,0.016926340685131436,0.1524901991123917,0.1524901991123917,0.0
0.0004608235030900687,0.00025798244769248413,1.7419297080323297e-05,3.3601722861931194e-06,-4.610477481037378e-05,-0.0006884488393552601,5.46875,0.00371467974036932,0.0001963973045349121,0.025875478982925415,0.14600950479507446,0.0,1248,1.3404774051355006,0.00013844324082188525,0.014105389173693085,0.19384453010411096,0.19384453010411096,0.0
5.632018655887805e-05,0.00026044068954433897,-0.00011550588760655955,2.438427372908336e-06,0.0002979736600536853,-1.2628313470486319e-06,5.40625,7.818151789251715e-05,-0.00020322948694229126,1.3798519375995966e-06,0.143959179520607,0.0,1256,1.3403563418797948,2.792015189626018e-05,0.014105988935426696,0.03060836426297886,0.03060836426297886,0.0
0.00030826189322397113,0.0003073675097766682,9.569614519477909e-05,2.519803956602118e-06,-0.00024380936520174146,-0.0006889550131745636,5.625,0.0036762040108442307,5.7930126786231995e-05,0.025874806568026543,0.17450261116027832,0.0,1264,1.3404756394999082,4.7923688252012736e-05,0.016926679510277154,0.19651503689094207,0.19651503689094207,0.0
-0.0003670983714982867,0.000264805934875767,-1.5755666709083016e-05,2.359442305532866e-06,2.2762949811294678e-05,-0.0006889998912811279,5.46875,0.003656851826235652,-0.00042397715151309967,0.025873778387904167,0.1436668485403061,0.0,1272,1.340697980156731,-8.472857716788473e-05,0.014105953976752517,0.1654361039778831,0.1654361039778831,0.0
-6.726888386765495e-05,0.0002666739060259715,-6.141385233604524e-05,4.279091172065819e-06,9.382082498632371e-05,-1.2726363820547704e-06,5.40625,7.922326767584309e-05,-0.00019602850079536438,1.379106834065169e-06,0.14331671595573425,0.0,1280,1.340807378442253,-7.401693750641591e-05,0.01410660277596776,0.027706582063815544,0.027706582063815544,0.0
-0.00019627557776402682,0.000313833828386123,-7.851942086745113e-06,2.1921739516983507e-06,-1.3073236914351583e-05,-0.0006891405209898949,5.625,0.0036301142536103725,-0.0002816244959831238,0.02587531879544258,0.17263194918632507,0.0,1288,1.3410251841077867,-4.674387795065155e-05,0.016926749206902514,0.06772204554099481,0.06772204554099481,0.0
9.747541480464861e-05,0.000269001264769031,0.0001458365795770078,1.4917833368599531e-06,-0.00020783932995982468,-0.0006892123492434621,5.46875,0.003621886484324932,0.0001482553780078888,0.025873538106679916,0.1452089250087738,0.0,1296,1.3409043154986615,-3.128295462091757e-05,0.014106245627630187,0.01641296596385533,0.01641296596385533,0.0
-0.0001348185760434717,0.0002694622648959921,-0.00017110193221014924,3.4827071431209333e-06,0.00030444268486462533,-1.2799242767869146e-06,5.40625,8.028621232369915e-05,-0.00028848834335803986,1.363460569336894e-06,0.1429179608821869,0.0,1304,1.3409487534284543,4.326616652172709e-07,0.014107292592683507,0.14010902407319215,0.14010902407319215,0.0
9.018625860335305e-05,0.0003155415088258451,8.941632813730394e-05,1.4979849538576673e-06,-0.0001510876463726163,-0.0006894411635585129,5.625,0.003615923225879669,0.00011973083019256592,0.025876684114336967,0.1737866997718811,0.0,1312,1.3413160177135237,1.0520905434234508e-05,0.01692760299965812,0.20248801355078605,0.20248801355078605,0.0
0.0002274953294545412,0.000269140412001434,0.00011270604863966582,3.6739279494213406e-06,-0.00011795881437137723,-0.0006891516968607903,5.46875,0.003616746747866273,0.00013232603669166565,0.025874147191643715,0.14459531009197235,0.0,1320,1.3413799907237052,-7.138888117770322e-05,0.014106070348987032,0.09613834490544804,0.09613834490544804,0.0
-8.344220259459689e-05,0.000268558792413387,-0.00013121479605615605,1.6924662986639305e-06,0.00028415294946171343,-1.38738187160925e-06,5.40625,7.908679253887385e-05,-0.0002918671816587448,3.510803935569129e-06,0.143729567527771,0.0,1328,1.3414443432559298,6.165154726399391e-05,0.01410785487087196,0.10391608769524119,0.10391608769524119,0.0
0.0003038486756850034,0.0003137529129162431,0.00016694555893081997,1.8552686924522277e-06,-0.00026898644864559174,-0.000689255422912538,5.625,0.0036211530677974224,0.0001618713140487671,0.02587442845106125,0.17491741478443146,0.0,1336,1.341529649894031,7.037660535100243e-05,0.01692781329728632,0.196164734531596,0.196164734531596,0.0
9.466177289141342e-05,0.00026702090099206544,-5.9168892562411195e-05,2.0732438770210138e-06,9.674992179498076e-05,-0.0006891656666994095,5.46875,0.0036225642543286085,-9.352155029773712e-05,0.025873476639389992,0.1432027816772461,0.0,1344,1.3416156643501527,-7.660302568096578e-05,0.01410700181259017,0.16346818575582578,0.16346818575582578,0.0
-1.7406887309334707e-06,0.0002662412971403682,-2.8613191759063735e-05,2.2042377167963423e-06,7.76551605667919e-05,-1.3325371810424258e-06,5.40625,7.493306475225836e-05,-5.8570876717567444e-05,3.4899394449894316e-06,0.1438765972852707,0.0,1352,1.3417023307125604,-2.228972307610072e-05,0.014107275760750326,0.05131443022021387,0.05131443022021387,0.0
0.0001403664646204561,0.0003114102946710773,3.2523592892630404e-05,2.344781023566611e-06,-0.00013225481961853802,-0.0006893654935993254,5.625,0.003621296724304557,0.00010358355939388275,0.025879209861159325,0.17440995573997498,0.0,1360,1.3416078157800828,0.00014152402838925673,0.016928665345403715,0.05047020737149399,0.05047020737149399,0.0
0.0002368849964113906,0.0002648518016030721,-7.018818189408194e-05,1.6566351632718579e-06,9.812065400183201e-05,-0.0006890406948514283,5.46875,0.0036181851755827665,-9.068474173545837e-05,0.02587403543293476,0.14396657049655914,0.0,1368,1.3417442412264995,3.409891212567336e-05,0.014107287163909632,0.08368535952527001,0.08368535952527001,0.0
7.507158443331718e-05,0.00026424496536492375,-1.501816768723076e-06,2.4408032004430424e-06,-3.389903577044606e-05,-1.1236661521252245e-06,5.40625,6.868156924610958e-05,-4.929304122924805e-05,1.2941699196744594e-06,0.14497019350528717,0.0,1376,1.3419205868196182,9.483316656420937e-05,0.014107374830956587,0.08012183607743273,0.08012183607743273,0.0
-0.00017670204397290945,0.0003097492017332115,0.00010444543863741274,2.2369972612068523e-06,-0.00020125927403569221,-0.000689081265591085,5.625,0.0036095278337597847,0.00013040564954280853,0.025874841958284378,0.17385976016521454,0.0,1384,1.3422523800292916,1.2094199960135943e-05,0.016928332972327098,0.024324237649865132,0.024324237649865132,0.0
1.2452183000277728e-06,0.0002631019528962497,-0.0001490414990712452,1.7566347878528177e-06,0.00026597906253300607,-0.0006890101940371096,5.46875,0.00360477389767766,-1.9175931811332703e-05,0.02587389573454857,0.1431630551815033,0.0,1392,1.3422642781649146,2.336414482888294e-05,0.0141074595504449,0.13043201393337456,0.13043201393337456,0.0
0.00010128468420589343,0.0002625168822305568,0.00010097606354975142,9.862493470791378e-07,-0.0001323492906522006,-1.0371248890805873e-06,5.40625,6.186008977238089e-05,0.00011753104627132416,1.2770333341904916e-06,0.14462129771709442,0.0,1400,1.342420692322517,-4.0293397210067194e-05,0.014107479664346554,0.1741456370665715,0.1741456370665715,0.0
-9.268571739085019e-05,0.0003081928873598372,0.0001262458409314604,2.4408313947787974e-06,-0.00013714033411815765,-0.0006892362725920975,5.625,0.0035970292519778013,8.828938007354736e-06,0.025876369327306747,0.1722850799560547,0.0,1408,1.3426771776327748,-0.0001953489721642221,0.016928282441540432,0.09114150990561387,0.09114150990561387,0.0
-0.0002506597666069865,0.0002612551320453349,-0.00027797292204922996,2.7280746053293115e-06,0.0005214682605583221,-0.0006889755604788661,5.46875,0.0035942986141890287,-0.0003208965063095093,0.025873789563775063,0.14121250808238983,0.0,1416,1.3427590873470268,-8.3572081876232e-05,0.014106831947913179,0.1326323770714748,0.1326323770714748,0.0
0.00022053437714930624,0.00026058522416860797,0.000291758920866414,1.9839080778183416e-06,-0.0004808097146451473,-9.560843636791105e-07,5.40625,5.575300383497961e-05,0.00033373385667800903,1.2345649338385556e-06,0.14588575065135956,0.0,1424,1.3427905454173716,-6.767955616948651e-05,0.014107923886456316,0.33030832846959823,0.33030832846959823,0.0
6.525745266117156e-05,0.0003062856217184162,-9.250349967260263e-05,2.047657517323387e-06,0.0002016406797338277,-0.0006890594959259033,5.625,0.003591303713619709,-0.00015919283032417297,0.025874270126223564,0.17186060547828674,0.0,1432,1.3428719448062587,-2.3368583631125373e-05,0.01692829494356829,0.31211331345489146,0.31211331345489146,0.0
0.0001150817988673225,0.00025922632858055294,-8.382952864849358e-05,1.5211783193080919e-06,0.00016408099327236414,-0.0006889221258461475,5.46875,0.0035906899720430374,-0.0001236461102962494,0.02587374672293663,0.14401695132255554,0.0,1440,1.342908588923967,7.950290139011745e-05,0.014106533303930746,0.13500145866388502,0.13500145866388502,0.0
9.520567982690409e-05,0.0002585740689937666,0.0002177293326894869,1.302126179325569e-06,-0.00044014217564836144,-8.926471082304488e-07,5.40625,5.08413249917794e-05,0.00014979206025600433,1.2487209914979758e-06,0.1461944282054901,0.0,1448,1.342917124353808,4.937433911955669e-05,0.014107338487121979,0.12348207556867086,0.12348207556867086,0.0
-0.0006714506889693439,0.0003043566534870479,-8.369496970317414e-05,2.7093642529507633e-06,0.00013111581210978332,-0.000689188193064183,5.625,0.003590332344174385,-0.0002708025276660919,0.0258786603808403,0.17175553739070892,0.0,1456,1.343018063028178,-4.396380716033266e-05,0.01692830860133654,0.26237090478098046,0.26237090478098046,0.0
0.00022255026851780713,0.00025741228660081106,-0.00020270626350793464,3.035855570487911e-06,0.0003059685986954719,-0.0006889200885780156,5.46875,0.0035901686642318964,-6.863847374916077e-05,0.025873348116874695,0.14317509531974792,0.0,1464,1.3429962379316864,9.409587472418435e-05,0.014106762082406021,0.0985358872418538,0.0985358872418538,0.0
0.00032507875584997237,0.00025692473082017386,0.00026932744185614865,3.082833700318588e-06,-0.0004817227018065751,-9.620343917049468e-07,5.460937499999999,4.710204302682541e-05,0.0003366488963365555,3.2477814784215298e-06,0.14648661017417908,0.0,1472,1.343025303547799,3.483451945717614e-05,0.014108206190371675,0.20495650988016267,0.20495650988016267,0.0
-0.0003024995094165206,0.0003029036672614893,-8.307880915481292e-05,1.2401139883877477e-06,0.00010306836338713765,-0.0010328727075830102,5.65625,0.005361279938369989,-0.0002541393041610718,0.03881083056330681,0.17235863208770752,0.0,1480,1.3432348382667265,3.279327745084326e-05,0.016927935990906917,0.2991838018327657,0.2991838018327657,0.0
-1.251985304406844e-05,0.00025614606352064584,-0.0002019899602601072,1.6392411907872884e-06,0.00039438059320673347,-0.0006888859788887203,5.40625,0.003588874591514468,-7.115118205547333e-05,0.025873320177197456,0.14215931296348572,0.0,1488,1.3433365375429107,-3.250747002123133e-05,0.014107807588288779,0.08247514504479214,0.08247514504479214,0.0
0.00020337999740149826,0.00025584926652300055,0.0003583426296245307,2.3464870082534617e-06,-0.0006696629570797086,-9.183161751025182e-07,5.437499999999999,4.430201443028636e-05,0.0002975389361381531,3.1620961635780986e-06,0.14673402905464172,0.0,1496,1.3435166428054675,-2.3234554610271345e-05,0.014107861925140243,0.24074312157414335,0.24074312157414335,0.0
-0.00028128657140769064,0.0003020677404492744,-0.0003748490344150923,2.7510398012964288e-06,0.0005876079376321286,-0.0010329624637961388,5.65625,0.005358765833079815,-0.0004027392715215683,0.038809921592473984,0.1694938838481903,0.0,1504,1.3434205531242354,-3.336139546064598e-05,0.016928172729194557,0.4298136200390603,0.4298136200390603,0.0
0.0002281403576489538,0.00025542103389852855,0.00011552736214071047,1.8169301938542048e-06,-0.00022697047097608447,-0.0006888774805702269,5.40625,0.0035858461633324623,1.6938894987106323e-05,0.025873299688100815,0.1448960304260254,0.0,1512,1.3436464386563558,-3.657083640064288e-06,0.014107097227878285,0.3765253273308544,0.3765253273308544,0.0
3.1535234938928625e-06,0.00025526900049044343,5.257480842146833e-05,9.86225131782703e-07,-0.00010183191625401378,-7.684298566346115e-07,5.437499999999999,4.221648850943893e-05,-0.00013471394777297974,1.1459023880888708e-06,0.14465922117233276,0.0,1520,1.3436583734093506,3.1786425672641894e-05,0.014106694951664169,0.1449166565065665,0.1449166565065665,0.0
-0.00013367454812396318,0.0003016789905814221,-0.00010573402141744737,1.6912441651584231e-06,0.00019622597028501332,-0.0010329342912882566,5.65625,0.0053542619571089745,-3.003329038619995e-05,0.03881285712122917,0.1711188554763794,0.0,1528,1.343822256623621,-9.385778734598975e-05,0.016927827529627848,0.054576914524026576,0.054576914524026576,0.0
-9.386935562361032e-05,0.0002550349665852991,8.320579276510642e-05,9.314583166997181e-07,-0.0001531953748781234,-0.0006888244533911347,5.40625,0.0035821241326630116,1.492910087108612e-05,0.025873590260744095,0.14437735080718994,0.0,1536,1.3437386836344118,-3.310236925912341e-05,0.01410719132553595,0.11921734568245856,0.11921734568245856,0.0
5.014830094296485e-05,0.00025493910220575344,-3.522943370626309e-05,1.854442416515667e-06,2.3896689526736733e-05,-8.584905231145967e-07,5.437499999999999,4.0631945012137294e-05,5.804374814033508e-05,3.0078631425567437e-06,0.14375844597816467,0.0,1544,1.3438181984381181,8.09414573477163e-06,0.01410804353764661,0.0936597376601398,0.0936597376601398,0.0
0.0004690726927947253,0.000301465350048602,-4.009000929272588e-05,2.357616949666408e-06,6.374152144417167e-05,-0.0010329732904210687,5.65625,0.005349793005734682,0.00019537843763828278,0.03880983591079712,0.1723683476448059,0.0,1552,1.3438252694517132,8.792178847645549e-07,0.016927500102610793,0.022319795270540066,0.022319795270540066,0.0
0.0001824403298087418,0.0002547606397911295,5.337053698895033e-05,2.0205889086355455e-06,-9.558029705658555e-05,-0.0006888693897053599,5.40625,0.003578971838578582,1.1134892702102661e-05,0.02587321400642395,0.14447540044784546,0.0,1560,1.343850240404757,1.1305150666966399e-05,0.014107321383249882,0.051132908197041305,0.051132908197041305,0.0
-4.703828835772583e-06,0.0002546707451074326,-1.4135949129467919e-05,1.3051685527898371e-06,2.0218692952767015e-05,-7.301458708752762e-07,5.437499999999999,3.937183282687329e-05,-0.00017439015209674835,1.1689990060403943e-06,0.1436651051044464,0.0,1568,1.3439830781549544,-2.1833592628667246e-05,0.014107758748451714,0.060453797167505874,0.060453797167505874,0.0
8.849947334965691e-05,0.00030125081866572156,-6.469654005059056e-05,1.2312090120758512e-06,9.056521230377257e-05,-0.001032936736010015,5.65625,0.005346694495528936,4.6331435441970825e-05,0.03881014883518219,0.1722758710384369,0.0,1576,1.344032005962242,1.5993709128137024e-05,0.016927587080942885,0.018558492200881682,0.018558492200881682,0.0
8.969712507678196e-05,0.0002544793585457228,0.0001393974262100528,1.7482437897342606e-06,-0.00022936167079024017,-0.0006888221250846982,5.40625,0.0035768162924796343,0.00013340823352336884,0.025873485952615738,0.14509224891662598,0.0,1584,1.343944138380373,4.346399548771362e-06,0.014106874814387993,0.06909001751584021,0.06909001751584021,0.0
7.640718831680715e-05,0.00025438093098273384,-0.00016458804020658135,1.155598056357121e-06,0.00023989839246496558,-8.127217370201834e-07,5.437499999999999,3.8247413613134995e-05,-5.9194862842559814e-06,2.8201034183439333e-06,0.14321434497833252,0.0,1592,1.344040858704461,7.357017720133195e-05,0.014106906650567907,0.14715693213440217,0.14715693213440217,0.0
0.0003757858066819608,0.0003010010518664785,9.24786290852353e-05,1.273892735298432e-06,-0.0001518308708909899,-0.001032898435369134,5.65625,0.005344663746654987,0.00022709369659423828,0.038810405880212784,0.1734926551580429,0.0,1600,1.3439317764833265,1.2525133925252174e-05,0.01692713550644953,0.16328638527329586,0.16328638527329586,0.0
0.0001396334555465728,0.0002541807580200839,1.8913269457243583e-05,1.8281012899024063e-06,-2.3554632207378745e-05,-0.0006888618809171021,5.40625,0.003575191367417574,-5.786679685115814e-05,0.025873154401779175,0.1440161019563675,0.0,1608,1.343750118254086,-7.620525493891306e-06,0.014106690739481564,0.09755514471459459,0.09755514471459459,0.0
-3.454399120528251e-05,0.0002540819073146849,-8.426076271916827e-05,6.10548170243419e-07,0.00016156493802554905,-6.912507615197683e-07,5.437499999999999,3.713323894771747e-05,-0.00014445185661315918,1.0579850595604512e-06,0.14290542900562286,0.0,1616,1.3435590959435082,-4.296217810451433e-05,0.014106884571276622,0.020575563977779043,0.020575563977779043,0.0
1.6522564692422748e-05,0.00030075246763772157,5.7811851888800454e-05,9.649933190303273e-07,-0.0001185390865430236,-0.0010329067008569837,5.65625,0.005342849995940924,-2.7587637305259705e-05,0.03881038725376129,0.17328691482543945,0.0,1624,1.3437539129531557,2.295230386620273e-05,0.01692745176887911,0.0956419446555975,0.0956419446555975,0.0
1.5005651221144944e-05,0.00025389002553311,6.660157214355422e-05,1.6639399973428226e-06,-8.436237112618981e-05,-0.000688817526679486,5.40625,0.0035735871642827988,7.189065217971802e-05,0.02587343007326126,0.1441173255443573,0.0,1632,1.343760096862471,-4.168495622557111e-05,0.014107061185825387,0.07489818797352527,0.07489818797352527,0.0
-0.00015879770216997713,0.00025379795511071285,-0.00018366548101766966,2.1114435639901785e-06,0.00032504790578968823,-7.754299531370634e-07,5.437499999999999,3.599141928134486e-05,-0.00028981268405914307,2.7292028335068608e-06,0.14256060123443604,0.0,1640,1.3437458971190528,1.4135253016731021e-05,0.014107134957697554,0.06532037609135477,0.06532037609135477,0.0
0.00018759696104098111,0.0003005263645263767,0.000216323833228671,2.619043470986071e-06,-0.0003922308096662164,-0.0010329855140298605,5.65625,0.005340869538486004,0.00024163536727428436,0.03880979120731354,0.17463591694831848,0.0,1648,1.3438756695492828,3.292982936177816e-05,0.01692837033209571,0.21613349866163456,0.21613349866163456,0.0
3.1491421395912766e-05,0.00025361275038449094,-0.00011747275630114018,1.5684056506870547e-06,0.00020841730292886496,-0.000688782543875277,5.40625,0.003571868874132633,-0.00013147294521331787,0.025873687118291855,0.14309856295585632,0.0,1656,1.343962692755004,1.644334587557611e-05,0.01410638718385826,0.25406193239504415,0.25406193239504415,0.0
-3.7862599128857255e-05,0.0002535227013140684,-5.507605891352796e-05,7.89463740602514e-07,0.0001257469120901078,-7.557778758382483e-07,5.437499999999999,3.48035609931685e-05,-0.00014174357056617737,2.6815175715455553e-06,0.14392776787281036,0.0,1664,1.3441073009917996,5.8213207368373876e-05,0.014107165995653759,0.1315228388254216,0.1315228388254216,0.0
-0.00018612429266795516,0.00030030843163331156,0.00030480506393359974,3.9017868402879685e-06,-0.0004913877055514604,-0.001032950240187347,5.65625,0.005338943563401699,2.5622546672821045e-05,0.03880998492240906,0.17457333207130432,0.0,1672,1.3441324210626482,-6.184592932707844e-05,0.01692690290394694,0.0993166501782623,0.0993166501782623,0.0
-0.00011592732334975153,0.00025333717167086434,-0.00036984504185966216,4.061565960000735e-06,0.0006286291754804552,-0.0006888465140946209,5.40625,0.003570234403014183,-0.0006242617964744568,0.025873158127069473,0.1413782387971878,0.0,1680,1.3442468273653034,5.2365164562376276e-05,0.01410683257225287,0.31903909330385666,0.31903909330385666,0.0
0.00015856331447139382,0.0002532455430355185,0.0003383103394298814,1.5915604762994917e-06,-0.0005531958595383912,-6.376951091624505e-07,5.437499999999999,3.3601794712012634e-05,0.0003144163638353348,1.012536358757643e-06,0.14699044823646545,0.0,1688,1.3442164428379137,4.730267637745311e-05,0.014107051601342846,0.40938065299570886,0.40938065299570886,0.0
3.1296520319301635e-05,0.00030009025931576616,-0.00016207864609896205,1.0386138455942273e-06,0.0002968159969896078,-0.001032926724292338,5.65625,0.005337327718734741,-0.0001499280333518982,0.03881025314331055,0.1709209680557251,0.0,1696,1.3442580618730116,-4.949447064861445e-05,0.01692804720573804,0.3469135682698779,0.3469135682698779,0.0
-4.0527942474000156e-05,0.00025306473071395885,-1.5086795315255589e-05,7.885511195127037e-07,4.6328408643603325e-05,-0.0006888136849738657,5.40625,0.003568839281797409,-7.647275924682617e-05,0.025873396545648575,0.1433977633714676,0.0,1704,1.3441769700491468,-4.632370088499677e-05,0.014108057519536032,0.18373320626043782,0.18373320626043782,0.0
0.00014538316463585943,0.00025297865795437247,0.00021431228742585517,1.6687453125996399e-06,-0.000379046454327181,-6.215861390046484e-07,5.437499999999999,3.2436943001812324e-05,0.0002149883657693863,1.021477032736584e-06,0.14515210688114166,0.0,1712,1.344075047894405,-5.620199995085006e-05,0.0141071573290219,0.03088459293080137,0.03088459293080137,0.0
-0.00010145163832930848,0.0002998920911068126,-0.0003438520034251269,1.914947461045813e-06,0.0006146161467768252,-0.0010330642107874155,5.65625,0.005335960071533918,-0.0004064515233039856,0.038811590522527695,0.1699906289577484,0.0,1720,1.344228139737434,1.4788572086504859e-05,0.01692822834277763,0.24454929373457202,0.24454929373457202,0.0
0.00040467389044351876,0.0002528206878196216,0.0003541836522344966,2.5705271582410205e-06,-0.0006000065477564931,-0.0006888450589030981,5.40625,0.0035675668623298407,0.0004203822463750839,0.02587316371500492,0.14639180898666382,0.0,1728,1.3442664777208675,-4.170106972044286e-05,0.014106564412315946,0.3952977166594715,0.3952977166594715,0.0
-4.5614557166118175e-05,0.0002527511228436196,-0.00017411531371180902,9.261901254831173e-07,0.0002814117760863155,-6.059278234715748e-07,5.437499999999999,3.134308644803241e-05,-1.5944242477416992e-06,1.0207318155153189e-06,0.14270932972431183,0.0,1736,1.3442779969783996,2.8389637896350517e-05,0.014107435497379583,0.3811959147557226,0.3811959147557226,0.0
1.6124569810926914e-05,0.00029974471226523747,-0.00018178542086388916,9.832879186433274e-07,0.0003082535695284605,-0.001032976433634758,5.65625,0.00533461757004261,-0.00012290850281715393,0.038809873163700104,0.17118340730667114,0.0,1744,1.344308623109677,6.273241542287255e-06,0.01692725536582884,0.1682463065884609,0.1682463065884609,0.0
0.0003222667728550732,0.00025263415932386124,0.0004882553803327027,3.418841743041412e-06,-0.000797592627350241,-0.0006888427888043225,5.40625,0.0035662981681525707,0.0004971008747816086,0.025873083621263504,0.1476709395647049,0.0,1752,1.3443979078448565,-1.71101171844712e-05,0.01410696056129268,0.19885925756743705,0.19885925756743705,0.0
-0.000387977110221982,0.0002525861962112685,-0.0004989092303731013,4.400747911859071e-06,0.0008937474049162119,-6.852670821899665e-07,5.437499999999999,3.0322080419864506e-05,-0.0006940457969903946,2.578694193289266e-06,0.1404382884502411,0.0,1760,1.3445203369668297,6.474216338464568e-05,0.01410701854192098,0.5044995133661258,0.5044995133661258,0.0
0.00015736570640001446,0.0002996636781062989,0.00034666721694520675,1.253058712791244e-06,-0.0005579785211011767,-0.0010329902870580554,5.65625,0.005333150736987591,6.67087733745575e-05,0.03880985453724861,0.17588597536087036,0.0,1768,1.3445849814788031,6.469871522798987e-05,0.016928341683239978,0.5670231387495924,0.5670231387495924,0.0
-2.7229132683714852e-05,0.00025250402177334763,7.84327789915551e-05,1.6998424143821467e-06,-0.00012004299787804484,-0.0006888224161230028,5.40625,0.003564989659935236,-0.00013187341392040253,0.025873243808746338,0.1441810578107834,0.0,1776,1.3446761563912477,-3.756090998115885e-05,0.014106803896368092,0.3401046311522498,0.3401046311522498,0.0
-0.0002605999179650098,0.0002524744718357397,-0.00039437053055735305,2.7973160285910126e-06,0.0007339777075685561,-5.753608434133639e-07,5.437499999999999,2.9382727007032372e-05,-0.0005355887115001678,9.857139957603067e-07,0.14063912630081177,0.0,1784,1.3446882811895826,-1.099972935202087e-05,0.014107377677731847,0.0853936938788365,0.0853936938788365,0.0
-8.027270087040961e-05,0.00027605793479779095,0.0005313857473083772,4.172239187028026e-06,-0.0008210820087697357,-0.0010331192752346396,5.65625,0.0053316024132072926,0.00034134089946746826,0.03881125897169113,0.18488523364067078,0.0,1792,1.3447948282771778,-0.00010732554884745893,0.01692889928619934,0.4468488212899102,0.4468488212899102,0.0
-0.00024569270317442715,0.00025258235928049544,-0.0003471783238637726,1.690514409347088e-06,0.0005598623247351497,-0.0006888324278406799,5.40625,0.003563723061233759,-0.0002844966948032379,0.025873277336359024,0.1411922574043274,0.0,1800,1.34462814267985,1.351780443703543e-05,0.014106754107331199,0.5482054224557338,0.5482054224557338,0.0
8.527926183887757e-06,0.00025270405444643984,9.891362083180866e-06,3.4970139495271724e-07,-3.767100861296058e-05,-5.711480071113328e-07,5.437499999999999,2.912057789217215e-05,3.086775541305542e-05,9.87204089142324e-07,0.14431245625019073,0.0,1808,1.3447269298599678,4.8406071649076385e-05,0.014107672428025353,0.3526556377164253,0.3526556377164253,0.0
-0.00019015910220332444,0.000300076602570698,0.00035514153205440385,1.940707761605154e-06,-0.000543839851161465,-0.0010330069344490767,5.65625,0.005329994950443506,0.0001424252986907959,0.03881000727415085,0.17515960335731506,0.0,1816,1.3448801635136236,-3.222010688075372e-05,0.01692707342621702,0.0163006359276609,0.0163006359276609,0.0
-5.5654112657066435e-05,0.00025291102792834863,-0.0005474164609040599,1.897643414849881e-06,0.0008586445183027536,-0.0006888721254654229,5.40625,0.003562680911272764,-0.00031973421573638916,0.025873051956295967,0.13970811665058136,0.0,1824,1.3449765173318735,2.4720921742209245e-05,0.014107489668049313,0.3443626289423489,0.3443626289423489,0.0
0.000269299722276628,0.00025300258039351325,0.0005239623606030364,3.7121394598216284e-06,-0.0008352889853995293,-5.698094014405797e-07,5.437499999999999,2.8960010240552947e-05,0.0004695374518632889,9.968898666556925e-07,0.1483467072248459,0.0,1832,1.344900573517282,3.42423892446264e-05,0.01410785296562267,0.5395838123570477,0.5395838123570477,0.0
0.00019714402151294053,0.0003004250886533555,-0.00023763344597682592,1.8103379488820792e-06,0.00033394576166756446,-0.0010330285876989365,5.65625,0.005328561179339886,-0.00014217756688594818,0.038809988647699356,0.17106342315673828,0.0,1840,1.345020982542214,5.074517442470866e-05,0.016927500090162084,0.5012872421752169,0.5012872421752169,0.0
-2.9769944376312196e-05,0.0002531611528411304,-0.00015784489005454816,1.5513844573433744e-06,0.00022049210383556783,-0.0006888624629937112,5.40625,0.0035616187378764153,-0.0001607406884431839,0.025873221457004547,0.14330019056797028,0.0,1848,1.3450597719722737,9.116054681043012e-05,0.014106675738332798,0.22078294619822877,0.22078294619822877,0.0
0.0003246022097300738,0.0002532336418425984,0.0004520107540884055,2.1365237898862688e-06,-0.0007478522311430424,-6.519240969282691e-07,5.437499999999999,2.8575497708516195e-05,0.00039211101830005646,2.4572455004090443e-06,0.14785447716712952,0.0,1856,1.345046060330253,4.675083754396292e-05,0.014108021879508215,0.16254892252298225,0.16254892252298225,0.0
-0.000440149538917467,0.000300731494462525,-0.0004558448963507544,2.9185735002101865e-06,0.0006887440977152437,-0.0010330809745937586,5.65625,0.005327038001269102,-0.0003501288592815399,0.03880979120731354,0.1685888022184372,0.0,1864,1.3451332485315972,-4.30878213495689e-05,0.016929060694110376,0.44144396425022603,0.44144396425022603,0.0
0.00014259312592912465,0.0002533698623210512,0.00016611022965662414,1.5335343732658657e-06,-0.00028488482348620897,-0.0006888816715218127,5.40625,0.003560391953215003,0.00012680701911449432,0.025873258709907532,0.14484694600105286,0.0,1872,1.3452046080124,-3.8704356362675996e-05,0.014106682454354313,0.4318591128815036,0.4318591128815036,0.0
7.949391874717548e-05,0.00025343871607219626,0.00014082320831221296,7.747729000584513e-07,-0.00019519621855579317,-6.425534024856461e-07,5.437499999999999,2.800977927108761e-05,5.5704265832901e-05,2.4326575385202887e-06,0.14410217106342316,0.0,1880,1.3453220950828528,-0.00010614919172297066,0.014107268547888905,0.17944289630084195,0.17944289630084195,0.0
-0.00040823419112712145,0.0003010356272170611,-0.0003324398312543053,1.6153414890140994e-06,0.0005016641225665808,-0.0010331091471016407,5.65625,0.005325326230376959,-0.0003668311983346939,0.03880973160266876,0.16993360221385956,0.0,1888,1.3453901924085243,5.665783157485227e-06,0.016927604426257403,0.12543827858265083,0.12543827858265083,0.0
0.0001554140035295859,0.000253576845580028,0.00044041327419108706,2.1623695829475764e-06,-0.0005898073723074049,-0.0006888680509291589,5.40625,0.00355900009162724,0.00038142129778862,0.025873398408293724,0.14674809575080872,0.0,1896,1.3455048495194277,-7.615609865685435e-05,0.014106272729094371,0.3190826832674815,0.3190826832674815,0.0
-0.000250641955062747,0.00025364739030919736,-0.0003663734023575671,2.8789756925107213e-06,0.0005826679116580635,-6.290901524153014e-07,5.437499999999999,2.7339781809132546e-05,-0.00046841055154800415,2.381992317168624e-06,0.1407707780599594,0.0,1904,1.3455462362783135,-1.67050118234785e-05,0.014107506765043354,0.395861764541116,0.395861764541116,0.0
0.0002222727343905717,0.0003013586347151431,0.00021902553180552786,5.774234637101472e-07,-0.0003539705066941679,-0.001033167471177876,5.65625,0.00532347708940506,0.00010717473924160004,0.038809508085250854,0.17454475164413452,0.0,1912,1.345464117783659,3.290726781615683e-05,0.01692789873112588,0.36378286733759846,0.36378286733759846,0.0
0.0001949813449755311,0.0002537988950734871,-2.0275869587749185e-05,9.711135362522327e-07,-9.158393368124962e-06,-0.0006889126962050796,5.40625,0.003557508811354637,6.053410470485687e-05,0.02587316930294037,0.1442471444606781,0.0,1920,1.3454728967863268,7.54109163119028e-05,0.014107294704558626,0.2152073197508844,0.2152073197508844,0.0
-5.7080913393292576e-05,0.00025388528479197703,-0.00018163703134632672,8.325233125106024e-07,0.00024176767328754065,-6.185319421092572e-07,5.437499999999999,2.662788756424561e-05,-8.40499997138977e-05,2.368580226175254e-06,0.14285631477832794,0.0,1928,1.3455344057617422,6.201848071729632e-05,0.014108367422863921,0.014090269643652398,0.014090269643652398,0.0
0.00018453826487530023,0.00030173691800428054,0.00027512592896528076,8.749391327000922e-07,-0.0003981606278102845,-0.0010331756202504039,5.65625,0.0053215413354337215,0.00019889138638973236,0.03880973905324936,0.17480510473251343,0.0,1936,1.3457049409603603,1.0199452892198368e-05,0.016928021440833163,0.16172907787056753,0.16172907787056753,0.0
0.00018545333296060562,0.0002540780704975987,-0.00025783859382499935,1.5113294011825928e-06,0.0003939559974242002,-0.0006889565847814083,5.40625,0.003555956296622753,-0.0001424849033355713,0.02587297186255455,0.14179189503192902,0.0,1944,1.3456395587526282,6.402517072068299e-06,0.014106770990764517,0.2515525417155555,0.2515525417155555,0.0
0.0001475178578402847,0.00025418703899049433,0.00020462265820242465,1.4138435062704957e-06,-0.00030683138174936175,-6.057071004761383e-07,5.437499999999999,2.594313809822779e-05,0.0001437850296497345,2.3238753783516586e-06,0.14550670981407166,0.0,1952,1.3456942804601075,9.241156611300427e-06,0.01410721889345723,0.2547416064403918,0.2547416064403918,0.0
-1.047352998284623e-05,0.000302195355288859,-9.081968124746709e-05,9.845726935964194e-07,0.0001502139202784747,-0.0010331852827221155,5.65625,0.005319457501173019,-0.00010223314166069031,0.03880990669131279,0.17138713598251343,0.0,1960,1.3457328377645528,-4.856514015280643e-05,0.01692795577923789,0.19436794267304786,0.19436794267304786,0.0
-0.000162854150403291,0.0002544354249494063,-2.5169707669192576e-05,9.287147690884012e-07,5.529948975890875e-05,-0.0006889564101584256,5.40625,0.0035542952828109264,-0.00018688291311264038,0.02587316930294037,0.14309746026992798,0.0,1968,1.3458443658249797,-6.115250484561158e-05,0.01410770784769966,0.08967914654149939,0.08967914654149939,0.0
8.493759378325194e-05,0.00025457795800321037,0.00010153433277082513,6.673693064840336e-07,-0.00013569460134021938,-5.104351998852508e-07,5.437499999999999,2.5298471882706508e-05,8.26418399810791e-05,9.164232892544533e-07,0.14442597329616547,0.0,1976,1.3459192836950034,-2.1436822954620793e-05,0.01410816748617094,0.029222135137708605,0.029222135137708605,0.0
7.496632315451279e-05,0.0003027684454082191,-0.00014974717487348244,1.0309790923201945e-06,0.00020765644148923457,-0.001033341744914651,5.65625,0.005317099392414093,-0.00015063956379890442,0.03881107270717621,0.17152389883995056,0.0,1984,1.3460334977167714,2.776508298502761e-05,0.01692953213682813,0.08772981607646058,0.08772981607646058,0.0
-1.4806573744863272e-06,0.0002548994772268997,0.0002099655775964493,1.7568497696629493e-06,-0.00030017373501323164,-0.0006889881915412843,5.40625,0.0035524433478713036,0.00012665614485740662,0.025873132050037384,0.1448381245136261,0.0,1992,1.346008691036206,-7.779525484281902e-05,0.014107518913107242,0.13945059513103497,0.13945059513103497,0.0
-0.00015229459677357227,0.0002550820129272324,-0.000259681652096333,1.0432538601889974e-06,0.0003973191196564585,-5.853217999174376e-07,5.437499999999999,2.4728688003960997e-05,-0.0002161916345357895,2.2732092475052923e-06,0.14167724549770355,0.0,2000,1.3459950819864677,-3.6533345646322362e-06,0.014108444273801979,0.20305642549031927,0.20305642549031927,0.0
