Loss,PolicyLoss,ObjectEntropy,Step,TemplateEntropy,TemplateLoss,TotalStepsPerEpisode,ValueLoss,PolicyObjLoss,PolicyTemplateLoss,Advantage,ObjectLoss,Value,Valid,EntropyLoss,StepsPerSecond,EpisodeScore,ClippedGradNorm,UnclippedGradNorm
26.42209815979004,-0.17011316120624542,0.19684939831495285,8,0.1664909776300192,1.423193335533142,4.5,0.007875809445977211,-0.1313817547634244,-0.14623448904603722,-0.028229374438524246,1.6698713302612305,0.05948443524539471,0.0,-0.010899810120463371,0.4822184072039864,,,
32.418067932128906,0.7444775104522705,0.1957132164388895,16,0.16619233042001724,1.2796623706817627,8.390625,0.1727844476699829,0.49657436832785606,0.5664675012230873,0.11806197464466095,1.4735608100891113,-0.2276406567543745,0.0,-0.010856491513550282,0.7439952161772286,0.0,59.14900568686426,59.14900568686426
22.153017044067383,0.027757219970226288,0.19159628078341484,24,0.1652621552348137,0.7050122618675232,10.75,0.002749921288341284,0.08986791456118227,0.09871518611907958,0.00855916179716587,0.8453068733215332,-0.03968341671861708,0.0,-0.01071102637797594,0.8981793084625876,0.0,129.9445382580161,164.22864827141166
16.1671085357666,-0.10736867785453796,0.17850434593856335,32,0.1619893666356802,1.0272729396820068,12.0625,0.003997428342700005,-0.059819452464580536,-0.07350515760481358,-0.021586736664175987,1.1080037355422974,0.0311266859062016,0.0,-0.010178297758102417,0.9963994938008901,0.0,51.464393980568275,51.464393980568275
14.831014633178711,-0.15546634793281555,0.1417294628918171,40,0.14977560751140118,0.9428573846817017,11.1640625,0.010321956127882004,-0.11069104168564081,-0.13612899184226987,-0.03676190972328186,1.2208030223846436,0.06323317717760801,0.0,-0.00862706545740366,1.0721666687798288,0.0,50.55093609075993,50.55093609075993
13.87045669555664,-0.10829105228185654,0.08804250787943602,48,0.10574895609170197,0.5198380947113037,10.921875,0.00652356306090951,-0.05259647872298956,-0.08507002703845501,-0.02649262733757496,1.3570327758789062,0.05235887784510851,0.0,-0.005994119215756655,1.1242517823612515,0.0,55.60854235757142,55.60854235757142
14.604790687561035,-0.0037240684032440186,0.05838838638737798,56,0.06644197832792997,0.6684746146202087,7.84375,0.00032449644641019404,-0.00400565771269612,-0.0061121529433876285,-0.0029046619310975075,1.15529465675354,0.0052633960149250925,0.0,-0.0037919103633612394,1.176052499059107,0.0,50.34426736086607,50.34426736086607
8.079376220703125,0.060359932482242584,0.05022389441728592,64,0.06570012774318457,0.5311243534088135,5.250000000000001,0.004460271913558245,0.023747817846015096,0.03489046171307564,0.022889671847224236,0.4221651554107666,-0.03660145681351423,0.0,-0.0034253462217748165,1.2228883993172683,0.0,42.03341652220115,42.03341652220115
7.626492977142334,0.03017146699130535,0.042293363716453314,72,0.058624076656997204,0.5170382261276245,5.90625,0.0041160620748996735,0.020981316221877936,0.03644019830971956,0.0222574844956398,0.5986524820327759,-0.04075266048312187,0.0,-0.0030618885066360235,1.2612522576910346,0.0,33.00928621459752,33.00928621459752
6.294594764709473,0.01513897068798542,0.033193293027579784,80,0.06125413440167903,0.6111717820167542,5.5625,0.0011595857795327902,0.003723516609170474,0.014186523738317193,0.01011613942682743,0.11061796545982361,-0.01532311353366822,0.0,-0.002872887533158064,1.2919242880972397,0.0,62.19392731413245,62.19392731413245
6.600674152374268,-0.010733826085925102,0.02422988205216825,88,0.06362208724021912,0.5231102108955383,5.03125,0.0008064406574703753,-0.003031582004041411,-0.017185056698508564,-0.008189156651496887,0.4281178116798401,0.01827371492981911,0.0,-0.0026118983514606953,1.3206839696197434,0.0,44.56865820195526,44.56865820195526
6.6137590408325195,-0.015550757758319378,0.018870191182941195,96,0.05912124644964934,0.5065625905990601,5.90625,0.0017068266170099378,-0.005667141173034906,-0.025330630596727133,-0.011985501274466515,0.7095087766647339,0.02880430454388261,0.0,-0.0023755051661282778,1.3450870934584076,0.0,26.151455680141225,26.151455680141225
5.572973728179932,-0.01143265888094902,0.015199791756458582,104,0.06237637391313911,0.6060519814491272,5.5625,0.0013104963582009077,-0.004789811166119762,-0.019156146328896284,-0.01076673623174429,0.045498959720134735,0.019591568037867546,0.0,-0.0023341320920735598,1.3644295303063065,0.0,53.607126077171415,53.607126077171415
6.840380668640137,0.0015843369765207171,0.01284804823808372,112,0.06401763018220663,0.5177603363990784,5.03125,9.148053504759446e-05,0.00020762296523457735,0.0008870732199284248,0.001585034653544426,0.4731285572052002,-0.001214773626998067,0.0,-0.0023015157785266638,1.3836613528580326,0.0,37.84596185875125,37.84596185875125
6.850864887237549,0.005518049467355013,0.012501465040259063,120,0.06011195853352547,0.5013128519058228,5.90625,0.000983848818577826,0.0013874401429347927,0.015822928049601614,0.009397248737514019,0.7554044723510742,-0.017461684299632907,0.0,-0.0021958083380013704,1.400024772923445,0.0,19.469504622975364,19.469504622975364
5.883735179901123,0.019564397633075714,0.01253910211380571,128,0.062411544378846884,0.5976052284240723,5.5625,0.001953280530869961,0.002019317624217365,0.02236387925222516,0.01433764398097992,0.0397956520318985,-0.022917988710105423,0.0,-0.002283578971400857,1.41214540624043,0.0,49.88694319338538,49.88694319338538
6.7134833335876465,0.005603983998298645,0.013742585782893002,136,0.06429571565240622,0.5150596499443054,5.03125,0.0014338737819343805,0.0015589249187542007,0.008952510775998235,0.00833117589354515,0.4379056990146637,-0.010049559467006475,0.0,-0.0023248258512467146,1.4245846340269568,0.0,41.14195253403159,41.14195253403159
6.377378940582275,-0.005225019063800573,0.01577183452900499,144,0.06253034947440028,0.48186129331588745,5.90625,0.0006669636932201684,-0.0017051366730811424,-0.002685839448531624,-0.0009879693388938904,0.6841612458229065,0.002629083930514753,0.0,-0.002372089074924588,1.4379529271871345,0.0,18.86235029483214,18.86235029483214
5.653951168060303,-0.006928655318915844,0.01647187420167029,152,0.061754015274345875,0.606155514717102,5.5625,0.0007771154050715268,-0.001756765948812245,-0.010724027059040965,-0.004745506681501865,0.062457166612148285,0.01121761288959533,0.0,-0.0024117203429341316,1.4475704832215772,0.0,26.144341758452356,26.144341758452356
6.2992658615112305,-0.010099227540194988,0.01796263246797026,160,0.064173623919487,0.5154910087585449,5.03125,0.0007423335919156671,-0.00719574049799121,-0.016939923400059342,-0.009032388217747211,0.3875887989997864,0.01733814156614244,0.0,-0.0024375745560973883,1.4562027427521083,0.0,37.22999752080068,37.22999752080068
6.025934219360352,-0.012816795147955418,0.01907508436124772,168,0.06415054574608803,0.4698106050491333,5.90625,0.0006351511692628264,-0.003282343353930628,-0.015231349389068784,-0.008433112874627113,0.5849445462226868,0.015557525213807821,0.0,-0.002545908559113741,1.4651207866163944,0.0,20.885016876389273,20.885016876389273
5.496429443359375,-0.009265821427106857,0.01629662385676056,176,0.06287646014243364,0.59466552734375,5.5625,0.000267249095486477,-0.0027213296161789913,-0.008404194435570389,-0.004338112659752369,0.07033397257328033,0.009093009808566421,0.0,-0.0024712737649679184,1.4726678241678068,0.0,19.366714682604652,19.366714682604652
6.293787479400635,-0.0010085770627483726,0.016971698496490717,184,0.06300866976380348,0.525527834892273,5.03125,0.0005003169062547386,-0.0004871646049195988,0.0004481608993955888,0.0020647114142775536,0.3452126979827881,-0.0008526676974724978,0.0,-0.0023390736896544695,1.4793192540076334,0.0,30.650980978505686,30.650980978505686
5.979189395904541,-0.0035820025950670242,0.015842733904719353,192,0.06447348184883595,0.4685215651988983,5.90625,0.0020520412363111973,0.0008211219656004687,0.009464367409236727,0.0071141403168439865,0.510301947593689,-0.010326253075618297,0.0,-0.0025068107061088085,1.4854194734794957,0.0,24.751512310816906,24.751512310816906
5.414980888366699,0.007827349938452244,0.011284267297014592,200,0.0642682146281004,0.5851937532424927,5.5625,0.0005472563207149506,0.0005118032447626318,0.011952354630921036,0.008125904947519302,0.04751325026154518,-0.012194230337627232,0.0,-0.00232345936819911,1.4901814110720852,0.0,15.6088242213591,15.6088242213591
6.012560844421387,-0.009419907815754414,0.014325950178317726,208,0.06363728363066912,0.5262571573257446,5.03125,0.0004846595402341336,-0.0007510948480558,-0.007925159414298832,-0.006823644042015076,0.28225356340408325,0.008199971402063966,0.0,-0.0023257406428456306,1.4960773199730588,0.0,20.92746805161005,20.92746805161005
5.602353096008301,-0.01007724180817604,0.013100866577588022,216,0.0637737512588501,0.47489529848098755,5.90625,0.0006498207803815603,-0.0018194803215010324,-0.017761714872904122,-0.007877610623836517,0.4306653141975403,0.01859441609121859,0.0,-0.0025298537220805883,1.5023892769354616,0.0,25.36680933041498,25.36680933041498
5.081771373748779,-0.0003889432700816542,0.009265780507121235,224,0.06443784292787312,0.5848950147628784,5.5625,3.36676457663998e-05,-0.0009124788920757965,-0.001923192481626757,-0.0001254454255104065,0.033017534762620926,0.0019455027650110424,0.0,-0.0022145092952996492,1.5065478752303567,0.0,33.154019654146396,33.154019654146396
5.852107048034668,0.003954662475734949,0.012506786733865738,232,0.064352473244071,0.5165868997573853,5.03125,0.002226265612989664,-0.0016834237280818343,0.016721889143809676,0.011414256878197193,0.22874802350997925,-0.01770240510813892,0.0,-0.0024014890659600496,1.5114950093188806,0.0,9.430660850543063,9.430660850543063
5.365847587585449,-0.008408961817622185,0.011807141359895468,240,0.06382408551871777,0.4744500517845154,5.90625,0.001150848693214357,-0.0012213563416025863,0.0003947438017348759,-0.0003219638019800186,0.3467535376548767,-0.0005750085256295279,0.0,-0.002668272703886032,1.5149580633050266,0.0,34.93060832330957,34.93060832330957
4.81787633895874,-0.014653949998319149,0.007960746763274074,248,0.06414424441754818,0.5865914821624756,5.5625,0.0013264846056699753,-0.0018185816261393484,-0.022909539635293182,-0.011844117194414139,0.02025441639125347,0.022979910485446453,0.0,-0.002123675076290965,1.5184595076901914,0.0,19.944556773407385,19.944556773407385
5.317337512969971,-0.0032246485352516174,0.01397852407535538,256,0.06483694445341825,0.5133823156356812,5.03125,0.001494578318670392,-0.002262062772388162,0.005690659294486978,0.004512886516749859,0.1845519244670868,-0.0065380829910282046,0.0,-0.0025034190621227026,1.5223083486139402,0.0,41.39423485111911,41.39423485111911
5.30730676651001,-0.005670278333127499,0.011862233805004507,264,0.06449016463011503,0.4699656665325165,5.90625,0.0036893989890813828,-0.0016828043007990348,0.016000627947505563,0.010088704526424408,0.2916747033596039,-0.01701251149643213,0.0,-0.0028375275433063507,1.5250126743608023,0.0,13.586943035945296,13.586943035945296
4.8065924644470215,-0.008336886763572693,0.006533945648698136,272,0.06399210263043642,0.5884513854980469,5.5625,0.0005674286512658,-0.0012661819091590587,-0.014839241048321128,-0.007814064621925354,0.01037727203220129,0.014999936916865408,0.0,-0.002033773809671402,1.527721077125614,0.0,33.792514945263974,33.792514945263974
5.095896244049072,-0.014921464957296848,0.013170016696676612,280,0.06477623805403711,0.515291690826416,5.03125,0.0007177236257120967,-0.00290701401354454,-0.01113412721315399,-0.007490502670407295,0.17234990000724792,0.011280781356617808,0.0,-0.00250896904617548,1.5313788019537065,0.0,34.77149949267914,34.77149949267914
5.176896095275879,-0.004114603623747826,0.010777940056868829,288,0.06497176643460989,0.46710383892059326,5.90625,0.002380615333095193,-0.0022108902498985117,0.011881777230883017,0.009088510647416115,0.28520625829696655,-0.013262413383927196,0.0,-0.0028845833148807287,1.5341309216861485,0.0,20.439126802055398,20.439126802055398
4.873255729675293,0.0010087896371260285,0.0052950507088098675,296,0.0643189614638686,0.5854307413101196,5.5625,2.7405634682509117e-05,-0.0005561553444408673,0.0006378697435138747,0.0003269799053668976,0.005042760632932186,-0.0007781892782077193,0.0,-0.0019896223675459623,1.5357577020789197,0.0,24.65641911889543,24.65641911889543
5.0742292404174805,-0.011763243936002254,0.01232564280508086,304,0.06466793920844793,0.516230583190918,5.03125,0.0008750443812459707,-0.0014490006972209812,-0.016397117637097836,-0.010083085857331753,0.17336995899677277,0.016919999266974628,0.0,-0.0025083106011152267,1.5387462500050686,0.0,13.52077205941896,13.52077205941896
5.118746757507324,-0.0063968319445848465,0.010024914954556152,312,0.06503714714199305,0.4672583341598511,5.90625,0.0008318595355376601,-0.0013077960504688235,0.0064694955508457505,0.0038892989978194237,0.2892441153526306,-0.006739730801200494,0.0,-0.0029043802060186863,1.541268319921677,0.0,33.904996618570294,33.904996618570294
4.900146484375,0.006213692482560873,0.004633157906937413,320,0.06473683938384055,0.5825991034507751,5.5625,0.00030639514443464577,-0.0009079899656398994,0.009045028069522232,0.005583613179624081,0.0023141643032431602,-0.009122581279370934,0.0,-0.00196851952932775,1.543832152546109,0.0,17.42386455007363,17.42386455007363
5.043935775756836,-0.00891986582428217,0.012293596308154521,328,0.06481506489217281,0.5157344341278076,5.03125,0.0011051362380385399,-0.000712280715788438,-0.018388062249869108,-0.012035645544528961,0.17116840183734894,0.019024866400286555,0.0,-0.0025336078833788633,1.5458918232402659,0.0,20.825822644808795,20.825822644808795
5.092132091522217,-0.0011606598272919655,0.010134069962077774,336,0.06484171841293573,0.46889883279800415,5.90625,0.00016388011863455176,-0.000308445880364161,0.004388577050121967,0.0016987500712275505,0.2798455059528351,-0.004690662812208756,0.0,-0.002948072971776128,1.548613367978718,0.0,38.45031310088234,38.45031310088234
4.93199348449707,0.007888763211667538,0.00457133777672425,344,0.064849141985178,0.581756591796875,5.5625,0.00048808869905769825,0.00016400278866512963,0.013957242830656469,0.007538856938481331,0.001221545971930027,-0.014122581342235206,0.0,-0.0019574782345443964,1.5503554755638467,0.0,16.473735162464436,16.473735162464436
5.020230770111084,0.0035480502992868423,0.012916592200781452,352,0.06513205450028181,0.5144202709197998,5.03125,0.0017483195988461375,0.0013596444567838262,-0.017907496367115527,-0.012578940019011497,0.16356892883777618,0.01924989535473287,0.0,-0.002575055230408907,1.5520475529635311,0.0,25.240910816144606,25.240910816144606
5.062488555908203,0.006559757981449366,0.010644901307387045,360,0.0650118300691247,0.46777188777923584,5.90625,0.0002637443831190467,0.001071066724378511,0.0028788909694412723,0.0032178014516830444,0.2697345018386841,-0.002762032803730108,0.0,-0.0030337870121002197,1.5544494621865896,0.0,38.36426251333614,38.36426251333614
4.970698356628418,0.010783644393086433,0.004711842968390556,368,0.06481906305998564,0.5824268460273743,5.5625,0.0008965228917077184,0.00032729240643902813,0.01855908997822553,0.010042799636721611,0.000788921897765249,-0.018694770289584998,0.0,-0.0019493100699037313,1.555954362072837,0.0,11.49835094709124,11.49835094709124
4.995114326477051,-0.002953242277726531,0.01370449428941356,376,0.06554925721138716,0.5126088857650757,5.03125,0.0020369249396026134,0.0017107652816434893,-0.017087342101149264,-0.01221064105629921,0.1593495011329651,0.018133448902517557,0.0,-0.0026468271389603615,1.5579987060000002,0.0,35.51435753131955,35.51435753131955
4.996366500854492,0.007021114230155945,0.011302066195639782,384,0.06541954353451729,0.4674037992954254,5.90625,0.0005684052594006062,0.0013645393376435775,-0.0031804238678887486,-0.0015639839693903923,0.2637525796890259,0.003530516871251166,0.0,-0.0031484265346080065,1.5603022382869156,0.0,33.701265048002824,33.701265048002824
5.011051654815674,0.013725453056395054,0.004952269973728107,392,0.06487645860761403,0.582904577255249,5.5625,0.0014091385528445244,0.00039105813942796885,0.022330741630867124,0.012967051938176155,0.0005866836290806532,-0.02227750769816339,0.0,-0.001944904332049191,1.5612046809975781,0.0,13.983136929833563,13.983136929833563
4.995540142059326,-0.001106106210500002,0.014708984665048773,400,0.06590244174003601,0.5124112367630005,5.03125,0.0006758749950677156,0.0007124148193042856,-0.011748344753868878,-0.008290626108646393,0.15624724328517914,0.012390400865115225,0.0,-0.0027039942797273397,1.5631423905399666,0.0,44.681415937579004,44.681415937579004
4.897648334503174,-0.0002560545690357685,0.012231435612193309,408,0.06614402774721384,0.4665933847427368,5.90625,0.000606415793299675,0.0005256376037436894,-0.013153172971215099,-0.007670719176530838,0.25757482647895813,0.013741260394454002,0.0,-0.0032809306867420673,1.5650478461023887,0.0,22.330484410573263,22.330484410573263
4.95939826965332,0.011052279733121395,0.005378127385483822,416,0.0651036137714982,0.583041787147522,5.5625,0.0009356971131637692,-0.0001668199990092489,0.01849399879574776,0.009842392057180405,0.0004895508754998446,-0.018547633197158575,0.0,-0.0019430326065048575,1.5659803564351567,0.0,28.35168055287795,28.35168055287795
5.04570198059082,-0.0023347907699644566,0.016101518454888723,424,0.0670825308188796,0.5119983553886414,5.03125,4.869909753324464e-05,-0.0011289501698499296,0.0008707598390174098,-7.44648277759552e-05,0.15163739025592804,-0.0011082312412327155,0.0,-0.0028310981579124928,1.566516799516315,0.0,38.75320044410182,38.75320044410182
4.85459566116333,-0.0019914289005100727,0.013354002776395646,432,0.06696881726384163,0.46509629487991333,5.90625,0.0004427085514180362,-0.00021303535635297521,-0.014957404113374652,-0.007185647264122963,0.2502965033054352,0.01555031631141901,0.0,-0.0034836232662200928,1.568145018765171,0.0,5.176568266062532,5.176568266062532
4.789115905761719,0.0018814170034602284,0.005819553645778797,440,0.06615891121327877,0.5825714468955994,5.5625,4.364422056823969e-05,-0.00028249074388142503,0.0018084649163938593,0.0016887038946151733,0.0004434121656231582,-0.0018956695857923478,0.0,-0.001944280695170164,1.5692560098259107,0.0,28.663739541574614,28.663739541574614
5.103928565979004,0.00034614745527505875,0.017559878400788872,448,0.07086633518338203,0.5105838179588318,5.03125,0.0006355856894515455,-0.0009276781359517372,0.010710917820688337,0.006771299056708813,0.14763765037059784,-0.011804486042819917,0.0,-0.003031595377251506,1.5704327868871641,0.0,8.68726925404917,8.68726925404917
4.906952857971191,-0.0011949586914852262,0.014473325054495946,456,0.07124726101756096,0.45965439081192017,5.90625,1.7465757991885766e-05,-0.0004146606703088196,-0.0022666127697448246,-0.0008009457960724831,0.24374914169311523,0.0021876107348361984,0.0,-0.00404250156134367,1.5717262020685778,0.0,22.985937460151035,22.985937460151035
4.658089637756348,-0.008096873760223389,0.0062660169205628335,464,0.0680574718862772,0.5822775959968567,5.5625,0.0004989169538021088,-0.001308057006724539,-0.012706835404969752,-0.0077142659574747086,0.0004443606303539127,0.012722332496196032,0.0,-0.0019465653458610177,1.5725396501407822,0.0,4.394606732385,4.394606732385
5.035229682922363,0.001753042684867978,0.018899584643804698,472,0.07590561453253031,0.5076479911804199,5.03125,0.00010118202771991491,-0.00017546726618888897,0.0060735251172445714,0.0032230792567133904,0.1439189910888672,-0.0062450203113257885,0.0,-0.0033956149127334356,1.5737029891581507,0.0,24.28657478997775,24.28657478997775
5.011967658996582,0.004104881081730127,0.01557486800084007,480,0.07407335843890905,0.4569767117500305,5.90625,0.00029954296769574285,6.468868696174468e-05,0.01190107938600704,0.005695692263543606,0.2378450483083725,-0.011726508499123158,0.0,-0.00441761827096343,1.5749408388018746,0.0,13.728626374679152,13.728626374679152
4.7079057693481445,-0.00443396158516407,0.0067336558204260655,488,0.0686022350564599,0.581998348236084,5.5625,0.00015963395708240569,0.0002536769790424387,-0.006006283190799877,-0.004206344485282898,0.00046755728544667363,0.006756911869160831,0.0,-0.0019513953011482954,1.5752307551582383,0.0,20.03711285191821,20.03711285191821
4.950209617614746,0.004744270350784063,0.020181855890768933,496,0.07653633039444685,0.5072186589241028,5.03125,0.0006038391147740185,0.0015030657958163829,-0.004231214988976717,-0.005437782965600491,0.14093725383281708,0.007000165933277457,0.0,-0.0034668399021029472,1.5760492734308118,0.0,13.163130673347041,13.163130673347041
4.966361045837402,0.011928870342671871,0.01646693254042475,504,0.07419762574136257,0.4570807218551636,5.90625,0.00024940280127339065,0.0007145056883786083,0.0074066686211153865,0.002706121653318405,0.233493834733963,-0.005832598311826587,0.0,-0.004514061845839024,1.5771136112464947,0.0,15.21151556877885,15.21151556877885
4.827608108520508,0.004878799896687269,0.007062818651320412,512,0.06867608241736889,0.5821855664253235,5.5625,0.00018692090816330165,0.00021796998343859286,0.009324771352112293,0.004273179918527603,0.0004883421934209764,-0.008840556838549674,0.0,-0.00195657042786479,1.577794862795556,0.0,10.46164945824421,10.46164945824421
4.931310176849365,0.001663590082898736,0.02102490613651753,520,0.07663267757743598,0.5070368051528931,5.03125,0.00025359884602949023,0.0004359458462488419,-0.0038507600329467095,-0.004003082402050495,0.13900841772556305,0.0052537021110765645,0.0,-0.003509974107146263,1.5791630357441786,0.0,14.294489832042018,14.294489832042018
4.839526176452637,-1.3168813893571496e-05,0.017040379618265433,528,0.07427829597145319,0.45707371830940247,5.90625,0.0001712560624582693,5.83757024088527e-05,-0.007364779710769653,-0.0034410059452056885,0.23089699447155,0.007847839675378053,0.0,-0.004573788959532976,1.579940477092956,0.0,10.62092932163796,10.62092932163796
4.7779154777526855,0.0029585554730147123,0.007266717473612515,536,0.06870717369019985,0.5824576616287231,5.5625,7.421043119393289e-05,-0.000348919278266635,0.004146533981838729,0.0027375109493732452,0.00048742821672931314,-0.0047462085203733295,0.0,-0.001959522720426321,1.5804836235985809,0.0,14.6348692726242,14.6348692726242
4.969645977020264,-0.00455486960709095,0.021590708718576934,544,0.07671506796032189,0.5067257285118103,5.03125,0.0002954679657705128,-0.0002197599600464173,0.0023839050700189546,0.0029495274648070335,0.13787797093391418,-0.004816666012629867,0.0,-0.003540575271472335,1.5812540197401008,0.0,9.625795089170424,9.625795089170424
4.8613433837890625,-0.0048966314643621445,0.017447480666305637,552,0.07431704550981522,0.4569272994995117,5.90625,6.716543430229649e-05,-8.783499759346114e-05,-0.0034316659439355135,-0.0020721564069390297,0.22924143075942993,0.002715747425099835,0.0,-0.0046183886006474495,1.5818113428502165,0.0,9.113991781778168,9.113991781778168
4.698258399963379,-0.003969273064285517,0.00739419633646321,560,0.06869530957192183,0.5825340747833252,5.5625,0.0001233872026205063,-1.0546733051342017e-06,-0.0061445460305549204,-0.0035120006650686264,0.0004646129673346877,0.006251521699596196,0.0,-0.001958376495167613,1.5817306456942146,0.0,5.927092718739004,5.927092718739004
4.991733551025391,0.004299644846469164,0.021999588983817375,568,0.07670407928526402,0.5067216753959656,5.03125,8.330085984198377e-05,0.0008627960680529508,0.004896921309409663,0.0011923769488930702,0.13713300228118896,-0.003543715487467125,0.0,-0.003560747718438506,1.5826559855777405,0.0,12.059082217589093,12.059082217589093
4.948507308959961,0.009554903954267502,0.017732829595843214,576,0.0743222376331687,0.45679807662963867,5.90625,0.0001605869911145419,0.0003443528748192648,0.007401578593999147,0.003876209259033203,0.2282283902168274,-0.006547912722453475,0.0,-0.004648758098483086,1.5836548550944651,0.0,4.98385969602532,4.98385969602532
4.729711055755615,-0.0009931889362633228,0.0075094998319400474,584,0.06867960747331381,0.5822832584381104,5.5625,1.1385650395823177e-05,4.971741183013024e-05,-0.001687128115008818,-0.000808417797088623,0.00041750172385945916,0.002026488757110201,0.0,-0.001955460524186492,1.584021576750056,0.0,10.125683796726662,10.125683796726662
4.917624473571777,-6.714766641380265e-06,0.022315340776913217,592,0.0766680585220456,0.5067939162254333,5.03125,0.00015100502059794962,0.0002568195619794267,-0.003434581456531305,-0.0033025722950696945,0.13660351932048798,0.004534791311016306,0.0,-0.0035760768223553896,1.5847031374554736,0.0,5.2447351201344645,5.2447351201344645
4.88037633895874,-0.0016066927928477526,0.01797369776886626,600,0.07428865786641836,0.4567644000053406,5.90625,1.4714156350237317e-05,-0.00010710516838829953,0.0001045357093971688,-0.0006222529336810112,0.22730772197246552,-0.0003735559148481115,0.0,-0.0046767001040279865,1.5854343221294653,0.0,8.15173393398436,8.15173393398436
4.776274681091309,0.0031137147452682257,0.00758256251901912,608,0.06865190900862217,0.58204185962677,5.5625,7.97325192252174e-05,-0.00023700094615008993,0.004477647831663489,0.002860122360289097,0.00034198485082015395,-0.004859327746089548,0.0,-0.0019504200899973512,1.5859523456220423,0.0,1.7064005628271843,1.7064005628271843
4.909688949584961,-0.004003495909273624,0.02256919612773345,616,0.07663000002503396,0.5067766904830933,5.03125,7.883906073402613e-05,-0.00015999266250510402,-0.003478703947621397,-0.0013410206884145737,0.1361251324415207,0.0020658821013057604,0.0,-0.0035899418871849775,1.586470239352539,0.0,9.568960283941124,9.568960283941124
4.842819690704346,-0.001658445573411882,0.018137851103347202,624,0.07425079960376024,0.45673656463623047,5.90625,4.7095636546146125e-05,-2.5337510123790707e-05,-0.004498181180679239,-0.0016203774139285088,0.22667506337165833,0.004442965437192469,0.0,-0.0046954769641160965,1.5872145629611416,0.0,3.258080684370725,3.258080684370725
4.74773645401001,-4.900133717455901e-05,0.007630392204191594,632,0.06864073127508163,0.5818966627120972,5.5625,8.426187378063332e-06,3.580545838177684e-05,0.0010778779851534639,-0.0002934439107775688,0.00029925358830951154,-0.0008455338975181803,0.0,-0.0019480548799037933,1.5876175106639807,0.0,6.722643821256497,6.722643821256497
4.987636089324951,0.00497920298948884,0.02272031611391867,640,0.07660654745996,0.5067739486694336,5.03125,7.733743404969573e-05,0.0008358335610552103,0.005442642665002495,0.0020771045237779617,0.135853111743927,-0.004239018802763894,0.0,-0.0035979109816253185,1.5885103193774357,0.0,2.169104516099196,2.169104516099196
4.8837571144104,0.0017061022808775306,0.01823804472860502,648,0.07422059867531061,0.4567480981349945,5.90625,1.2263177268323489e-05,8.802605221014392e-05,0.0008269730169558898,0.0006141457706689835,0.22626926004886627,-0.0006178096809890121,0.0,-0.004707822576165199,1.58917513076205,0.0,6.250877312446391,6.250877312446391
4.704290866851807,-0.0020818966440856457,0.007662975264793203,656,0.06862899474799633,0.5817712545394897,5.5625,4.093781899427995e-05,-3.7326686452843205e-07,-0.004314906516810879,-0.001983565278351307,0.0002509349724277854,0.004038302460685372,0.0,-0.001946190488524735,1.5893446827341675,0.0,1.7306278457663211,1.7306278457663211
4.91293478012085,-0.0052009387873113155,0.022824751970802026,664,0.07658578269183636,0.5067729353904724,5.03125,0.00010250564810121432,-0.00012364973656613099,-0.0026813247241079807,-0.0005155028775334358,0.1356688290834427,0.0008483771962346509,0.0,-0.0036033643409609795,1.5894476157005848,0.0,6.6372799119017145,6.6372799119017145
4.8935112953186035,-0.00380035862326622,0.01830817526752071,672,0.07419979479163885,0.45674633979797363,5.90625,0.00011993249063380063,-0.00021389342600031114,0.002356312208576128,0.001570143736898899,0.22600984573364258,-0.0031450415117433295,0.0,-0.004715549759566784,1.5898253121736396,0.0,1.646858769316168,1.646858769316168
4.738430976867676,-0.00017790865967981517,0.007680500859351014,680,0.06861988268792629,0.5817250609397888,5.5625,4.706161689682631e-06,0.0001808069025872605,-1.0849260434042662e-05,-0.00041037797927856445,0.00021231573191471398,0.00023257046996150166,0.0,-0.001944781164638698,1.5898900746498434,0.0,6.11076635813788,6.11076635813788
4.946328163146973,0.006260727532207966,0.02290429961794871,688,0.07656568475067616,0.5067757964134216,5.03125,0.0002473514177836478,0.001333384480702193,6.003602175042033e-05,-0.0022993311285972595,0.13554531335830688,0.0019694356160471216,0.0,-0.003606930375099182,1.5904392456862633,0.0,0.8864058480403401,0.8864058480403401
4.886691570281982,0.005811252165585756,0.018362915789111867,696,0.07418041117489338,0.456764280796051,5.90625,8.431359310634434e-05,0.00029505517058381336,0.0012010775362796267,0.000246451236307621,0.22580844163894653,-0.00036831366014666855,0.0,-0.00472120800986886,1.5909910612364286,0.0,5.335918890891662,5.335918890891662
4.759335517883301,0.0019729863852262497,0.007697235789237311,704,0.0686112567782402,0.5816943645477295,5.5625,3.248290886403993e-05,1.9495351111231685e-07,0.00276420681620948,0.0016390345990657806,0.000184726930456236,-0.0029219106072559953,0.0,-0.0019438064191490412,1.59119127413664,0.0,1.076318877337144,1.076318877337144
4.90725564956665,-0.003706996561959386,0.022970302311478008,712,0.07654777634888887,0.5067291855812073,5.03125,7.705776806687936e-05,-0.00036888660019773756,-0.0028903654747409746,-0.00037794560194015503,0.13543593883514404,0.0013659936957992613,0.0,-0.0036104887258261442,1.5917485715621709,0.0,4.814553182972759,4.814553182972759
4.831976890563965,-0.009744325652718544,0.01840702217850776,720,0.07416628673672676,0.45676982402801514,5.90625,0.00010952864249702543,-0.0010404362627038921,-0.004313715908210725,-0.001661865971982479,0.22565703094005585,0.0033082652371376753,0.0,-0.004725445061922073,1.5922103802765157,0.0,1.7852278174950698,1.7852278174950698
4.735420227050781,0.00031727750319987535,0.0077132662017902484,728,0.06860361341387033,0.5816920399665833,5.5625,3.9264718907361384e-06,-0.00020476202460484316,8.032068035390694e-05,0.00031013041734695435,0.00016067021351773292,-0.00034227447758894414,0.0,-0.0019429895328357816,1.5922522838447126,0.0,4.8922620866956095,4.8922620866956095
4.955313205718994,0.0017297443700954318,0.02302045135274966,736,0.07653535716235639,0.5067209005355835,5.03125,2.0500010577961802e-05,0.00018932861588183414,0.002651259448612109,0.0011128783226013184,0.13534991443157196,-0.002486942976247519,0.0,-0.0036127748899161816,1.5928339990902665,0.0,1.1762666905942751,1.1762666905942751
4.8870625495910645,0.006419999524950981,0.018447389614266285,744,0.07416110672056675,0.45678091049194336,5.90625,6.283839320531115e-05,0.0006329150823253804,0.001034033968608128,0.00012968853116035461,0.22550874948501587,-0.0002562145527917892,0.0,-0.004730607382953167,1.5931071134415515,0.0,3.9848069860099713,3.9848069860099713
4.721315383911133,-0.0014263924676924944,0.0077225909840308304,752,0.06859734281897545,0.5816711783409119,5.5625,1.9411963876336813e-05,9.343619728330307e-05,-0.0020013325847685337,-0.0013330038636922836,0.00014400112559087574,0.0023451491724699736,0.0,-0.0019425149075686932,1.5933427384160628,0.0,1.372367230146665,1.372367230146665
4.950657844543457,0.0025556425098329782,0.023063019017172337,760,0.07652077917009592,0.506705641746521,5.03125,1.89132788364077e-05,0.00039799513725569113,0.0019607337308116257,0.00028387364000082016,0.13527250289916992,-0.0012292731989873575,0.0,-0.003614214016124606,1.5938068800872682,0.0,4.165006213424249,4.165006213424249
4.891546726226807,0.0007315771654248238,0.018476964729870815,768,0.07415362820029259,0.4567689895629883,5.90625,1.8498452845960855e-05,1.242752975993966e-05,0.0022323763696476817,0.0008482132107019424,0.22541046142578125,-0.0023079113016137853,0.0,-0.004733523819595575,1.5941597645819774,0.0,1.6847571585421974,1.6847571585421974
4.723830699920654,-0.0009095417335629463,0.007730179679128923,776,0.06859743315726519,0.5816760063171387,5.5625,1.0760538316390011e-05,-3.695296441863505e-05,-0.0015060387522680685,-0.0007228357717394829,0.00013049569679424167,0.0013594572956208137,0.0,-0.0019420593744143844,1.5943510818576525,0.0,4.3916269028923125,4.3916269028923125
4.90177059173584,-0.003882266581058502,0.023093301690551016,784,0.07653322909027338,0.5067012310028076,5.03125,3.07220543618314e-05,-0.0005963242741362506,-0.0031428247748408467,-0.0008433684706687927,0.13522747159004211,0.002202229588874616,0.0,-0.0036163837648928165,1.594608794089985,0.0,2.6794187439481902,2.6794187439481902
4.865566253662109,-0.007812059484422207,0.018493709388621937,792,0.07415834907442331,0.45675399899482727,5.90625,7.58938112994656e-05,-0.0007737333456017126,-0.00015152791820582934,-0.00044238101691007614,0.22533825039863586,-0.0005971758073428646,0.0,-0.004736452363431454,1.5950510888995024,0.0,2.906016029737657,2.906016029737657
4.74714994430542,0.0008428657311014831,0.007733359500889491,800,0.06859785690903665,0.581663966178894,5.5625,1.0198543350270484e-05,-4.124626455137559e-05,0.0014305201621027663,0.0004889760166406631,0.00011811513104476035,-0.0014642657770309597,0.0,-0.001941720605827868,1.5953379608331222,0.0,2.1500245881018145,2.1500245881018145
4.92738676071167,0.0006454146932810545,0.02310928373299248,808,0.07653324492275713,0.5066862106323242,5.03125,1.8826607629307546e-05,0.0002704686516583621,-0.0007439897563017439,-0.0009618056938052177,0.13519085943698883,0.0012939991283928975,0.0,-0.003618909977376461,1.5957949706139989,0.0,2.910753973236865,2.910753973236865
4.875186920166016,0.004066839348524809,0.018504593452234985,816,0.07416987977921963,0.4567398428916931,5.90625,7.624203863088042e-05,0.0001552644484372756,0.00015237221668940037,8.169561624526978e-06,0.22530163824558258,0.0006155955634312704,0.0,-0.00473831919953227,1.5961111491037043,0.0,2.3501221822227762,2.3501221822227762
4.751377582550049,0.000800347130279988,0.007735708987638645,824,0.06860138103365898,0.581674337387085,5.5625,7.81631297286367e-06,6.687796948501301e-05,0.0018467572663212193,0.0006288737058639526,0.00011230162635911256,-0.0016990671283565462,0.0,-0.0019415902206674218,1.5961357532293954,0.0,2.0391612192659068,2.0391612192659068
4.9335455894470215,0.0002720500633586198,0.023118650859942136,832,0.0765466056764126,0.5066836476325989,5.03125,1.1177215128554963e-05,2.400121170764713e-05,0.0003163911478623049,-0.0002484135329723358,0.1351727545261383,-0.00021153542911633855,0.0,-0.0036192319821566343,1.596046957084318,0.0,3.300632486267318,3.300632486267318
4.86060094833374,-0.0008856866043061018,0.018509938141960447,840,0.07417718321084976,0.45673251152038574,5.90625,8.59353349369485e-06,-9.306829800914684e-05,-0.0013959986172267238,-0.00041702762246131897,0.2252686619758606,0.0012992326082894579,0.0,-0.004740429576486349,1.5960481165638436,0.0,0.5230348321808833,0.5230348321808833
4.734589099884033,0.0003700692905113101,0.007735902208423797,848,0.06860397569835186,0.5816670656204224,5.5625,5.886719463887857e-06,-4.992823026747639e-05,-9.762340232555289e-05,2.3507513105869293e-05,9.84870275715366e-05,-3.108741657342762e-05,0.0,-0.0019411597168073058,1.5960540212369752,0.0,2.4403934851245594,2.4403934851245594
4.929437637329102,-0.0011752815917134285,0.0231255056523878,856,0.0765621243044734,0.5066768527030945,5.03125,2.398727519903332e-05,-0.00011346691449687364,-4.827395605389029e-05,0.00027332454919815063,0.1351543813943863,-0.0005666409706464037,0.0,-0.0036204366479068995,1.5962422916479082,0.0,0.9735622852624033,0.9735622852624033
4.866688251495361,-0.0021259551867842674,0.018513773137328826,864,0.07417919673025608,0.45673251152038574,5.90625,1.802372389647644e-05,-0.00010487943415518619,-0.0006002769314363832,-0.0002277269959449768,0.22524318099021912,0.00033372447069268674,0.0,-0.004741148091852665,1.5964650359789188,0.0,1.2559996273121214,1.2559996273121214
4.72918701171875,-0.0004188324965070933,0.007735666949884035,872,0.06860653311014175,0.5816565752029419,5.5625,3.7510656056838343e-06,-6.165177603323357e-06,-0.0008036540748435073,-0.000514863058924675,9.154373401543126e-05,0.0008475010545225814,0.0,-0.001941018272191286,1.5963793650907259,0.0,1.0136656318661608,1.0136656318661608
4.9360270500183105,0.0004829145618714392,0.02312999672767546,880,0.07654774375259878,0.5066776275634766,5.03125,5.696549578715349e-06,1.1849961175508518e-08,0.0006787573292967862,0.00012283772230148315,0.13514220714569092,-0.0004933264717692509,0.0,-0.003620934672653675,1.5965174779623017,0.0,1.8616340954894781,1.8616340954894781
4.88565731048584,0.0034053288400173187,0.01851660138800071,888,0.07417102809995413,0.45673859119415283,5.90625,1.9902076019207016e-05,0.00030248346899819367,0.0013707079633604733,0.0006991559639573097,0.22522176802158356,-0.0009959078597603366,0.0,-0.004740656819194555,1.5966265942768738,0.0,0.8612211279612438,0.8612211279612438
4.732112407684326,-0.0003578929463401437,0.007734633327800111,896,0.06860468722879887,0.5816527605056763,5.5625,3.632882226156653e-06,0.00015275996676766823,-0.0005837953758600634,-0.0003892146050930023,8.46340335556306e-05,0.0007772148528601974,0.0,-0.0019408566877245903,1.596812418576579,0.0,1.9274044856674664,1.9274044856674664
4.934059143066406,0.0013566224370151758,0.023134061659220606,904,0.07656515389680861,0.506677508354187,5.03125,1.6065085219452158e-05,6.468759300645027e-05,0.00038668078286718815,-9.981822222471237e-05,0.13513080775737762,-0.00011065967555623502,0.0,-0.003621242707595229,1.596837416850289,0.0,1.808635319087557,1.808635319087557
4.877124309539795,-7.546250708401203e-05,0.01851814403471508,912,0.07417778950184584,0.45672500133514404,5.90625,6.657720405200962e-06,-2.200019157183597e-05,0.0006462157507485244,0.00016364362090826035,0.22520656883716583,-0.0006684204709017649,0.0,-0.004742094315588474,1.597280301216954,0.0,0.28920854747423164,0.28920854747423164
4.731524467468262,-0.00033403519773855805,0.007734211154456714,920,0.06860831845551729,0.5816441178321838,5.5625,4.101907052245224e-06,-2.006572739654544e-05,-0.0004728968979179626,-0.00024836789816617966,8.06994503363967e-05,0.00035942753311246634,0.0,-0.0019407918443903327,1.59732933150054,0.0,1.663762417883845,1.663762417883845
4.921470642089844,-0.001984081696718931,0.023136250999414187,928,0.07656337320804596,0.5066790580749512,5.03125,1.692134901531972e-05,-7.720774587788304e-05,-0.0010428478271933272,-0.0006853565573692322,0.13512489199638367,0.000615591328823939,0.0,-0.0036213723942637444,1.5972445949392504,0.0,0.9726439520300687,0.9726439520300687
4.871869087219238,-0.0019594558980315924,0.018517919387477377,936,0.07418114319443703,0.4567282795906067,5.90625,2.678682722034864e-05,-0.00010498944618475557,8.311665260407613e-05,7.242895662784576e-06,0.22519931197166443,-0.0004868639662163332,0.0,-0.004741895478218794,1.5975087359074955,0.0,0.9596979788602766,0.9596979788602766
4.732550621032715,-0.0002275368315167725,0.00773260550863597,944,0.06860765628516674,0.5816410183906555,5.5625,3.506408575049136e-06,-2.7048595567485956e-05,-0.0003262555710534798,-3.220699727535248e-05,7.539147190982476e-05,0.0002946316672023386,0.0,-0.0019406749634072185,1.5971863221555411,0.0,1.5662737382788237,1.5662737382788237
4.930619239807129,0.0006877195555716753,0.023136103653087048,952,0.07656344212591648,0.5066756010055542,5.03125,6.703045073663816e-06,0.00011366111000765677,-8.080817497102544e-05,-0.00017068535089492798,0.13512414693832397,0.00028218886291142553,0.0,-0.0036213910207152367,1.5972262325107758,0.0,0.71625246302915,0.71625246302915
4.879814624786377,0.0016280168201774359,0.01851772382724448,960,0.07417996693402529,0.4567146897315979,5.90625,1.202768453367753e-05,0.0001100525280409159,0.0008784195899806946,0.0006703808903694153,0.225193589925766,-0.0006209524144651367,0.0,-0.004742665681988001,1.5970314717659622,0.0,0.8767574456351213,0.8767574456351213
4.735191345214844,-0.0001317224814556539,0.007732124610356548,968,0.06860831659287214,0.5816397666931152,5.5625,1.9905662611563457e-06,-4.814536040675943e-09,-2.4467833100061405e-05,-6.763171404600143e-05,7.158973312471062e-05,0.00011761595669668168,0.0,-0.0019405765924602747,1.5966394797328516,0.0,1.11918446799109,1.11918446799109
4.930746078491211,0.001203920808620751,0.023136931641147388,976,0.07656830921769144,0.5066787600517273,5.03125,8.237846486736089e-06,0.00011056998462019574,-5.3102243327884935e-05,0.00013206340372562408,0.13511642813682556,0.00012856849934905767,0.0,-0.003621330251917243,1.5968998904557696,0.0,0.7747238462098949,0.7747238462098949
4.874350070953369,0.00042647987720556557,0.018517357461405485,984,0.07418251782655716,0.4567153751850128,5.90625,7.529167760367272e-06,-4.64763239672039e-05,0.000355445028617396,0.00019152555614709854,0.22518497705459595,-0.00028252995980437845,0.0,-0.004742936231195927,1.5972030140422022,0.0,0.513178205016402,0.513178205016402
4.734312534332275,3.944763739127666e-05,0.007730730716502875,992,0.06860798876732588,0.5816388726234436,5.5625,2.3675004285905743e-06,-1.988022876081574e-05,-0.00010588042732706526,5.505606532096863e-05,6.780093826819211e-05,0.00010985767585225405,0.0,-0.0019404883496463299,1.596897983922486,0.0,0.9743447385518493,0.9743447385518493
4.9244890213012695,-0.0010392391122877598,0.023136478281685413,1000,0.0765634411945939,0.5066722631454468,5.03125,4.7455473577429075e-06,-0.0001307990577129603,-0.000589043182117166,-0.00025307852774858475,0.13511377573013306,0.00042288156691938644,0.0,-0.003621682757511735,1.5969840015549492,0.0,0.4604042114949607,0.4604042114949607
4.87373161315918,-0.0007309519569389522,0.0185168885600433,1008,0.07418262865394354,0.4567126929759979,5.90625,5.333718490874162e-06,-7.035765995505594e-05,0.0003075864760830882,-0.0001879548653960228,0.22518494725227356,-0.0004478517221286893,0.0,-0.004742962773889303,1.5969423027462377,0.0,0.6856243292929776,0.6856243292929776
4.734515190124512,-6.714161281706765e-05,0.007730535342261646,1016,0.06860946025699377,0.5816336274147034,5.5625,2.4060507257672725e-06,2.7289088405650644e-05,-0.00012420795428624842,-0.0001997901126742363,6.551061960635707e-05,0.00013967078120913357,0.0,-0.0019404490012675524,1.5965499770366347,0.0,1.186469761878925,1.186469761878925
4.92498779296875,-4.4380241888575256e-05,0.023135130084028784,1024,0.07654123660176994,0.5066806077957153,5.03125,4.122217433177866e-06,-2.0808066216959644e-05,-0.0006451712870330084,-0.0002577323466539383,0.1351122409105301,0.0005953027139184996,0.0,-0.0036212275736033916,1.596727519838428,0.0,0.4197188961716165,0.4197188961716165
4.877416133880615,0.0010595605708658695,0.01851653332710157,1032,0.07418639399111271,0.45670920610427856,5.90625,5.8152636484010145e-06,5.524414873264716e-05,0.0006502530814032071,0.00035110674798488617,0.22517919540405273,-0.0005362769588828087,0.0,-0.004743568133562803,1.5970179835910936,0.0,1.178569574918356,1.178569574918356
4.739518642425537,0.0005063354619778693,0.007730008406042543,1040,0.06860806792974472,0.5816344022750854,5.5625,3.3027349672920536e-06,1.3983870432165982e-05,0.0005126555006427225,0.0003841426223516464,6.197067705215886e-05,-0.00048045961011666805,0.0,-0.0019403311889618635,1.5969781612066705,0.0,0.9434867891891372,0.9434867891891372
4.924532890319824,-0.00019643749692477286,0.02313645837284639,1048,0.0765615552663803,0.5066723227500916,5.03125,7.06020136931329e-06,7.123186903501555e-05,-0.0007866780088079395,-0.00044088903814554214,0.13510824739933014,0.0009179979242617264,0.0,-0.003621896728873253,1.5969683360614746,0.0,1.127181147051374,1.127181147051374
4.872048377990723,9.843655425356701e-05,0.01851704393561704,1056,0.07418394554406404,0.456711083650589,5.90625,5.9212607084191404e-06,2.2602517050676618e-05,1.5111962966329884e-05,-0.00019733048975467682,0.22517699003219604,3.991273115389049e-05,0.0,-0.0047434004954993725,1.596931181984444,0.0,1.5194350070153746,1.5194350070153746
4.742898941040039,0.0006260394002310932,0.007728924181492403,1064,0.06860964093357325,0.5816360712051392,5.5625,4.909644303552341e-06,2.171821966712173e-08,0.0009465244074817749,0.000571870245039463,6.047741771908477e-05,-0.0009342153207398951,0.0,-0.0019403219921514392,1.596742531775129,0.0,0.4112677240738378,0.4112677240738378
4.922887802124023,-0.00035665222094394267,0.023135810759868036,1072,0.07656932063400745,0.5066748857498169,5.03125,3.756865226023365e-06,-0.0001090776398848803,-0.0008044474525377154,-0.0004621744155883789,0.13510920107364655,0.0006557896995218471,0.0,-0.003621714422479272,1.596562335667425,0.0,1.7895565943466352,1.7895565943466352
4.865111351013184,-0.00021927987108938396,0.018516153077143827,1080,0.07418587431311607,0.45670896768569946,5.90625,6.774295798095409e-06,8.049515032970689e-06,-0.0008378200327570083,-0.0004787333309650421,0.22517287731170654,0.0007339170115301386,0.0,-0.004743832629173994,1.596400753459427,0.0,1.0456878345702307,1.0456878345702307
4.741269111633301,0.000523746304679662,0.007728554118784815,1088,0.06860845722258091,0.581630527973175,5.5625,4.705589162767865e-06,-6.237777615702988e-05,0.0008118180194287561,0.0003233831375837326,5.7989807828562334e-05,-0.0008453670161543414,0.0,-0.0019402706529945135,1.596165231747786,0.0,1.291640852973842,1.291640852973842
4.929781436920166,0.0002550575300119817,0.023133900854645617,1096,0.07656219322234392,0.5066741108894348,5.03125,6.117237717262469e-06,1.5273677356750226e-05,-6.46651260467479e-05,-0.0005251141265034676,0.13510894775390625,0.00019990987493656576,0.0,-0.0036214394494891167,1.596026709875543,0.0,1.4717202616336635,1.4717202616336635
4.8700408935546875,0.0013480528723448515,0.018515629943067324,1104,0.07418601866811514,0.45670604705810547,5.90625,9.469266842643265e-06,4.808960918106786e-05,-0.00025623356486903504,0.00020592100918293,0.22517277300357819,0.0003850794892059639,0.0,-0.004743730183690786,1.5959831291678173,0.0,0.5785434400244185,0.5785434400244185
4.742029190063477,0.0004333215765655041,0.00772874412928104,1112,0.06861007120460272,0.5816304683685303,5.5625,3.1668396331951953e-06,3.3377105351339864e-05,0.0008136681353789754,0.0003479206934571266,5.649901140714064e-05,-0.0007359030423685908,0.0,-0.0019402136094868183,1.5959336132635618,0.0,0.8809294120819118,0.8809294120819118
4.9290947914123535,0.0006690436275675893,0.023135367476015745,1120,0.07657296489924191,0.5066749453544617,5.03125,5.465014055516804e-06,6.194167135864515e-05,-0.000193841307918774,-0.00014965888112783432,0.13510571420192719,0.00030134541157167405,0.0,-0.0036217544693499804,1.596018805524654,0.0,1.2470493427654787,1.2470493427654787
4.868517875671387,-0.0005526885506696999,0.01851512953976453,1128,0.07418688852339983,0.4567044973373413,5.90625,6.030551958247088e-06,1.719475196257369e-05,-0.0004101426857232582,9.893346577882767e-05,0.22517240047454834,0.000345226246281527,0.0,-0.004743805155158043,1.5962138594337263,0.0,0.7745959661945108,0.7745959661945108
4.738677501678467,0.000338594225468114,0.00772711653553415,1136,0.06860919483006002,0.5816307663917542,5.5625,4.1697308006405365e-06,9.372495890502819e-09,0.0004307292401790619,0.0001705661416053772,5.395210610004142e-05,-0.0004704933089669794,0.0,-0.0019401450408622622,1.5961040842317429,0.0,0.5270405406510008,0.5270405406510008
4.925454616546631,-0.0006829348276369274,0.023134528932132525,1144,0.07656612247228622,0.5066725611686707,5.03125,2.8691408715530997e-06,-5.946342746787626e-05,-0.0005253416384221055,-0.00048089493066072464,0.13510656356811523,0.00036798515066038817,0.0,-0.0036217013839632273,1.595904621697506,0.0,0.9980954238430115,0.9980954238430115
4.870859622955322,6.249305442906916e-05,0.018515789217190104,1152,0.07418826967477798,0.456706166267395,5.90625,2.9883833576604957e-06,3.741947257782097e-05,-0.0001347516631540202,-0.0002208733931183815,0.2251681387424469,0.00011586726759560406,0.0,-0.004743716213852167,1.5958777557040436,0.0,0.6020224700719154,0.6020224700719154
4.736253261566162,5.665255230269395e-05,0.007726863592324664,1160,0.06861045304685831,0.5816309452056885,5.5625,2.0474706161621725e-06,1.0882655635164468e-05,0.00012187033098598476,0.00025064311921596527,5.256196891423315e-05,-0.00020721663895528764,0.0,-0.0019401159370318055,1.5957725852002882,0.0,0.24261230432841785,0.24261230432841785
4.930373191833496,-0.0004186666337773204,0.02313347875474392,1168,0.07656724844127893,0.5066716074943542,5.03125,4.213573902234202e-06,2.7557450270374043e-05,7.055292371660451e-06,-0.0004275590181350708,0.13510586321353912,6.0257341829128563e-05,0.0,-0.003621837589889765,1.5956733860040442,0.0,0.5182346100269228,0.5182346100269228
4.8710126876831055,0.0009533214615657926,0.01851417812508771,1176,0.07418802194297314,0.45670339465141296,5.90625,5.787191639683442e-06,8.092094647692283e-05,-0.0001590197280165739,5.434267222881317e-06,0.2251712679862976,0.00022630221792496738,0.0,-0.004743895959109068,1.5957288620102672,0.0,0.23245289703424987,0.23245289703424987
4.739548683166504,0.0003160991473123431,0.007726464195684457,1184,0.06860838551074266,0.5816305875778198,5.5625,2.1521457256312715e-06,5.137402951443936e-05,0.0004936354052915704,0.00026323646306991577,5.13033228344284e-05,-0.00043486073263920844,0.0,-0.0019400755409151316,1.595721668403004,0.0,0.5304108173635882,0.5304108173635882
4.930414199829102,0.0003757633676286787,0.02313381570047568,1192,0.07657344732433558,0.5066701769828796,5.03125,4.9891950766323134e-06,2.3707207683937304e-05,1.770896415109746e-05,-1.6963109374046326e-05,0.13510249555110931,0.00016852330008987337,0.0,-0.003621999640017748,1.595743863875188,0.0,0.9172596389307159,0.9172596389307159
4.870420932769775,0.0004966692067682743,0.01851326343353321,1200,0.07418766431510448,0.456703245639801,5.90625,2.7305350158712827e-06,2.0747524628147995e-05,-0.0001696948893368244,0.00013604015111923218,0.22517065703868866,0.0001543303660582751,0.0,-0.004743966739624739,1.595791031959083,0.0,0.4123434470179177,0.4123434470179177
4.7364325523376465,0.00029126470326445997,0.00772622889462582,1208,0.06861056946218014,0.5816285610198975,5.5625,2.4480518732161727e-06,-4.054714091633605e-05,0.00019892486488970462,0.00025983061641454697,4.968621215084568e-05,-0.0002671390975592658,0.0,-0.0019400446908548474,1.5955797682301376,0.0,0.29947289233223273,0.29947289233223273
4.925220489501953,-0.0010617306688800454,0.023132104692422217,1216,0.0765572777017951,0.5066704750061035,5.03125,6.867688625789015e-06,-0.00012241671921348063,-0.0004886085716861999,-0.00034540705382823944,0.13510659337043762,0.00031475374998990446,0.0,-0.003621709765866399,1.5954407073543506,0.0,0.5162325141380109,0.5162325141380109
4.870730400085449,-0.0004565998970065266,0.018512502209887316,1224,0.0741865411400795,0.45670610666275024,5.90625,5.968638561171247e-06,2.0811396730214572e-05,-0.00013164932397558005,-0.00011727400124073029,0.22517035901546478,6.852939259260893e-05,0.0,-0.004743571393191814,1.5956242928927762,0.0,0.46609448300500844,0.46609448300500844
4.735594272613525,0.0002749516861513257,0.007724813956428989,1232,0.06861070729792115,0.5816290378570557,5.5625,2.1254518287605606e-06,-8.220210412895196e-05,0.00013464940457197372,0.00032735057175159454,4.8076832172228023e-05,-0.00017314578872174025,0.0,-0.001940003247000277,1.5955137723507644,0.0,0.19410501343730857,0.19410501343730857
4.930606842041016,0.0004643441061489284,0.02313417671643947,1240,0.07654784992337228,0.5066707134246826,5.03125,4.695473762694746e-06,6.727313576890964e-05,-3.4357335607637584e-06,-0.00017842836678028107,0.13510043919086456,9.846534521784635e-05,0.0,-0.003622060874477029,1.5957671257375226,0.0,0.4689356048864397,0.4689356048864397
4.873589515686035,-9.06245259102434e-06,0.01851230871830012,1248,0.07418715860694647,0.45670536160469055,5.90625,4.088455170858651e-06,5.314620819596445e-06,0.0002428172019790509,-0.0002558687701821327,0.22517026960849762,-6.805596058256924e-05,0.0,-0.004743690602481365,1.5958624835064086,0.0,0.3436997064843581,0.3436997064843581
4.737945556640625,0.00036723059020005167,0.007725222487351857,1256,0.06861049681901932,0.5816284418106079,5.5625,2.309567889824393e-06,6.577364995855041e-05,0.00028411113999027293,0.0002880264073610306,4.659254045691341e-05,-0.00019474365399219096,0.0,-0.0019399655284360051,1.5957518392499792,0.0,0.17678737625152507,0.17678737625152507
4.9274139404296875,7.591287430841476e-05,0.023132939670404085,1264,0.07656815089285372,0.5066709518432617,5.03125,4.4425892156141344e-06,-2.3487851630733806e-05,-0.00030736626649741083,-0.0004352191463112831,0.1351015269756317,0.0002742580691119656,0.0,-0.0036217865999788046,1.5957920432333443,0.0,0.3597624864719364,0.3597624864719364
4.8704400062561035,-0.0008753908332437277,0.018512353230789813,1272,0.07418825011700392,0.4567047357559204,5.90625,5.9129210967512336e-06,-7.918796821310137e-05,-6.450564069382381e-05,3.670342266559601e-05,0.2251669466495514,-7.19640520401299e-05,0.0,-0.004743737634271383,1.5960863625218076,0.0,0.44299356570195414,0.44299356570195414
4.73660945892334,0.0003261145611759275,0.0077247914500730985,1280,0.06861033011227846,0.5816272497177124,5.5625,1.4183075336404727e-06,2.964331079213789e-09,0.00018448063929099587,0.00028410274535417557,4.585232454701327e-05,-0.0001448988914489746,0.0,-0.001939948066137731,1.5960277965241434,0.0,0.35439849172450977,0.35439849172450977
4.9252848625183105,0.0001080117144738324,0.02313275996948505,1288,0.0765743050724268,0.5066726803779602,5.03125,4.186751084489515e-06,-7.377986568196657e-05,-0.0005225214799793321,-0.000542929396033287,0.13510073721408844,0.00044682806765194977,0.0,-0.0036218103487044573,1.5962805548732164,0.0,0.26410437189207414,0.26410437189207414
4.872918605804443,0.0005860482924617827,0.01851268454061028,1296,0.07418637629598379,0.4567057192325592,5.90625,2.4617015697003808e-06,2.389129092578504e-05,0.00014317866225610487,-0.0001180088147521019,0.22516265511512756,-0.00013323980965651572,0.0,-0.004743833560496569,1.596315506674614,0.0,0.7293971752917514,0.7293971752917514
4.735231876373291,0.00012886930198874325,0.007724322213107371,1304,0.06861008703708649,0.5816282033920288,5.5625,2.044632083197939e-06,-8.132392750236084e-06,2.062753401332884e-05,3.8409605622291565e-05,4.550801168079488e-05,-4.371556860860437e-05,0.0,-0.0019399489974603057,1.596213310221715,0.0,0.416010096016862,0.416010096016862
4.932212829589844,9.694434993434697e-05,0.023131448618642025,1312,0.07657349947839975,0.5066690444946289,5.03125,2.8560441478475695e-06,-8.819504085377794e-10,0.00027324804295858485,-0.0002022627741098404,0.13509994745254517,-0.00011209541116841137,0.0,-0.00362206157296896,1.595952759880296,0.0,0.14608590715459968,0.14608590715459968
4.873236656188965,0.00043498509330675006,0.01851096717814471,1320,0.07418750878423452,0.4567047953605652,5.90625,2.7480705284688156e-06,2.278946314156205e-05,0.00018557774001237703,9.792856872081757e-06,0.2251642346382141,-8.877395885065198e-05,0.0,-0.004743768833577633,1.5960727946779203,0.0,0.15429077807857539,0.15429077807857539
4.734236717224121,-2.6257801437168382e-05,0.007724333768010182,1328,0.06860993802547455,0.5816268920898438,5.5625,1.6147171209013322e-06,-1.2337551468719064e-05,-9.826058249018387e-05,-4.060566425323486e-06,4.394892312120646e-05,0.00014277479203883559,0.0,-0.0019398980075493455,1.5958198589067927,0.0,0.20013008439514124,0.20013008439514124
4.928179740905762,-0.000519156688824296,0.023131726018618792,1336,0.07655481807887556,0.5066712498664856,5.03125,2.6641801014193334e-06,1.1756390191250758e-05,-0.00024593658326921286,-0.00013878662139177322,0.13510240614414215,7.869847468100488e-05,0.0,-0.0036219297908246517,1.5956404047809223,0.0,0.3038754739271212,0.3038754739271212
4.8734450340271,-0.0002229383826488629,0.01851183314533955,1344,0.07418976444751026,0.4567037522792816,5.90625,4.533055744104786e-06,-7.942625052659302e-07,0.00023609276104252785,0.00033433176577091217,0.22516296803951263,-0.0003030210500583053,0.0,-0.004744037054479122,1.5956648689204482,0.0,0.16679773546513843,0.16679773546513843
4.730108737945557,-0.00021019441192038357,0.007723836805780593,1352,0.06860942486673596,0.5816285014152527,5.5625,2.02311252905929e-06,-1.5048011140050832e-05,-0.0006143870523374062,-0.00017052330076694489,4.28953644586727e-05,0.000574938632780686,0.0,-0.001939874142408371,1.595532184071059,0.0,0.5973373656452736,0.5973373656452736
4.9318671226501465,-0.0002112853981088847,0.02313241988667869,1360,0.07657589390873908,0.506670355796814,5.03125,2.66870301857125e-06,1.592745948580943e-05,0.00021748741528426763,2.2649765014648438e-06,0.1350993663072586,-0.0003263295220676809,0.0,-0.003621922107413411,1.5954597666941899,0.0,1.091138888830983,1.091138888830983
4.874053955078125,0.00045578161370940506,0.018511594534857068,1368,0.07418880611658096,0.45670339465141296,5.90625,4.755831014335854e-06,9.049510250963566e-06,0.00030385691934498027,0.00015537720173597336,0.22515937685966492,-0.0002858966327039525,0.0,-0.004744121804833412,1.5957145217207618,0.0,0.5817908157023339,0.5817908157023339
4.730796813964844,-0.0005030172178521752,0.007723338076175423,1376,0.06860972475260496,0.5816267132759094,5.5625,3.127656327706063e-06,2.4898094731856668e-05,-0.0005677541048498824,-0.0003745127469301224,4.1363346099387854e-05,0.0006638039922108874,0.0,-0.0019398262957111,1.5956692145418747,0.0,0.5058205271556346,0.5058205271556346
4.939332962036133,0.0007456702878698707,0.023132314773874896,1384,0.07656974624842405,0.5066710114479065,5.03125,4.4117800825915765e-06,0.00014861872809890375,0.0010139526129933074,0.00038451608270406723,0.13509775698184967,-0.0007883041398599744,0.0,-0.0036218364257365465,1.5958457118304135,0.0,1.233249279542008,1.233249279542008
4.872628688812256,-0.0001115810009650886,0.018510494209749595,1392,0.07418726477771997,0.4567045569419861,5.90625,2.934835038104211e-06,-3.125036901023559e-06,0.00013910549205320422,-7.466413080692291e-05,0.22516077756881714,-6.662718078587203e-05,0.0,-0.004743875935673714,1.5961213699952912,0.0,1.0766542026717616,1.0766542026717616
4.728227615356445,-0.00043128919787704945,0.007723098153746832,1400,0.06860989518463612,0.5816272497177124,5.5625,3.8088965084170923e-06,-1.225227935774953e-08,-0.0008648835464555304,-0.0003486908972263336,4.147168147028424e-05,0.0007981054222909734,0.0,-0.0019398428266867995,1.5961606792530885,0.0,0.15439981336783148,0.15439981336783148
4.934014320373535,-0.0008275161380879581,0.02313218786230209,1408,0.07656243164092302,0.5066711902618408,5.03125,8.769726264290512e-06,-8.824258185646805e-05,0.0005834541771037037,0.00027635227888822556,0.13509592413902283,-0.0007740004657534882,0.0,-0.0036219225730746984,1.5960510394146328,0.0,1.232532618910966,1.232532618910966
4.867566108703613,-0.0024960353039205074,0.01851064196898733,1416,0.07418820355087519,0.4567038416862488,5.90625,1.4606632248614915e-05,-9.365726390850315e-05,-0.00040299772308571846,-0.00033381395041942596,0.22515729069709778,0.00019779369176831096,0.0,-0.0047441101633012295,1.5959905334488143,0.0,1.2792428829334312,1.2792428829334312
4.728336334228516,-0.0004838212626054883,0.007722590849880362,1424,0.06860955525189638,0.5816264748573303,5.5625,4.703100785263814e-06,-1.0488630675209443e-05,-0.0008401732375205029,-0.0004879990592598915,4.082302621100098e-05,0.0008344409434357659,0.0,-0.0019398338627070189,1.595919301229511,0.0,0.2533297084563628,0.2533297084563628
4.938947677612305,0.0008288437966257334,0.023130298347723514,1432,0.07656733971089125,0.5066709518432617,5.03125,7.977321729413234e-06,-1.3243426873144058e-05,0.0011215155172976665,0.0007756659761071205,0.13509932160377502,-0.0011270681861788034,0.0,-0.003621806390583515,1.5959734071136846,0.0,1.2624830090269086,1.2624830090269086
4.871066093444824,0.001017059083096683,0.01850944653779152,1440,0.07418874651193619,0.4567025899887085,5.90625,6.539345577039057e-06,2.4655627521158463e-05,-8.397247711400269e-05,-4.603434354066849e-05,0.225161612033844,0.0002611888630781323,0.0,-0.004744076635688543,1.5958478575730999,0.0,1.6852690580826675,1.6852690580826675
4.7285284996032715,-0.00046474923146888614,0.007721269704234146,1448,0.0686104902997613,0.5816271305084229,5.5625,2.6876978154177777e-06,2.1759134727572516e-05,-0.000848732131998986,-0.00042396411299705505,3.8687518099322915e-05,0.0008619784930488095,0.0,-0.0019397629657760262,1.5958887735893779,0.0,0.5946141624348797,0.5946141624348797
4.941061496734619,0.00016869335377123207,0.02313026238175553,1456,0.07656698580831289,0.5066732168197632,5.03125,7.356376499956241e-06,-1.0084702053880788e-05,0.001375585670757573,0.0007503749802708626,0.13509786128997803,-0.0014171445945976304,0.0,-0.0036220725160092115,1.5959414267526308,0.0,1.4339059896099684,1.4339059896099684
4.868691921234131,0.0006322026601992548,0.018510695043914893,1464,0.07418923359364271,0.4567037522792816,5.90625,5.487697308126371e-06,2.037440245894473e-05,-0.0003760162508115172,0.00016621965914964676,0.2251586765050888,0.0005322942015482113,0.0,-0.004744160454720259,1.59588204359599,0.0,2.3199558781115,2.3199558781115
4.730172157287598,-0.00028631798340938985,0.0077221380636274236,1472,0.06861005909740923,0.5816264152526855,5.5625,2.547380745454575e-06,3.410989215463234e-05,-0.0006517605579574592,-0.00020616594702005386,3.848635606118478e-05,0.0006924082845216617,0.0,-0.0019397711148485541,1.595584107442434,0.0,1.0367786637457357,1.0367786637457357
4.938131332397461,0.00034111476270481944,0.023130455650516524,1480,0.07655176613479853,0.5066720843315125,5.03125,5.772636541223619e-06,-1.4681523318904597e-05,0.0010156200369237922,0.0004871785640716553,0.13509875535964966,-0.0011810668074758723,0.0,-0.0036217442248016596,1.5955434785508407,0.0,1.1524662096294378,1.1524662096294378
4.865756511688232,-0.0007440292974933982,0.018509627081698454,1488,0.074187021702528,0.45670410990715027,5.90625,2.796641183522297e-06,-4.377353041484788e-05,-0.0006785274345020298,-0.0004583848640322685,0.22515705227851868,0.0005822600942337885,0.0,-0.004744015168398619,1.5956339946769116,0.0,2.0416741546947605,2.0416741546947605
4.727787017822266,-0.0004109408182557672,0.007721826537590459,1496,0.06861032824963331,0.5816260576248169,5.5625,2.795182126646978e-06,-5.4321361736442406e-05,-0.0008624515394330956,-0.0004574339836835861,3.7454705307027325e-05,0.0008123437728499994,0.0,-0.0019397432915866375,1.595558714004154,0.0,0.8918123281279691,0.8918123281279691
4.937320709228516,-0.00018066422489937395,0.023130998511987855,1504,0.0765710612758994,0.5066702365875244,5.03125,1.1984651791863143e-05,-9.77765899747851e-05,0.0009990733487938996,0.000648760236799717,0.13509614765644073,-0.0012948674993822353,0.0,-0.003622122574597597,1.5951753476963386,0.0,1.3040980505293192,1.3040980505293192
4.871744155883789,0.0023007006384432316,0.018509862760765827,1512,0.07418757583945991,0.4567044675350189,5.90625,8.978775440482423e-06,0.0001997739950064248,-0.000172666945218225,-0.00011249631643295288,0.22515416145324707,0.0004025721282232553,0.0,-0.004744059406220913,1.59526083662353,0.0,2.2466250334051665,2.2466250334051665
4.726930618286133,-0.0006675391923636198,0.007721107081806622,1520,0.06860971171408893,0.5816271305084229,5.5625,4.443759280547965e-06,1.1735326874706685e-05,-0.0010400033424957655,-0.0006825970485806465,3.724451380548999e-05,0.0010283243318554014,0.0,-0.001939744921401143,1.5950585482887798,0.0,0.8522821477008051,0.8522821477008051
4.9486613273620605,0.001442686771042645,0.02313030686377715,1528,0.07656754553318025,0.5066735148429871,5.03125,1.807943408493884e-05,4.61427797695535e-05,0.0022538527264259756,0.0010958937928080559,0.13509772717952728,-0.0021057457488495857,0.0,-0.0036219817120581865,1.5951249002118648,0.0,1.7931822498686216,1.7931822498686216
4.863597869873047,0.0010862125782296062,0.01850912180452724,1536,0.07418814394623041,0.45670366287231445,5.90625,1.1531278687471058e-05,8.517822881404236e-05,-0.0010871693521039563,-0.0002828780561685562,0.22515615820884705,0.0012155193398939446,0.0,-0.0047441767528653145,1.5952145589749314,0.0,3.150185327965687,3.150185327965687
4.732385158538818,-8.544236334273592e-05,0.0077212076407704435,1544,0.06860979553312063,0.5816292762756348,5.5625,1.0488913630979368e-06,-5.420779269904585e-09,-0.00034031179256999167,-9.033922106027603e-05,3.552939597284421e-05,0.00034495047293603426,0.0,-0.0019396822899580002,1.595123537005866,0.0,1.9936419718185334,1.9936419718185334
4.937904357910156,2.4937888156273402e-05,0.023130506797087946,1552,0.07657530996948479,0.5066819190979004,5.03125,1.1447669749031775e-05,-3.6716934561864534e-05,0.0010036824460257776,0.0008915737271308899,0.13509505987167358,-0.001290194079047069,0.0,-0.0036218694876879454,1.5951621176840123,0.0,0.8292192983391402,0.8292192983391402
4.8623809814453125,-0.0005243300111033022,0.018508995825072816,1560,0.07418767549097538,0.45670366287231445,5.90625,3.44224849868624e-06,-3.859929888050395e-05,-0.0011117638568975963,-0.0003336844965815544,0.22515176236629486,0.0011534029908943921,0.0,-0.004744203761219978,1.5953998777323266,0.0,2.5251488421310455,2.5251488421310455
4.733287334442139,5.981163849355653e-05,0.0077205955240060575,1568,0.06860997620970011,0.5816287398338318,5.5625,2.0467421109060524e-06,-4.8215762812505326e-05,-0.00017766866585589014,2.610962837934494e-05,3.539271347108297e-05,0.00013636171934194863,0.0,-0.0019396930001676083,1.5952272273848656,0.0,1.8880099911243633,1.8880099911243633
4.9393815994262695,0.0005827098502777517,0.023129410076307977,1576,0.07657030876725911,0.5066828727722168,5.03125,5.777185833721887e-06,2.070572880841226e-05,0.0011361181386746466,0.0006629470735788345,0.13509513437747955,-0.00116773322224617,0.0,-0.00362207624129951,1.5950853893578412,0.0,0.4728829796361822,0.4728829796361822
4.864459991455078,0.0008021793910302222,0.01850903354966249,1584,0.07418889831751585,0.45670607686042786,5.90625,6.050199317542138e-06,4.6015610441263455e-05,-0.000936899938096758,-0.0002594040706753731,0.22515273094177246,0.0010441842750879005,0.0,-0.004744408186525106,1.5951360757509447,0.0,2.2146619475755074,2.2146619475755074
4.737545013427734,0.0002965465828310698,0.0077204346677035565,1592,0.06860896293073891,0.5816275477409363,5.5625,1.7404975096724229e-06,4.257320107559082e-09,0.00030692121436004527,0.0002507166936993599,3.428884156164713e-05,-0.00031450403912458574,0.0,-0.001939654117450118,1.5950139639265135,0.0,1.9125728967624127,1.9125728967624127
4.930047035217285,-0.00097763747908175,0.023129364794158388,1600,0.07656507939100266,0.506683349609375,5.03125,4.061551862832857e-06,-5.4742921535594347e-05,5.3043388106743805e-05,-0.000109928660094738,0.13509374856948853,-0.00018894107779487965,0.0,-0.003621951676905155,1.5949888989793062,0.0,0.8264203496023441,0.8264203496023441
4.869021415710449,-5.035979120293632e-05,0.01850899427722652,1608,0.07418758142739534,0.4567064642906189,5.90625,1.239049652212998e-06,-4.8192152923010045e-06,-0.0003058507691093837,-0.00016197282820940018,0.2251529097557068,0.00032504342379979784,0.0,-0.0047442554496228695,1.595018953875006,0.0,0.9029376665059203,0.9029376665059203
4.735948085784912,0.00015269353752955794,0.007720290981183096,1616,0.0686092684045434,0.5816272497177124,5.5625,1.5567860600640415e-06,1.623197831643157e-05,9.216345279128291e-05,0.00011410471051931381,3.365696102264337e-05,-5.1063718274235725e-05,0.0,-0.0019396370043978095,1.5944502981214355,0.0,0.7565818603303569,0.7565818603303569
4.933262348175049,-1.2893764505861327e-05,0.02312892241161535,1624,0.07656275108456612,0.5066862106323242,5.03125,7.921765927676461e-07,6.393589895086968e-05,0.0003334971788717666,-2.6481226086616516e-05,0.13509276509284973,-0.00022687469027005136,0.0,-0.003622017800807953,1.5943292653169476,0.0,0.34489232233227085,0.34489232233227085
4.870913505554199,0.00029352970886975527,0.018508202792531847,1632,0.07418603263795374,0.45670944452285767,5.90625,3.1651077279093442e-06,-1.496778046774713e-09,-7.873232698329957e-05,6.306450814008713e-05,0.2251531034708023,8.159472781699151e-05,0.0,-0.004744119942188263,1.5944236793893012,0.0,0.9294717828596504,0.9294717828596504
4.734034061431885,4.277736661606468e-05,0.007719826361608284,1640,0.06860917340964079,0.5816260576248169,5.5625,1.2828470516978996e-06,-9.638305147677273e-06,-0.00011902755068149418,-5.034450441598892e-05,3.329072569613345e-05,0.00013947761908639222,0.0,-0.0019396363059058785,1.594232419636588,0.0,0.5640128123056911,0.5640128123056911
4.928386688232422,-0.0006977285956963897,0.023129938640977343,1648,0.07656091917306185,0.5066802501678467,5.03125,3.5465561722958228e-06,-2.7518875791628485e-05,-0.00017772864975995617,-8.180458098649979e-05,0.13509152829647064,-2.1928557544015348e-05,0.0,-0.003622132819145918,1.5943863383176577,0.0,0.36324042167507287,0.36324042167507287
4.871965408325195,-0.0009603664511814713,0.01850853500093308,1656,0.07418749667704105,0.4567067623138428,5.90625,3.563826567187789e-06,-2.28754755707411e-05,7.940829345898237e-05,-0.00025012344121932983,0.2251504361629486,-0.00011742940114345402,0.0,-0.004744299221783876,1.5946087277268044,0.0,0.6818206051684683,0.6818206051684683
4.731891632080078,-0.000254450598731637,0.0077197357037448455,1664,0.06860984396189451,0.5816260576248169,5.5625,1.9128624444419984e-06,1.8468197926835295e-05,-0.00041572101690690033,-0.0002515343949198723,3.2620162528473884e-05,0.0004547764838207513,0.0,-0.0019396224524825811,1.5945689629615627,0.0,0.6453368346225261,0.6453368346225261
4.9360480308532715,0.0007286958280019462,0.02312947733867077,1672,0.07656367868185043,0.5066789984703064,5.03125,4.300829459680244e-06,4.421547126218228e-05,0.0007057209440972655,0.00025339704006910324,0.1350923627614975,-0.0005902925477130339,0.0,-0.0036220289766788483,1.5946313062567392,0.0,0.8391216307005038,0.8391216307005038
4.871585845947266,3.221245788154192e-05,0.01850815570355735,1680,0.0741864675655961,0.45670878887176514,5.90625,1.9765004708460765e-06,5.25729467194657e-05,-4.5730631882179296e-05,-0.0001608375459909439,0.2251511514186859,8.145628089550883e-05,0.0,-0.0047442615032196045,1.5947377620257193,0.0,1.2931435701659666,1.2931435701659666
4.732398509979248,-0.000196547553059645,0.007719771173015034,1688,0.06861033290624619,0.5816268920898438,5.5625,8.35590014958143e-07,-4.195473989054843e-09,-0.00033207476008101366,-0.0001854393631219864,3.2210089557338506e-05,0.0003301051910966635,0.0,-0.001939611742272973,1.5945448312392754,0.0,0.6047122295896088,0.6047122295896088
4.932446479797363,-0.00038389363908208907,0.02312999417335959,1696,0.07657096907496451,0.5066755414009094,5.03125,4.483520569920074e-06,-7.792974597034543e-06,0.00031498263160756323,0.00014038849622011185,0.13509288430213928,-0.00047226699825841933,0.0,-0.0036220974288880825,1.5944008180627722,0.0,0.6110785291050433,0.6110785291050433
4.869412422180176,0.0002728027175180614,0.018507948785327244,1704,0.07418771274387836,0.45670604705810547,5.90625,4.864720722252969e-06,7.439867846562032e-05,-0.0003360798527864971,-0.00031588785350322723,0.22515058517456055,0.0003604825178626925,0.0,-0.004744256846606731,1.5945291845501404,0.0,1.1866063645993563,1.1866063645993563
4.734890460968018,7.819860002200585e-06,0.007719403146325022,1712,0.06861047074198724,0.5816251039505005,5.5625,1.2632308425963856e-06,1.187007592667183e-05,-3.042641901629395e-05,-0.00011492054909467697,3.099274545093067e-05,2.669435343705118e-05,0.0,-0.0019395817071199417,1.5943820092785688,0.0,0.8977665004041455,0.8977665004041455
4.9322004318237305,-3.8102523831184953e-05,0.023128492991872918,1720,0.07657107338309288,0.506675124168396,5.03125,1.8924679352494422e-06,1.6159609376453776e-05,0.0002631885272421642,6.0337595641613007e-05,0.13509194552898407,-0.00024704329553060234,0.0,-0.00362209789454937,1.5942725253560175,0.0,0.13414181926791002,0.13414181926791002
4.871814727783203,0.0005380453076213598,0.01850792385675959,1728,0.07418871205300093,0.45670777559280396,5.90625,2.829947561622248e-06,5.332966215952639e-05,-1.5205533600237693e-05,3.107823431491852e-06,0.22514963150024414,9.546909132041037e-05,0.0,-0.004744424019008875,1.5942121362322268,0.0,0.7416860713119604,0.7416860713119604
4.734466552734375,-8.143464947352186e-05,0.007718948461501895,1736,0.06861025560647249,0.5816254019737244,5.5625,1.5226021332637174e-06,4.859518740502056e-05,-0.00012034618521283846,-0.0002609873190522194,3.0354418413480744e-05,0.00019790402438957244,0.0,-0.0019395564449951053,1.594045125511239,0.0,0.6252138500193496,0.6252138500193496
4.931856632232666,0.0001518384669907391,0.023129383810555737,1744,0.07656851131469011,0.5066723823547363,5.03125,1.8403686681267573e-06,-8.331211196813125e-05,0.0003223907106075785,0.0001274794340133667,0.13509108126163483,-0.00041251488437410444,0.0,-0.0036220585461705923,1.5941163633406246,0.0,0.45930866132164283,0.45930866132164283
4.8695173263549805,0.000172640779055655,0.0185079663816623,1752,0.07418955862522125,0.45670461654663086,5.90625,2.70414807346242e-06,3.7387617516759786e-05,-0.0002824642419909651,-0.00012399349361658096,0.22514741122722626,0.0002613781834952533,0.0,-0.0047445232048630714,1.5943117058353156,0.0,0.9452270226729524,0.9452270226729524
4.734943389892578,6.407071487046778e-05,0.007718752117057191,1760,0.06860919483006,0.5816294550895691,5.5625,5.467643404699629e-07,1.277033703228625e-06,-1.6036298347898995e-05,5.465373396873474e-05,2.9097102014929987e-05,4.513267776928842e-05,0.0,-0.0019395037088543177,1.5942575146016125,0.0,0.7214626156309123,0.7214626156309123
4.929983139038086,-0.00038533867336809635,0.02312899291632675,1768,0.07656214199960233,0.5066756010055542,5.03125,2.182150183216436e-06,-4.535559861872096e-06,1.0203614692727563e-05,2.9820017516613007e-05,0.13509182631969452,-2.719949407037347e-05,0.0,-0.003622038522735238,1.5943267269786077,0.0,0.40996235459152786,0.40996235459152786
4.873514175415039,0.0008821139927022159,0.018507496334223106,1776,0.07418879587203264,0.45670217275619507,5.90625,2.6310553948860615e-06,3.5005258156445285e-05,0.0002238795314042363,0.00033712293952703476,0.2251507043838501,-0.0002214419073425233,0.0,-0.004744284320622683,1.5943636296293602,0.0,0.3454950701122357,0.3454950701122357
4.730637550354004,-0.0002596544218249619,0.007718793778053623,1784,0.0686098812147975,0.581627607345581,5.5625,1.0842770734598162e-06,-7.64360636101857e-06,-0.0005454789970826823,-0.0003447551280260086,2.976638643303886e-05,0.0005256545409793034,0.0,-0.0019395396811887622,1.5940835546653196,0.0,0.41499524709990965,0.41499524709990965
4.9326276779174805,-0.001003161072731018,0.02312914591357185,1792,0.07657009549438953,0.5066717863082886,5.03125,5.8379578149470035e-06,-4.1821941762720805e-05,0.00037807791886734776,9.130872786045074e-05,0.13508915901184082,-0.0005287034582579508,0.0,-0.0036221626214683056,1.5940282389391933,0.0,0.9984810222033502,0.9984810222033502
4.869136810302734,9.655770554672927e-05,0.018507461131775926,1800,0.0741891572251916,0.4567050039768219,5.90625,3.6471760722633917e-06,-1.4016461427623916e-06,-0.000289805358988815,-0.0001788763329386711,0.22514817118644714,0.000340630896971561,0.0,-0.004744376055896282,1.5942809461358267,0.0,1.1134561455194216,1.1134561455194216
4.734964847564697,4.386646469356492e-05,0.007718737344703186,1808,0.06861030589789152,0.5816251635551453,5.5625,7.199766400844965e-07,2.9173271923123304e-05,-3.691793563120882e-05,3.8741156458854675e-05,2.8483285859692842e-05,7.651052146684378e-05,0.0,-0.00193951022811234,1.5941986236370693,0.0,0.8177731732995142,0.8177731732995142
4.935334205627441,5.167301787878387e-05,0.023128480776676952,1816,0.07656771596521139,0.5066677927970886,5.03125,9.967241112462943e-07,5.8740850598038026e-05,0.000619460301095387,0.00011284276843070984,0.13509149849414825,-0.00047705711040180176,0.0,-0.003622268559411168,1.5941703392949114,0.0,0.26851073137498815,0.26851073137498815
4.8695387840271,0.0007939494680613279,0.018506987153386945,1824,0.07418897189199924,0.4567031264305115,5.90625,4.359162630862556e-06,1.2348321504568327e-05,-0.00025303216352767777,0.00015910528600215912,0.22514714300632477,0.00037445599446073174,0.0,-0.0047445474192500114,1.5940752951602146,0.0,0.6577108336218771,0.6577108336218771
4.737093925476074,0.00023098228848539293,0.007718700906025333,1832,0.06861026119440794,0.5816255807876587,5.5625,1.4453308949669008e-06,-1.085381443241551e-05,0.00026824738961295225,0.0002445010468363762,2.8166054107714444e-05,-0.00023219191643875092,0.0,-0.001939499517902732,1.5938639760226554,0.0,0.8441547151788882,0.8441547151788882
4.926391124725342,-0.0004454019363038242,0.023128512788389344,1840,0.07657132670283316,0.5066713690757751,5.03125,1.2049919178025448e-06,-3.141113876424517e-05,-0.0004082944878973649,-0.00015946011990308762,0.13508933782577515,0.0002244801289634779,0.0,-0.0036222110502421856,1.593783683710176,0.0,0.5713780862334943,0.5713780862334943
4.869393348693848,-0.0009273870964534581,0.01850674610182068,1848,0.07418909855186939,0.45670199394226074,5.90625,3.469339389994275e-06,-8.961760658762752e-05,-0.00016494763349328423,5.385279655456543e-05,0.22514742612838745,2.9224509489722547e-05,0.0,-0.00474444217979908,1.5938341942197385,0.0,0.40353786544937975,0.40353786544937975
4.733433723449707,-7.999487570486963e-05,0.00771844082419193,1856,0.06861019600182772,0.5816245079040527,5.5625,9.652814014771138e-07,1.2189582023484219e-05,-0.00021111804471729556,-0.00010048039257526398,2.7737913114833646e-05,0.00014459471276495606,0.0,-0.0019394917180761695,1.5933273302911712,0.0,0.24645541679194594,0.24645541679194594
4.930402755737305,-0.00019991234876215458,0.023128665959347927,1864,0.07656850572675467,0.5066688060760498,5.03125,7.021960186648357e-07,-2.666836084931623e-05,9.106357015298272e-05,-2.0287930965423584e-05,0.13509003818035126,-0.00011474818165879697,0.0,-0.003622205927968025,1.5933925955306962,0.0,0.3172116672959646,0.3172116672959646
4.872974872589111,-0.00017303935601375997,0.018507095495806425,1872,0.07418923266232014,0.4567008912563324,5.90625,2.1448868210427463e-06,5.180233399079692e-05,0.00014211291454557795,2.748332917690277e-05,0.22514531016349792,-5.717422754969448e-05,0.0,-0.004744560457766056,1.5935316936380097,0.0,0.23459534879111743,0.23459534879111743
4.733397006988525,-0.00011382130469428375,0.007718124843449913,1880,0.06861027237027884,0.5816240310668945,5.5625,4.7518747692265606e-07,-4.30421262520575e-09,-0.0002037071481026942,-0.00012764520943164825,2.758833215921186e-05,0.00032399246993009,0.0,-0.0019394923001527786,1.5935908390962388,0.0,0.20455828792205466,0.20455828792205466
4.9386210441589355,0.0007747292402200401,0.023127938002744486,1888,0.07657615374773742,0.5066686868667603,5.03125,5.128882094140863e-06,2.886560581746856e-05,0.001058679961715825,0.00043969694525003433,0.1350899040699005,-0.0008893586782505736,0.0,-0.0036222413182258606,1.5934310507202987,0.0,0.6511171291008395,0.6511171291008395
4.866185188293457,0.0006378287216648459,0.01850651124959768,1896,0.07418982218950987,0.4567025899887085,5.90625,4.468169208848849e-06,4.9034758837995795e-05,-0.0007102829586074222,-0.0004820553585886955,0.22514718770980835,0.0008498437964590266,0.0,-0.004744427278637886,1.5935724209747693,0.0,1.2436818056938819,1.2436818056938819
4.740560531616211,0.000691888271830976,0.007717657065768437,1904,0.06861017923802137,0.5816258192062378,5.5625,3.828064564004308e-06,-2.755158318651363e-05,0.000714695117494557,0.0006340276449918747,2.675141513464041e-05,-0.0007485189271392301,0.0,-0.0019394608680158854,1.5934506256335084,0.0,1.5018912593162668,1.5018912593162668
4.919582843780518,-0.0010009999386966228,0.023128415369228605,1912,0.0765650998800993,0.5066708326339722,5.03125,6.827101515227696e-06,-0.0001282425902850992,-0.0011675229980028234,-0.0005949437618255615,0.135087788105011,0.0008978106488939375,0.0,-0.003622255753725767,1.5933978921688712,0.0,1.4705922122416837,1.4705922122416837
4.871820449829102,-0.0003792815550696105,0.018506143085915028,1920,0.0741890948265791,0.45670175552368164,5.90625,3.3780670491978526e-06,-0.00016665694894313354,0.00021389130779425608,0.0002570757642388344,0.225148007273674,-0.00040786936006043106,0.0,-0.004744375124573708,1.5933418948636375,0.0,1.3336456496701885,1.3336456496701885
4.732422828674316,-7.945981633383781e-05,0.007717797262216663,1928,0.06861034594476223,0.5816245675086975,5.5625,1.1923405054403702e-06,-3.3222563589063725e-09,-0.0003240237638237886,-0.00013095885515213013,2.6876503397943452e-05,0.0002969134075101465,0.0,-0.0019394760020077229,1.5931922477565055,0.0,0.8844779621716725,0.8844779621716725
4.931041240692139,-6.700683297822252e-05,0.023128122651883132,1936,0.07657240610569715,0.5066697001457214,5.03125,1.1542036872924655e-06,2.421867236732795e-05,0.00012085181197107889,-5.858577787876129e-05,0.13508978486061096,-7.051191641949117e-05,0.0,-0.003622153541073203,1.5931729547536744,0.0,0.5038501030876148,0.5038501030876148
4.875019073486328,0.0010691811330616474,0.01850610522626539,1944,0.07418880332261324,0.45670175552368164,5.90625,4.3863501559826545e-06,4.6707880133910196e-05,0.00040260925379698165,0.00029580481350421906,0.22514595091342926,-0.00024284796381834894,0.0,-0.00474450271576643,1.593339587496374,0.0,0.2710148369712897,0.2710148369712897
4.73355770111084,-0.00034011280513368547,0.007717116373896716,1952,0.06861081253737211,0.5816242098808289,5.5625,1.4454592474066885e-06,5.26097530174352e-05,-0.0002353355612285668,-0.00025771092623472214,2.6142750357394107e-05,0.0003314701607450843,0.0,-0.0019394599366933107,1.5931253430158545,0.0,0.4681639167704361,0.4681639167704361
4.935726642608643,7.658865069970489e-05,0.02312797964668789,1960,0.07656302209943534,0.5066690444946289,5.03125,1.1712448895195848e-06,6.957277090774427e-05,0.0006578824077223544,0.00020049232989549637,0.13508951663970947,-0.0005827460117870942,0.0,-0.003622175194323063,1.593149960374705,0.0,0.672517309925297,0.672517309925297
4.869462966918945,0.00037255091592669487,0.01850630631531658,1968,0.07418856304138899,0.4567018747329712,5.90625,2.5000588266266277e-06,5.094857671050779e-05,-0.0002954661722469609,-0.0002364926040172577,0.22514599561691284,0.00041047009290196,0.0,-0.004744330421090126,1.5932380851541124,0.0,0.8444907759931652,0.8444907759931652
4.736732006072998,0.0003478563157841563,0.007717507433767423,1976,0.06861010566353798,0.5816236734390259,5.5625,1.2084029776815441e-06,2.6567247290998353e-09,0.0002153484183509136,0.00032620038837194443,2.567463889135979e-05,-0.00024361113901250064,0.0,-0.0019394386326894164,1.592938925748279,0.0,0.7083554785219803,0.7083554785219803
4.923604488372803,-0.0011144927702844143,0.023127649165417097,1984,0.07656291499733925,0.5066690444946289,5.03125,3.564073267625645e-06,-6.1009112819643274e-05,-0.0007254264746734407,-0.00034966692328453064,0.13508859276771545,0.0004465696110855788,0.0,-0.0036221975460648537,1.5928595635128147,0.0,0.566388513876916,0.566388513876916
4.871920108795166,-0.0002711043052840978,0.018505343961692233,1992,0.07418916840106249,0.45670241117477417,5.90625,2.436575414321851e-06,-4.364842119967266e-05,0.0001079659914466902,2.0508654415607452e-05,0.22514747083187103,-0.00019153351604472849,0.0,-0.004744250793009996,1.592775401939257,0.0,0.5531639764708416,0.5531639764708416
4.733420372009277,-2.295807280461304e-05,0.007716973166338903,2000,0.06860966794192791,0.5816237330436707,5.5625,7.262032113430905e-07,-1.3028359387622089e-05,-0.00018523895096222986,-4.39230352640152e-05,2.479774775565602e-05,0.0002105625462718308,0.0,-0.0019394134869799018,1.5927536150938462,0.0,0.48503271130061876,0.48503271130061876
