EntropyLoss,PolicyTemplateLoss,Valid,ObjectEntropy,PolicyObjLoss,ObjectLoss,ValueLoss,PolicyLoss,TemplateLoss,TotalStepsPerEpisode,Loss,Value,StepsPerSecond,TemplateEntropy,Step,Advantage,ClippedGradNorm,UnclippedGradNorm,EpisodeScore
-0.005746324546635151,0.12093439232558012,0.875,0.011176736908964814,0.014977920800447464,0.05414343997836113,0.007025259546935558,0.103378526866436,0.40671306848526,4.5,4.126373291015625,-0.051104911137372255,0.46696517224195133,0.1803605481982231,8,0.026907186955213547,,,
-0.005716994404792786,-0.660574696958065,1.0,0.011175407329574227,-0.06575339660048485,0.07812239974737167,0.177999809384346,-0.46978721022605896,0.4690324068069458,12.5,2.262922525405884,0.27849840372800827,0.6326330112211161,0.17940130829811096,16,-0.14758329093456268,22.357173469499685,22.357173469499685,
-0.005632299464195967,0.012671037577092648,0.7499999999999999,0.011172585072927177,0.011054060596507043,0.0962117612361908,0.000524366507306695,0.0069489446468651295,0.4517876207828522,20.5,4.441128730773926,-0.006108678120654076,0.7101822606936288,0.17658214457333088,24,0.001029040664434433,112.13270251070725,213.4163598058389,
-0.0053138406947255135,0.09622547123581171,0.5,0.011168229044415057,0.06416524993255734,0.12536747753620148,0.004599668085575104,0.11187796294689178,0.3527259826660156,28.5,5.0483717918396,-0.04389148345217109,0.7508143119579094,0.16548729874193668,32,0.021506916731595993,14.922122459381274,14.922122459381274,
-0.0035212349612265825,0.010203017562162131,0.5,0.011160152149386704,0.01011307374574244,0.12104193866252899,0.0002009074087254703,0.017314305528998375,0.17090673744678497,36.5,2.549379348754883,-0.006289115059189498,0.779486364823189,0.11132747586816548,40,0.0036899298429489136,31.808105696132287,31.808105696132287,
-0.0013124732067808509,-0.004262026690412313,0.3750000000000001,0.011142698698677123,-0.04400014621205628,0.1494501829147339,0.001370769226923585,-0.023312769830226898,0.0614108070731163,44.5,1.1371359825134277,0.024613432586193085,0.7975958557243088,0.028271490475162864,48,-0.0112900510430336,18.734073053796095,18.734073053796095,
-0.0004096743941772729,0.0010945955418719675,0.125,0.011110524297691882,0.030507805524393916,0.1233900785446167,0.0009362415876239538,0.020905815064907074,0.04898758605122566,52.0625,1.722989797592163,-0.017400619806721807,0.8127587030245,0.00243252124346327,56,0.009315181523561478,14.67190067396211,14.67190067396211,0.0
-0.00034285394940525293,1.531021348455397e-05,0.25,0.01103202486410737,0.04389869002625346,0.12150567770004272,0.0013249602634459734,0.021305598318576813,0.07587844878435135,57.0,1.955062747001648,-0.023991139139980078,0.8238202544032786,0.0004137847245146986,64,0.012705666944384575,12.039084291821844,12.039084291821844,
-0.00032928885775618255,-1.9213962154651654e-07,0.375,0.010852462728507817,-0.0216363308718428,0.12230364978313446,0.0002576060069259256,-0.008615145459771156,0.08050329983234406,64.53125,1.3373292684555054,0.011904621263965964,0.8355412549387744,0.00014669815573142841,72,-0.004764854907989502,16.15682570349076,16.15682570349076,0.0
-0.00031938112806528807,-1.3162560179580396e-06,0.875,0.010419475263915956,-0.032553351717069745,0.10680628567934036,0.0012612658319994807,-0.01781197264790535,0.06508401036262512,72.15625,1.166839599609375,0.01963159092701972,0.844123090781935,0.00015047629676701035,80,-0.009523408487439156,11.448977109762911,11.448977109762911,0.0
-0.0003040301089640707,1.231224490538807e-05,0.625,0.009579845354892313,0.00395084559568204,0.11311724781990051,0.00015138083836063743,0.0013968547573313117,0.05077769234776497,79.5,1.2388825416564941,-0.0030755253392271698,0.8534339113955258,0.0006142932688817382,88,-0.00023905746638774872,15.433584947790436,15.433584947790436,
-0.00032116376678459346,0.0015740141043352196,1.0,0.008328045019879937,0.016672738711349666,0.10229195654392242,0.0008116135140880942,0.014272460713982582,0.03033648245036602,87.03125,1.1710680723190308,-0.019313536118716,0.8632625545034294,0.004010394302895293,96,0.009551523253321648,7.074378179559236,7.074378179559236,0.0
-0.0004751927626784891,0.001150471320215729,0.75,0.007000365818385035,0.004041636275360362,0.0914485827088356,0.00012301381502766162,0.003659988520666957,0.014501120895147324,94.75,0.8425008654594421,-0.004152156499912962,0.8699537830263976,0.009684510470833628,104,0.0021606963127851486,13.149813950808413,13.149813950808413,
-0.0005109047633595765,-0.0004924196819047211,1.0,0.005972736340481789,-0.013330675661563873,0.09050481021404266,0.000965976738370955,-0.00927470438182354,0.013012267649173737,102.75,0.6317893266677856,0.017138533992692828,0.8776306856238079,0.010996430413797498,112,-0.011054130271077156,3.885374283442917,3.885374283442917,
-0.00049344461876899,-0.001516817388619529,0.875,0.00524350575869903,-0.0044189124600961804,0.07043260335922241,5.465112189995125e-05,-0.0038506784476339817,0.012991846539080143,110.75,0.5563266277313232,0.004974779672920704,0.8829155256172849,0.011207568226382136,120,-0.0021525193005800247,10.5457433073008,10.5457433073008,
-0.00047203467693179846,-0.003906463251041714,0.875,0.004540161928161979,0.0068473584251478314,0.05939611420035362,0.00011822440137621015,0.0037311227060854435,0.013035309500992298,113.90625000000001,0.6940444111824036,-0.00531803525518626,0.887916562704869,0.015319603960961103,128,0.00383082777261734,3.230823278193829,3.230823278193829,0.0
-0.0014420185470953584,-0.003806713328231126,1.0,0.003874996822560206,0.007404179370496422,0.03294855356216431,0.0012176872696727514,0.0015124124474823475,0.44599977135658264,92.203125,1.5359617471694946,-0.006271934369578957,0.8954989501832378,0.027728497632779178,136,0.004246106371283531,4.1738836097610825,4.1738836097610825,0.0
-0.001750025898218155,-0.008877094951458275,0.875,0.003360065195010975,-0.0004468013212317601,0.03414570167660713,7.47869853512384e-05,-0.002613962395116687,0.06508950889110565,16.09375,1.4885187149047852,0.004747314873384312,0.8995422886219454,0.0852859695442021,144,-0.002088721841573715,10.192845097480813,10.192845097480813,0.0
-0.0008112283539958298,0.01027107425034046,0.875,0.0030134591506794095,-0.0032603394502075385,0.03478793799877167,0.00021094265684951097,0.00157678232062608,0.027547700330615044,16.3125,0.6899820566177368,-0.0005477904342114926,0.8994675521045834,0.04013695870526135,152,-0.0016531366854906082,7.029905182165621,7.029905182165621,
-0.0008992672665044665,0.0020763645734405145,1.0,0.002790610422380269,-0.0030702627409482375,0.030249841511249542,0.00031581413350068033,-0.0010921447537839413,0.030804015696048737,24.3125,0.4937380254268646,0.003607106802519411,0.8991394263360662,0.0282533650752157,160,-0.0023427754640579224,3.034360598344668,3.034360598344668,
-0.0011666094651445746,0.0006955261778784916,1.0,0.0026416450855322187,0.0004680924528202014,0.029062924906611443,0.00015110228559933603,0.0021103292237967253,0.045386601239442825,32.3125,0.5730995535850525,-0.0005234123091213405,0.8983186575573493,0.03502617008052766,168,0.0004402436316013336,5.234320993036949,5.234320993036949,
-0.0009798731189221144,-0.0015954273440001998,1.0,0.0024976851127576083,0.0013455853186314926,0.025986885651946068,2.545226743677631e-05,0.0014265547506511211,0.03387175500392914,40.3125,0.42827263474464417,-0.0005160441796761006,0.8962657918678252,0.023397647775709626,176,0.0010048206895589828,9.653192617521277,9.653192617521277,
-0.00027783698169514537,-1.5183578057076378e-05,1.0,0.0023337992315646265,9.847801129581057e-05,0.026814458891749382,2.461864823999349e-05,-0.0011727976379916072,0.006496922113001347,48.3125,0.2954193353652954,-0.00015503284521400928,0.8944779908618294,0.009268106543458998,184,-0.00022378936409950256,5.498366933251264,5.498366933251264,
-0.00014366449613589793,-0.000235251315473306,1.0,0.002166535268770531,-0.0006153880021884106,0.028090836480259895,2.608326576591935e-05,-0.0006402620347216725,0.002173751825466752,56.3125,0.23611877858638763,0.001040666422341019,0.8948752317545173,0.003019885887624696,192,-0.0010901577770709991,3.198147382648039,3.198147382648039,
-9.299672819906846e-05,7.715643874917077e-07,1.0,0.0020327628881204873,-0.0005390494916355237,0.02828332781791687,3.127502714050934e-05,-0.00040274980710819364,0.0008031665347516537,64.3125,0.2340095341205597,0.0007179405365604907,0.8957295236072208,0.0011564488231670111,200,-0.00042655132710933685,2.142014038456627,2.142014038456627,0.0
-0.00039968983037397265,0.007847494476678207,1.0,0.0019462219934212044,0.0014127924150670883,0.02718283422291279,0.00023910307209007442,0.004686641972512007,0.013146845623850822,65.5,0.48201608657836914,-0.005334572691936046,0.8953016857444147,0.010055283750261879,208,0.0014831740409135818,1.759693199548711,1.759693199548711,
-6.265530100790784e-05,-0.004272173222190645,1.0,0.0018830607004929336,-0.003106953590759076,0.02986636757850647,7.433624705299735e-05,-0.0015813021454960108,0.00013168976875022054,73.5,0.24526254832744598,0.006885617214720695,0.8960427832385123,0.007118979312508601,216,-0.002558210864663124,4.6921298593247975,4.6921298593247975,
-5.815783515572548e-05,2.41010056356572e-07,1.0,0.0018369142635492608,0.0007924650562927127,0.027980322018265724,5.3250019846018404e-05,0.00027173684793524444,6.146005762275308e-05,81.5,0.21627412736415863,-0.0013298671692609787,0.8950368590589539,0.00010998008383467095,224,0.00029326044023036957,4.56704760192607,4.56704760192607,
-0.0003883207682520151,-0.0013522779880155156,1.0,0.0017800599889596924,0.0028168012649985035,0.024522539228200912,0.00048784411046653986,-0.002204392571002245,0.013011306524276733,86.21875,0.37157997488975525,-0.0035936057684011753,0.8947679675190828,0.004217304986468662,232,0.0019723623991012573,1.1804565367356015,1.1804565367356015,0.0
-0.0027031723875552416,-0.022689613979309797,1.0,0.0017124523292295635,-2.0561919882311486e-05,0.028317207470536232,0.004029795993119478,-0.024371378123760223,0.36587873101234436,57.99218750000001,2.0098519325256348,0.011754146893508732,0.897987846672163,0.04427625332027674,240,-0.0016659460961818695,3.092777491518541,3.092777491518541,0.0
-0.002370161470025778,0.029578535351902246,0.875,0.0016506747051607817,0.0008861390306265093,0.0244658961892128,0.000628709327429533,0.011722033843398094,0.09096294641494751,13.015625,1.5367369651794434,-0.013552336720749736,0.900316534426839,0.09109493903815746,248,0.003584541380405426,16.10623640891788,16.10623640891788,0.0
-0.0010473158909007907,-0.009235672128852457,1.0,0.001605425146408379,-0.0025154286413453524,0.031644418835639954,0.00011812996672233567,-0.004008073825389147,0.03905056044459343,17.0,0.6648045778274536,0.00692549638915807,0.9012699775072861,0.05802484974265098,256,-0.003653423860669136,10.951634427033227,10.951634427033227,
-0.00038504390977323055,-0.001954748917341931,1.0,0.0015796361549291762,-0.0018479025166016072,0.025776298716664314,0.00017035784549079835,-0.00302235409617424,0.013200758025050163,25.0,0.3934611678123474,0.0037601008662022655,0.9002749116181,0.022395831416361034,264,-0.001681685447692871,4.535583623809351,4.535583623809351,
-6.397976540029049e-05,-0.0004338769020648669,1.0,0.001569608342833817,0.0018468878697603943,0.024600019678473473,5.4515479860128835e-05,0.00047237324179150164,0.0004350173694547266,33.0,0.29108789563179016,-0.002538419415941462,0.8991860169696764,0.008821456154691987,272,-8.093193173408508e-05,2.87849024765383,2.87849024765383,
-7.312829256989062e-05,7.1770463421216846e-06,1.0,0.0015527074283454567,0.0028576573386089876,0.023225931450724602,5.285242878017016e-05,0.001004657126031816,0.000727414502762258,41.0,0.21668241918087006,-0.004330445284722373,0.898339981964909,0.0009207157563650981,280,0.0018484406173229218,1.987806829448363,1.987806829448363,
-8.728977991268039e-05,6.474027003378069e-08,1.0,0.0015168282407103106,3.9638073985770475e-05,0.023407556116580963,2.1886844479013234e-05,-0.00022122025256976485,0.0012491956586018205,49.0,0.1953093260526657,-3.926549106836319e-05,0.8973869257695295,0.0012960688472958282,288,-0.00030931271612644196,2.7950608588845305,2.7950608588845305,
-9.92759014479816e-05,-0.00016153250226125238,1.0,0.0014659521111752838,-0.002293991186888888,0.025440692901611328,5.0511007430031896e-05,-0.0010828067315742373,0.0017403550446033478,57.0,0.1956644356250763,0.0038521788083016877,0.896782656290785,0.0017224887415068224,296,-0.0023840125650167465,0.6668761293494013,0.6668761293494013,
-0.000108616120996885,-0.00017318766293783486,1.0,0.0014283660129876807,-0.0015444496384589002,0.02563386596739292,3.8946556742303073e-05,-0.0008108135662041605,0.002131708897650242,65.0,0.21229888498783112,0.002528519369661808,0.8961502271906036,0.0021442856232170016,304,-0.0010848399251699448,3.2637106710953976,3.2637106710953976,
-0.0004330781812313944,0.0020346999203866285,1.0,0.0014150877686915921,0.0014807539264438674,0.02540292590856552,4.03983831347432e-05,0.0013250750489532948,0.01496237050741911,67.2578125,0.3748626112937927,-0.0033292630978394295,0.8959292033357654,0.01047919987468049,312,0.0006028544157743454,2.951501652690335,2.951501652690335,0.0
-0.00043478317093104124,0.0029755308059975505,1.0,0.0014180999423842877,0.002279969325172715,0.025165323168039322,8.678331505507231e-05,0.002751503372564912,0.015213324688374996,74.4375,0.3662385046482086,-0.004794519685674459,0.8958476619156955,0.013185395859181881,320,0.0021429527550935745,2.52506183885764,2.52506183885764,
-0.00044081572559662163,0.001971732883248478,1.0,0.0014279991301009431,-0.0002031867628602413,0.023375386372208595,3.5851957363775e-05,0.0006149729015305638,0.015209663659334183,82.4375,0.319180428981781,-0.0007056744652800262,0.8954835518265221,0.013248389819636941,328,-0.00037984736263751984,3.8897687154177443,3.8897687154177443,
-0.000758577894885093,0.0015215964522212744,1.0,0.0014229971275199205,-0.0018483980966266245,0.022277142852544785,3.5713652323465794e-05,-0.0004727523773908615,0.08103891462087631,84.1171875,0.47667399048805237,0.0018815322546288371,0.8954156904585394,0.021193294436670843,336,-0.0016465838998556137,1.6137817972096533,1.6137817972096533,0.0
-0.004020280204713345,-8.581623842474068e-05,1.0,0.001398899286868982,-0.0011812029169959715,0.02259169891476631,0.00014153493975754827,-0.0022361937444657087,0.15655337274074554,51.25,1.5064746141433716,0.0011200187727808952,0.8981898333402719,0.07012538705021143,344,-0.0016215387731790543,1.6899591173009412,1.6899591173009412,0.0
-0.00402862997725606,-0.0037256482610246175,0.7499999999999999,0.0013660840195370838,6.131942291176529e-05,0.029056038707494736,7.432495476678014e-05,-0.0019158570794388652,0.1566544473171234,12.3671875,1.6109340190887451,0.0016656129737384617,0.9010462306895471,0.14397487975656986,352,-0.0009196866303682327,6.537445556177579,6.537445556177579,0.0
-0.003100072732195258,-0.0016174479787878226,0.625,0.00133689510403201,0.00044631017499341397,0.024085290729999542,6.889555515954271e-05,-0.0022144934628158808,0.11996710300445557,17.9375,1.2052443027496338,0.00022125302348285913,0.9022532469660676,0.10987551882863045,360,-0.00021193362772464752,2.301897806342815,2.301897806342815,
-0.002502312883734703,0.003409631332033314,0.6249999999999999,0.0013243482826510444,0.0017243985930690542,0.024866975843906403,5.720866465708241e-05,0.002477713394910097,0.09591545909643173,25.9375,1.0109577178955078,-0.003357392764883116,0.90282084281374,0.08288524672389032,368,0.0017089024186134338,1.8617120364072783,1.8617120364072783,
-0.002524455077946186,0.0031584890311933123,1.0,0.0013340551522560418,0.0014422898311750032,0.02441193163394928,4.896651444141753e-05,0.0013785682385787368,0.09666801989078522,33.9375,0.9858670830726624,-0.002727331215282902,0.9032568671996225,0.08235394302755596,376,0.000922882929444313,3.7993643056725843,3.7993643056725843,
-0.002499891445040703,-0.0011688921440509148,0.7499999999999999,0.0013553264579968527,-0.0004625502879207488,0.023536009714007378,2.739528463280294e-05,-0.000719298841431737,0.09508150815963745,41.9375,0.9213302135467529,0.0011048860324081033,0.9042449032589371,0.08238033298403023,384,-0.0004969760775566101,3.9363516126276097,3.9363516126276097,
-0.002166986232623458,-0.004305929905967787,1.0,0.001370494850561954,-0.002038729086052627,0.022213231772184372,4.9136142479255795e-05,-0.0030743759125471115,0.08191400021314621,49.9375,0.7871338129043579,0.003841809433652088,0.9049995963363598,0.07236690353602171,392,-0.0019391793757677078,2.8483658889504095,2.8483658889504095,
-0.0011693161213770509,-0.0011920804536202922,1.0,0.0013696102250833069,-0.0010001472983276471,0.02240489423274994,2.465254146954976e-05,-0.0010602602269500494,0.04330785572528839,57.9375,0.6367058753967285,0.001734292833134532,0.9054244369793274,0.05110575957223773,400,-0.0013158060610294342,3.213352215444725,3.213352215444725,
-0.0011356951436027884,0.0008759277880017179,1.0,0.0013564000255428257,0.0005207326357776765,0.022000949829816818,2.874848541978281e-05,0.0012729482259601355,0.04178561642765999,65.9375,0.5149297118186951,-0.0010342876485083252,0.9055384445685517,0.036374739836901426,408,0.001064348965883255,2.127966533222188,2.127966533222188,
-0.0014369541313499212,0.0014823811070527881,1.0,0.0013370667584240437,0.0015967721556080505,0.024146253243088722,6.270359153859317e-05,0.0034799724817276,0.05329614132642746,69.796875,0.6254525184631348,-0.0026531204348430033,0.9036345281106342,0.041080998722463846,416,0.0017646774649620056,1.6159260390907781,1.6159260390907781,0.0
-0.00041689613135531545,0.0008544480733689852,1.0,0.0013224455033196136,0.0008871709287632257,0.02346179634332657,4.3573098082561046e-05,0.0017827670089900494,0.014154907315969467,75.3125,0.4097518026828766,-0.0018374181527178735,0.9025199002519674,0.020990478107705712,424,0.0008940678089857101,1.7340868971734573,1.7340868971734573,
-0.0004038299375679344,0.000331741182890255,1.0,0.0013214064965723082,-0.0007162632355175447,0.025170128792524338,3.0837414669804275e-05,-0.00020142924040555954,0.013686612248420715,83.3125,0.30664777755737305,0.0010064368543680757,0.902397217348872,0.012174905976280568,432,-0.0010403171181678772,1.900313492692561,1.900313492692561,
-0.0010692599462345243,-0.0008651306925457903,1.0,0.0013362728350330144,-0.0013322543018148283,0.02310122735798359,2.2534273739438504e-05,-0.0006048728828318417,0.039261944591999054,83.234375,0.5219268798828125,0.002275897277286276,0.902440195537129,0.023114077979698777,440,-0.0011112149804830551,1.8774769615105544,1.8774769615105544,0.0
-0.002075372962281108,-0.0013775441584584767,1.0,0.0013514550373656675,-0.00012819208018299832,0.03345794975757599,7.025543163763359e-05,0.0007641167612746358,0.14942513406276703,61.46875,1.2504465579986572,0.0007243893051054329,0.9030403019976904,0.06230397382751107,448,-0.0007886514067649841,2.545739214984718,2.545739214984718,0.0
-0.0003955453576054424,0.00046400461178564,0.875,0.0013596807111753149,0.0007604895763506647,0.02237839251756668,6.886898336233571e-05,0.0011884476989507675,0.08932416141033173,48.203125,0.6272509694099426,-0.0013573712494689971,0.9028395617204923,0.0370419790269807,456,0.001337297260761261,4.523126683606028,4.523126683606028,0.0
-0.0017414320027455688,-0.0001816363474063109,1.0,0.0013579598016804084,0.0010302811751898844,0.022813094779849052,1.438165782019496e-05,-0.0004370419483166188,0.06500208377838135,22.0390625,0.9848434329032898,-0.0013707782491110265,0.9036800083269296,0.049743116600438966,464,0.00030180253088474274,1.1896029999605835,1.1896029999605835,0.0
-0.0007340762531384826,0.0011406515368435068,1.0,0.001350594830000773,0.0004244720139467972,0.02417875826358795,7.267220553330844e-06,0.00010776639828691259,0.02634960226714611,21.875,0.571539580821991,-0.0009235919278580695,0.9033919046998686,0.04000936006195843,472,-0.00029402971267700195,3.194916782654797,3.194916782654797,
-0.0004061020736116916,-7.731384357612108e-06,1.0,0.0013481659698300064,-0.0006836218199168798,0.028357744216918945,8.791544132691342e-06,-0.00030318909557536244,0.013734505511820316,29.875,0.322131484746933,0.0011072982742916793,0.902501919010081,0.012176461983472109,480,-0.0006608087569475174,1.2362786298469148,1.2362786298469148,
-8.178388816304505e-05,-7.866373375975398e-05,1.0,0.0013552653981605545,-0.0007821640342626779,0.023035671561956406,1.3369711268751416e-05,-1.3759245121036656e-05,0.0012198430486023426,37.875,0.24717819690704346,0.0013462361530400813,0.9016189531486422,0.00539462840242777,488,0.0002487078309059143,1.4929194708118756,1.4929194708118756,
-9.21872997423634e-05,6.84721130639332e-05,1.0,0.0013673199573531747,-0.00016541909553779988,0.02338765561580658,1.1902420737897046e-05,-0.00021898459817748517,0.001572181936353445,45.875,0.20363757014274597,0.00018454430392012,0.9007840351014074,0.0013508643896784633,496,-0.00040439143776893616,1.5720194560397598,1.5720194560397598,
-8.88397335074842e-05,5.005696152693417e-06,1.0,0.0013766217307420443,0.000913685762498062,0.027287743985652924,1.5055166841193568e-05,0.0005347016849555075,0.0014446373097598553,53.875,0.21259646117687225,-0.0014939548855181781,0.9003187489352091,0.0014755614247405902,504,0.0009220447391271591,1.075667013355842,1.075667013355842,
-9.422028961125761e-05,4.17228292803884e-06,1.0,0.0013776947453152388,0.0007395061475108378,0.02740696631371975,5.371388851926895e-06,0.00018347783770877868,0.0016428009839728475,61.875,0.22755086421966553,-0.0012203491060063243,0.899515370183707,0.0015996051079127938,512,0.00014256127178668976,1.1226190091374384,1.1226190091374384,
-9.329519525635988e-05,-0.0001466618339378556,1.0,0.0013730630453210324,-0.00017252127872779968,0.027921956032514572,1.1939149771933444e-05,0.00011906667350558564,0.0016123217064887285,64.296875,0.3086891174316406,0.0003762297274079174,0.8984402293739071,0.00712425356323365,520,0.0005334988236427307,1.0982086114172986,1.0982086114172986,0.0
-8.650632662465796e-05,-7.1996580288669065e-06,1.0,0.0013651365006808192,-0.0010390477691544222,0.024032119661569595,6.128075710876146e-06,-0.00043776293750852346,0.0013727585319429636,71.5,0.21686775982379913,0.0015595153963658957,0.8975285156870115,0.0015565524372505024,528,-0.0007752608507871628,0.3095698711116176,0.3095698711116176,
-9.137050074059516e-05,-4.499745939057221e-05,1.0,0.0013626210566144437,-0.0002874425936170155,0.02918844111263752,4.9798843974713236e-05,-0.00019809140940196812,0.04851382225751877,78.703125,0.26801860332489014,0.0005259589524939656,0.8969133262907685,0.001512219590949826,536,-0.0009587462991476059,1.8737553075492617,1.8737553075492617,0.0
-0.001088747289031744,-0.0009352951128676068,1.0,0.0013660599361173806,0.0006067638896638528,0.028258293867111206,3.5912380553781986e-05,-0.001217489130795002,0.03986290842294693,75.5625,0.4998421370983124,-0.0003878966672345996,0.8972204155029525,0.019636328448541462,544,0.0008182544261217117,1.0790533127270856,1.0790533127270856,0.0
-0.0024264578241854906,-0.001231980033480795,1.0,0.00137234857538715,0.0009667942504165696,0.027229752391576767,5.500514089362696e-05,-0.0017449400620535016,0.09121840447187424,53.328125,1.0433614253997803,-0.0006268269207794219,0.8977321745030816,0.06297916965559125,552,6.850995123386383e-05,1.6442482544471742,1.6442482544471742,0.0
-0.002456698101013899,-0.001326076002442278,0.875,0.001373932434944436,0.0008500077346980106,0.02210521697998047,8.612184319645166e-05,-0.00038481748197227716,0.18293385207653046,39.4375,1.1278611421585083,-0.000506162759847939,0.8987699926328963,0.07714605331420898,560,5.2073970437049866e-05,2.7688079434926154,2.7688079434926154,0.0
-0.0021086635533720255,0.0010275944659952074,0.875,0.0013712846412090585,7.598061347380279e-05,0.022468579933047295,2.724770274653565e-05,0.0015410545747727156,0.07896426320075989,16.4921875,1.0415033102035522,-0.0005756925384048373,0.8995188427883973,0.0800451133400202,568,-0.00020355917513370514,2.3805661911713756,2.3805661911713756,0.0
-0.0007804157794453204,0.0016123278292070609,0.875,0.0013705925230169669,-0.0008021322628337657,0.028431657701730728,3.0460900234174915e-05,8.067974704317749e-06,0.02802763693034649,23.6875,0.6657137274742126,0.0002976981922984123,0.8993510387604208,0.05115312128327787,576,-0.0005086325109004974,1.2656206670632417,1.2656206670632417,
-0.00046772402129136026,0.00046890411033473356,0.875,0.001375500112771988,-0.001423438559868373,0.02320093661546707,2.3047250579111278e-05,-0.0007182225817814469,0.016046760603785515,31.6875,0.38159212470054626,0.0018962043977808207,0.8988932166227961,0.022392265149392188,584,-0.0013723261654376984,1.492311620491739,1.492311620491739,
-0.00015306493151001632,0.00010789622727713778,1.0,0.0013841388863511384,1.076042326531024e-05,0.022685352712869644,1.0817930160555989e-05,0.00021264547831378877,0.004054718650877476,39.6875,0.2297872006893158,-4.1865918319672346e-05,0.8984395318123174,0.004830262274481356,592,0.0006079860031604767,2.4232385251952917,2.4232385251952917,
-0.0001539692748337984,1.3279388895170998e-05,1.0,0.0013908257678849623,0.000942093538469635,0.022574033588171005,1.5431416613864712e-05,0.00066020293161273,0.004074341617524624,47.6875,0.21676240861415863,-0.001478625083109364,0.8979627545366483,0.0034699624811764807,600,0.0007168389856815338,1.7282454860700551,1.7282454860700551,
-0.00010745808685896918,-3.349659194640253e-05,1.0,0.0013911683054175228,0.00043870464332940173,0.02249326929450035,1.081418122339528e-05,-5.350298306439072e-05,0.002147265709936619,55.6875,0.20775486528873444,-0.0007739967259112746,0.8975392444413506,0.0029588264878839254,608,-0.00018841400742530823,1.9331799934395386,1.9331799934395386,
-0.000440720294136554,-1.555251927243262e-05,1.0,0.0013876175944460554,-0.000508393051859457,0.022548792883753777,1.0035922969109379e-05,-0.0003790121409110725,0.014924226328730583,62.109375,0.2766265571117401,0.000765886710723862,0.897411808148027,0.00385953790100757,616,-0.0011066403239965439,1.5599193873743005,1.5599193873743005,0.0
-0.00010059272608486935,-8.203163224607124e-05,1.0,0.0013835578865837306,-0.0007962097588460892,0.022813042625784874,1.4644982002209872e-05,-0.00044956125202588737,0.0018710031872615218,65.375,0.2657133936882019,0.0012516471615526827,0.8971516842475219,0.007547541099484078,624,-0.0007023550570011139,0.9373046042873631,0.9373046042873631,
-8.78853170434013e-05,3.504681450650082e-05,1.0,0.0013825779897160826,-8.120158508972963e-05,0.022760817781090736,8.291666745208204e-06,9.590369882062078e-05,0.0014020490925759077,73.375,0.21413017809391022,0.00013620418030768633,0.8972366809028179,0.0015160053444560617,632,0.0004004891961812973,1.6126103800321985,1.6126103800321985,
-7.291920337593183e-05,2.3865197846362207e-05,1.0,0.0013824307825416327,0.0005702549497073051,0.027279671281576157,7.08427569406922e-06,0.0002741873904597014,0.0008932473137974739,81.375,0.207147017121315,-0.0008933524077292532,0.8969596626926559,0.0010566098935669288,640,0.00047505833208560944,1.102346260707312,1.102346260707312,0.0
-0.00041647296166047454,0.00017147956225471714,1.0,0.0013790116063319147,0.0006001109395583626,0.02247730642557144,5.507214882527478e-05,0.0011723923962563276,0.05813698470592499,78.7421875,0.4361755847930908,-0.0009329690656159072,0.8967211575730936,0.009283815714297816,648,0.0005263686180114746,1.017533258948233,1.017533258948233,0.0
-0.0014214153634384274,0.0006565584390045842,1.0,0.0013728943158639595,6.211428581082146e-05,0.022925516590476036,5.847309876116924e-05,0.0014253854751586914,0.09834111481904984,51.85156250000001,0.9272379875183105,-0.000451465166406706,0.8973252221829777,0.04301723372191191,656,-0.0002524610608816147,1.7011520494649612,1.7011520494649612,0.0
-0.003091560211032629,-0.0002593130193417892,0.875,0.0013693895598407835,-0.0005830236023030011,0.02714204043149948,2.642221807036549e-05,0.0002868928131647408,0.11664137989282608,30.992187499999996,1.0679993629455566,0.0005789703282061964,0.8982976383836186,0.06705227913334966,664,-0.0008049327880144119,3.1667484642391486,3.1667484642391486,0.0
-0.0007474517333321273,-0.0007934359691716963,1.0,0.0013693715445697308,-0.0008028987576835789,0.027608346194028854,1.9972687368863262e-05,-5.056300142314285e-05,0.026737425476312637,16.6875,0.7627934813499451,0.0010005989752244204,0.8986740355422692,0.06263282569125295,672,-0.000321732833981514,3.2472202550054843,3.2472202550054843,
-0.0007400436443276703,0.0004376626256998861,1.0,0.001375239182380028,-0.0004941828337905463,0.022931337356567383,1.902266376418993e-05,0.0004475386522244662,0.026508990675210953,24.6875,0.389060378074646,0.0005380057846195997,0.8984415714116074,0.023433943046256896,680,-0.00038624368607997894,1.010236564950849,1.010236564950849,
-0.0004150990571361035,5.1906332828366444e-05,1.0,0.0013812450633849949,0.0005665622193191667,0.02257092483341694,7.56885128794238e-06,-1.3694720109924674e-05,0.013983920216560364,32.6875,0.3363424837589264,-0.0009295466879848391,0.898260161736551,0.016577912610955536,688,0.00031097419559955597,0.9217036086454244,0.9217036086454244,
-0.00041566489380784333,2.033278633462033e-05,1.0,0.001383876660838723,0.000901575847819913,0.022251352667808533,2.2033738787285984e-05,0.0004280158900655806,0.013995874673128128,40.6875,0.2946925759315491,-0.0012221300275996327,0.8982334782257371,0.012446699314750731,696,0.0008685048669576645,1.019622813153265,1.019622813153265,
-7.949899736559018e-05,-3.1159269253233646e-05,1.0,0.0013803254114463928,-0.00014185366671881638,0.022645022720098495,4.356071713118581e-06,-6.589294207515195e-05,0.0011167763732373714,48.6875,0.21742956340312958,0.00019849406089633703,0.8982334278677324,0.00416437876992859,704,-0.00011094845831394196,1.1119838313010941,1.1119838313010941,
-8.366195834241807e-05,-3.7589291537187827e-06,1.0,0.0013726155448239297,-0.0007887482970545534,0.022679870948195457,1.215754309669137e-05,-0.0005223588086664677,0.0012663060333579779,56.6875,0.18669551610946655,0.0012729350128211079,0.8979662305152268,0.0014416229678317904,712,-0.0007638502866029739,0.6030538145158948,0.6030538145158948,
-0.00041750576929189265,0.00014206143600858923,1.0,0.0013658820098498838,-0.0003143898056805483,0.023219378665089607,6.156024937808979e-06,0.00016594486078247428,0.0140667874366045,61.5,0.2535310685634613,0.00041483246604911983,0.8978510212215532,0.0059061679494334385,720,-0.00024079158902168274,1.2994689355406357,1.2994689355406357,0.0
-0.0004151117173023522,-8.672657713759689e-05,1.0,0.001363955219858326,0.0005837042190250941,0.0248542670160532,1.1189245014975313e-05,0.0004700251738540828,0.013981781899929047,66.3125,0.3055475950241089,-0.0008280339243356138,0.8977274801070015,0.01251778448931873,728,0.0006715450435876846,0.9432438273753785,0.9432438273753785,
-7.722234295215458e-05,-6.253515939391718e-05,1.0,0.00136984430719167,0.0004766369493154342,0.02312600612640381,5.588962721958524e-06,0.0003112780977971852,0.00107393111102283,74.3125,0.26327773928642273,-0.0007802752952557057,0.8974859207169428,0.008197142917197198,736,0.0002847723662853241,1.6863094643026952,1.6863094643026952,
-0.00041029354906640947,4.140775234162675e-05,1.0,0.0013728807971347123,-0.00020919990856782533,0.022491004317998886,6.956492143217474e-06,0.00019422738114371896,0.013810431584715843,79.9453125,0.23575156927108765,0.00035229179775342345,0.8974126566886651,0.004022085908218287,744,-1.5754252672195435e-05,1.26890846684137,1.26890846684137,0.0
-0.001747345319017768,5.85519514970656e-05,1.0,0.0013657913514180109,-0.0003825331605185056,0.022419318556785583,1.4913855011400301e-05,-0.00040796492248773575,0.06512612104415894,75.2265625,0.4711056351661682,0.0006718909135088325,0.8972648370889965,0.022832630202174187,752,-0.000534864142537117,0.5504153035930512,0.5504153035930512,0.0
-0.0018057965207844973,-0.0007685179443797097,1.0,0.0013516591134248301,-3.6995455957367085e-05,0.023475835099816322,9.123492782237008e-05,0.00015131599502637982,0.08945997059345245,51.859375,0.8109148144721985,0.0001753312535583973,0.8977065286234094,0.05951307853683829,760,-0.00010965391993522644,1.3331336119235697,1.3331336119235697,0.0
-0.0017610506620258093,-2.652594048413448e-06,0.875,0.0013401234900811687,0.00043662059823645905,0.023751167580485344,1.0176628165936563e-05,-0.0003526155778672546,0.0656358152627945,25.4453125,0.8494206666946411,-0.00088581966701895,0.8982584086188133,0.05617473041638732,768,0.0002442430704832077,1.5654758843854057,1.5654758843854057,0.0
-0.001077476073987782,0.00020257417509128572,1.0,0.00134172935213428,-0.0005962548748357221,0.023424601182341576,5.757145117968321e-06,-0.0002958182885777205,0.039452508091926575,18.0625,0.5561290383338928,0.000706459570210427,0.8982498669498497,0.040293808560818434,776,-0.0004946272820234299,2.2981482254655052,2.2981482254655052,
-0.000743746233638376,0.0011928108287975192,1.0,0.0013527701084967703,-0.0005978419321763795,0.027912858873605728,1.7033213225658983e-05,0.0008366921101696789,0.026828892529010773,26.0625,0.48884767293930054,0.00031295663211494684,0.898164950853292,0.03313577128574253,784,-0.00026600249111652374,1.3660629175729395,1.3660629175729395,
-0.0007400674512609839,0.0006630353982473025,1.0,0.0013621642719954252,6.863072144369652e-06,0.022174445912241936,6.556124390044715e-06,0.0005079432157799602,0.02651558816432953,34.0625,0.3916907012462616,-0.0002871701726689935,0.8979647248074414,0.023251462960615754,792,9.952671825885773e-05,0.9971231465252961,0.9971231465252961,
-0.00040418331627734005,0.00018943875147670042,1.0,0.0013622927071992308,0.0003729465915967012,0.022519290447235107,1.1368588275217917e-05,0.0003215987526345998,0.013648775406181812,42.0625,0.3180798590183258,-0.0006567589589394628,0.8977807902055024,0.014887613710016012,800,0.0007766745984554291,0.6265131053625804,0.6265131053625804,
-0.0003981363261118531,0.0002675621672096895,1.0,0.0013527374976547435,0.00024258254961750936,0.027847032994031906,8.574888852308504e-06,0.0004175752983428538,0.013683600351214409,50.0625,0.3015550374984741,-0.0004158274969086051,0.8974539952519566,0.011950191343203189,808,0.00028541870415210724,0.6210795156992033,0.6210795156992033,
-6.347610178636387e-05,-0.00016640298111880727,1.0,0.0013401229225564748,-0.0003324937206343747,0.023305809125304222,1.3914394003222696e-05,-9.105757635552436e-05,0.0006226778496056795,58.0625,0.2696441113948822,0.0005325512611307204,0.8969993395066479,0.006458246964029968,816,-0.00014993548393249512,0.742068977593856,0.742068977593856,
-0.000398492906242609,2.629167852319373e-06,1.0,0.0013365777704166248,-0.00020087658685952192,0.02965935319662094,5.477838385559153e-06,-0.0002014844212681055,0.013465859927237034,62.0390625,0.28796571493148804,0.0002949334448203445,0.8967458276239464,0.006655541554209776,824,-0.00027913227677345276,1.12682013326424,1.12682013326424,0.0
-0.00039383137482218444,-0.00012733532958009164,1.0,0.0013433183339657262,0.0003393855540707591,0.02248653955757618,5.7063871281570755e-06,-7.206814188975841e-05,0.01332186721265316,67.625,0.3027685284614563,-0.0004022167413495481,0.8964947923300434,0.011852435069158673,832,5.070120096206665e-06,1.2544254558505519,1.2544254558505519,
-5.748677722294815e-05,-0.00024318516987875682,1.0,0.0013533248420571908,0.00022915651607036128,0.027531273663043976,6.168950676510576e-06,0.00012216082541272044,0.00042956462129950523,75.625,0.3075828552246094,-0.00024401542032137513,0.8964265403274717,0.007555454132671003,840,-1.4903023838996887e-05,1.0327758794648392,1.0327758794648392,
-0.0003912990796379745,1.562167638002876e-05,1.0,0.0013591263414127752,-0.00016961497840384254,0.02721463330090046,3.4083068385371007e-06,-4.193664062768221e-05,0.013242905959486961,81.1875,0.24996772408485413,0.00017453031614422798,0.8962047092141096,0.003571951783669647,848,-0.00011366605758666992,0.8036870546968677,0.8036870546968677,0.0
-0.0020733659621328115,-0.0005838126526214182,1.0,0.0013535945472540334,-0.00021789840889141487,0.022096676751971245,2.5936536985682324e-05,-0.0006504204939119518,0.07784630358219147,71.52343749999999,0.5602828860282898,0.0001857549068517983,0.8964396093604557,0.029994127457030118,856,-0.00018679536879062653,0.6579441554661498,0.6579441554661498,0.0
-0.002500734059140086,-0.001222181752382312,0.875,0.001344207616057247,-0.00013369647786021233,0.02836775779724121,4.556208659778349e-05,-0.000897235469892621,0.11150716245174408,45.8828125,0.9995609521865845,0.000365453859558329,0.8968889810143732,0.08073833864182234,864,-0.00016594864428043365,1.5503310239507713,1.5503310239507713,0.0
-0.0028282469138503075,7.311373701668344e-05,1.0,0.0013390556996455416,-0.00016442039941466646,0.02312002144753933,5.438315201899968e-05,-0.001271333429031074,0.12243736535310745,22.0,1.1843690872192383,3.312824992462992e-05,0.8975343287057028,0.10283949133008718,872,-0.0006636213511228561,1.73715348619149,1.73715348619149,0.0
-0.0023931025061756372,0.0021138819902262185,1.0,0.0013431034167297184,-0.00010165352250623982,0.02838098630309105,6.148849934106693e-06,0.00020827518892474473,0.09083209931850433,19.4375,1.033442735671997,-0.0007391907565761358,0.8978029626200762,0.09130111709237099,880,2.294778823852539e-05,1.3052903059302718,1.3052903059302718,
-0.002394130453467369,0.0018827930907718837,0.875,0.0013553574244724587,-0.00020837924375882716,0.022971980273723602,2.3864082322688773e-05,0.001834019203670323,0.0907667800784111,27.4375,0.9034758806228638,-0.0004721699224319309,0.8982347200927352,0.07854957319796085,888,9.700283408164978e-05,1.0868215727545945,1.0868215727545945,
-0.0017220096196979284,-0.00046547667807317333,0.7499999999999999,0.0013672239001607522,-0.0008131743452395312,0.022230274975299835,2.0413008314790204e-05,-0.0013767159543931484,0.06485176831483841,35.4375,0.758845329284668,0.0011638127907644957,0.8984250637705024,0.0646868827752769,896,-0.0011804699897766113,0.9135292768254502,0.9135292768254502,
-0.0013910244451835752,-0.00087040595462895,0.875,0.001371895777992904,-0.00046349406284207356,0.021826326847076416,1.687861185928341e-05,-0.001109914155676961,0.05183086544275284,43.4375,0.6216963529586792,0.0006333468481898308,0.898635514891304,0.04922842513769865,904,-0.0006056856364011765,0.8791787491562338,0.8791787491562338,
-0.001052376115694642,-0.0004884279987891205,1.0,0.0013667221937794238,0.0010560925511526875,0.027270842343568802,2.0951667465851642e-05,0.0009042149176821113,0.038898251950740814,51.4375,0.509861946105957,-0.0012245113321114331,0.8985853641137767,0.03379273088648915,912,0.0011952873319387436,0.4136399119632591,0.4136399119632591,
-4.317792263464071e-05,8.118104480736577e-05,1.0,0.0013572071766247973,0.0008752581125008874,0.027480755001306534,1.1556614481378347e-05,0.00044851572602055967,4.689473280450329e-05,59.4375,0.2629376947879791,-0.0011895031202584505,0.8982623910405942,0.0028911409108332005,920,0.0005687084048986435,0.7884899352125311,0.7884899352125311,
-0.00037991334102116525,-7.665519672972465e-05,1.0,0.0013506159302778542,-0.00024277306874864735,0.028435034677386284,9.00740906217834e-06,-8.430724847130477e-06,0.012980153784155846,61.85937500000001,0.3555009663105011,0.00037578368210233753,0.8982718755770641,0.008801088503787469,928,-0.0006570443511009216,0.6354838119184014,0.6354838119184014,0.0
-4.258713670424186e-05,-4.173922168648758e-05,1.0,0.001358744062599726,-0.0008318549371324478,0.0332644023001194,8.608842108515091e-06,-0.0005515584489330649,3.4429263905622065e-05,69.0625,0.26621872186660767,0.001260452118003741,0.8982623159425112,0.0014672510069431155,936,-0.0007023569196462631,1.3861196701142537,1.3861196701142537,
-4.30975851486437e-05,2.4140009713402574e-08,1.0,0.0013795915729133414,0.00014439650669828552,0.03225226327776909,9.000948921311647e-06,0.00024121890601236373,3.2418203772976995e-05,77.0625,0.22602245211601257,-0.00021347409347072244,0.8979062510227219,5.508043295776588e-05,944,0.00039756670594215393,1.3135715051888928,1.3135715051888928,
-4.334930417826399e-05,6.388227458131723e-08,1.0,0.0013993064494570717,0.0005166140599612845,0.026776142418384552,1.0622989975672681e-05,0.00022671536135021597,2.5862682377919555e-05,85.0625,0.2573245167732239,-0.0008873979968484491,0.8974579307241624,4.912414578939206e-05,952,0.0001226421445608139,0.571831373243671,0.571831373243671,
-0.0010571656748652458,-0.00046464705774384996,1.0,0.0014119039697106928,0.000451004818387446,0.03128591179847717,9.758205123944208e-06,-0.00032820794149301946,0.038895320147275925,74.39843749999999,0.519976794719696,-0.0003762104024644941,0.8975617734298521,0.022587441317227782,960,-9.402632713317871e-05,0.9057021323434565,0.9057021323434565,0.0
-0.002209251979365945,-0.00030899572811904363,0.875,0.001419044056092389,-0.000452278065495193,0.02621329389512539,7.348458166234195e-05,0.0018349725287407637,0.1224188581109047,48.2421875,0.812460720539093,0.0008139039855450392,0.8979349220361647,0.05244150897487998,968,0.00025257840752601624,1.6767583949162783,1.6767583949162783,0.0
-0.003751462558284402,-0.0005554356721404474,1.0,0.0014258936571422964,-0.0003789347974816337,0.022297058254480362,3.2920739613473415e-05,0.00018966145580634475,0.1424189805984497,20.9375,1.197894811630249,0.0006289757147897036,0.898489188157087,0.10540163330733776,976,-0.000306498259305954,1.7981863511483511,1.7981863511483511,0.0
-0.0017347061075270176,0.0014108857103565242,1.0,0.0014333309663925318,-0.0007783290129736997,0.02799300290644169,9.152877282758709e-06,-0.0005461139371618629,0.06488099694252014,19.1875,1.0229289531707764,0.00034933380084112287,0.8988299830602581,0.08996577421203256,984,-0.0004447605460882187,1.254024228251195,1.254024228251195,
-0.0017308966489508748,0.0008691419789101928,0.875,0.0014476769138127565,-0.00031743455156174605,0.022476207464933395,1.1357306902937125e-05,4.546155105344951e-05,0.06474603712558746,27.1875,0.6925672292709351,-7.648448809050024e-05,0.8991305607438163,0.05623045610263944,992,-0.0004219021648168564,0.8479099000678973,0.8479099000678973,
-0.00038672127993777394,0.0008280630427179858,0.875,0.0014671751850983128,0.0005163477469523059,0.03219121694564819,1.21016937555396e-05,0.0007303457241505384,0.01307450421154499,35.1875,0.6269650459289551,-0.0008860448142513633,0.8992627580880395,0.046402196399867535,1000,0.0006258022040128708,0.799547978952779,0.799547978952779,
-0.00038467213744297624,-8.062955248533399e-05,1.0,0.0014853420871077105,0.00033464519765402656,0.022627945989370346,4.768410690303426e-06,0.00017437717178836465,0.012981655076146126,43.1875,0.2845354676246643,-0.0004994854680262506,0.8990965181622824,0.01133747585117817,1008,0.0004039499908685684,0.8988032700197527,0.8988032700197527,
-0.00038606594898737967,-0.00018018613081949297,1.0,0.001493423813371919,-0.00043644711877277587,0.0229318980127573,9.579594916431233e-06,-0.0003908089129254222,0.012998289428651333,51.1875,0.2765164077281952,0.0006550930556841195,0.8990217048713659,0.0113499800208956,1016,6.970018148422241e-06,0.5642809494825812,0.5642809494825812,
-0.00038557607331313193,8.04309781488044e-05,1.0,0.0014879217342240736,-0.0004671634360420284,0.0224737711250782,7.008434749877779e-06,-0.00010376972204539925,0.013000288978219032,57.609375,0.26329365372657776,0.0006593406433239578,0.898952009235192,0.006160197566714487,1024,-0.00030476227402687073,0.5437048945803926,0.5437048945803926,0.0
-4.7733872634125873e-05,3.0177381571405704e-07,1.0,0.0014802395453443749,0.0005445739552669693,0.026407217606902122,5.064881406724453e-06,0.0004588519805110991,6.900380685692653e-05,60.875,0.22198106348514557,-0.0007743782189209013,0.8987767671396436,0.001535046729259193,1032,0.0006229802966117859,0.5246470120913322,0.5246470120913322,
-4.727507257484831e-05,1.0987941001516789e-07,1.0,0.0014792973233852533,0.00042610209311533254,0.025413649156689644,1.3827376278641168e-05,0.00025457702577114105,6.573949212906882e-05,68.875,0.2084091603755951,-0.0007533328316640109,0.8987090063879679,0.00010522424418013544,1040,0.0006637014448642731,0.9075222400733972,0.9075222400733972,
-4.7744542825967073e-05,-7.999346318676714e-08,1.0,0.0014838190109003335,-0.0004320620573707855,0.029362350702285767,8.408463145315181e-06,-3.5718217986868694e-05,7.088403799571097e-05,76.875,0.21369881927967072,0.0005382490635383874,0.8987142769316617,0.0001116588155127829,1048,-1.613236963748932e-05,0.9150131106560436,0.9150131106560436,
-0.00015075382543727756,2.5027340615046967e-05,1.0,0.001490747687057592,-0.0005083222858957015,0.02515849843621254,4.176494257990271e-05,0.0004044173692818731,0.018431542441248894,84.0859375,0.24286946654319763,0.0005142587760929018,0.8988190977188469,0.0005461893661049544,1056,0.0001496877521276474,0.8743535201538508,0.8743535201538508,0.0
-0.0020732085686177015,0.0006790857360101654,1.0,0.0014929016469977796,2.884899095079163e-05,0.025253383442759514,1.792766124708578e-05,0.001471388153731823,0.07771655172109604,65.78125,0.5972735285758972,-0.00041147964657284314,0.8992700452183688,0.031963996530976146,1064,0.0005288850516080856,0.7185510617744828,0.7185510617744828,0.0
-0.0027566133067011833,-0.002334980104933493,0.875,0.001493515374022536,7.171576953624026e-05,0.02710382640361786,2.123935155395884e-05,-0.001344113377854228,0.10395850986242294,44.9375,0.9178957939147949,0.0009680177900008857,0.8998865018883253,0.07649546675384046,1072,-0.00029298290610313416,1.4952343360203562,1.4952343360203562,0.0
-0.0027506558690220118,-0.001154689511167817,0.625,0.0014902514376444742,0.00018653464030649047,0.022349443286657333,5.2038707508472726e-05,-0.0009497483260929585,0.10361349582672119,23.90625,1.054190993309021,0.0002651211980264634,0.9005540245960267,0.09292965475469829,1080,-6.726011633872986e-05,1.0355110876612488,1.0355110876612488,0.0
-0.002073050709441304,1.2729644367936999e-05,0.875,0.0014852540771244094,-6.747068619006313e-05,0.022297723218798637,3.811933856923133e-05,0.001146166119724512,0.07768823206424713,22.7265625,0.8898957371711731,8.71618976816535e-06,0.9008736394027548,0.07647273130714893,1088,0.0003042798489332199,0.7556457239825232,0.7556457239825232,0.0
-0.0010610740864649415,0.0007568793571408605,1.0,0.0014785982057219371,0.0004541202870314009,0.0221155546605587,1.0143039617105387e-05,0.0005598835996352136,0.03886762633919716,28.125,0.5795032382011414,-0.00083938505849801,0.901029164509227,0.04235508153215051,1096,0.0005544945597648621,0.8677840933991611,0.8677840933991611,
-0.0010610920144245028,0.0007192846751422621,1.0,0.001478719656006433,9.608893378754145e-05,0.020580971613526344,1.0998875950463116e-05,0.0003957968729082495,0.0388527475297451,36.125,0.4800352156162262,-0.00036083205486647785,0.9010521403874227,0.0338949398137629,1104,0.00017180293798446655,1.1742724655807741,1.1742724655807741,
-0.0010609489399939775,0.0006852084843558259,1.0,0.0014824765967205165,-0.0008740951670915819,0.02205362357199192,1.9005521608050913e-05,-0.00010029255645349622,0.03886159509420395,44.125,0.4711027145385742,0.0008053683559410275,0.901210215567712,0.0338622722774744,1112,-0.0009744502604007721,0.6286892937388086,0.6286892937388086,
-0.0007229286129586399,0.00020458054495975375,1.0,0.0014704767236253247,-4.8380179578089155e-05,0.020455269142985344,6.140459299786016e-05,-0.0006913406541571021,0.025925062596797943,52.125,0.40011274814605713,-0.0002487529127392918,0.9012120482402195,0.02543050260283053,1120,-0.00037668272852897644,0.6137189565965505,0.6137189565965505,
-0.0010612396290525794,0.00010104504872288084,1.0,0.0014589270576834679,-0.0004957131022820249,0.022005952894687653,1.8263537640450522e-05,-0.001049837563186884,0.03885380178689957,56.1796875,0.4356060028076172,0.0006589977128896863,0.9012845034764261,0.028789883479475975,1128,-0.0007400922477245331,0.7103263603658507,0.7103263603658507,0.0
-0.0003835028037428856,0.0001423964122295729,1.0,0.0014374378370121121,0.0012781938130501658,0.01969720795750618,2.757615402515512e-05,0.0009377858368679881,0.012990940362215042,61.8125,0.3264774978160858,-0.002207273180829361,0.9011814669713569,0.01556974637787789,1136,0.001323239877820015,0.7063328974601162,0.7063328974601162,
-0.0003840502176899463,-0.0008353779958270025,1.0,0.0014333677099784836,-0.000443337927436005,0.022643912583589554,1.9795881598838605e-05,-0.0004675035015679896,0.012993869371712208,69.8125,0.2624983787536621,0.0011787595285568386,0.9011643313346551,0.011349899577908218,1144,-0.0005715098232030869,1.6551796056813795,1.6551796056813795,
-4.4706728658638895e-05,-0.0004806782776927143,1.0,0.0014098820684012026,-0.000620759561570594,0.02126697450876236,2.5495952286291867e-05,-0.0004812045081052929,5.0181832193629816e-05,77.8125,0.23934030532836914,0.0011222442262805998,0.9009798566819889,0.008534787339158356,1152,-0.000561930239200592,1.3069782578324343,1.3069782578324343,
-0.0003827849286608398,-0.00039051516281318754,1.0,0.0013742181763518604,0.001817794418457197,0.022639285773038864,6.803633004892617e-05,-0.00012342885020188987,0.012991458177566528,82.65624999999999,0.2248939424753189,-0.0029610110796056683,0.900964572067103,0.0050665093244788295,1160,-0.0009854920208454132,0.802887298989762,0.802887298989762,0.0
-0.0017351956339552999,-0.0028333837472018786,1.0,0.001364711715723388,-0.003108734716079198,0.02125735953450203,0.00022383066243492067,-0.005033884197473526,0.06473482400178909,69.6875,0.5047997236251831,0.005468081159051509,0.9010767134027217,0.034915850730612874,1168,-0.0026738494634628296,2.2121976714589415,2.2121976714589415,0.0
-0.0016405083006247878,0.0017422089877072722,0.875,0.0013347573549253864,0.0037262497935444117,0.02574865147471428,0.00037139924825169146,0.0039029447361826897,0.08655165135860443,51.62499999999999,0.6329970359802246,-0.0055517564178444445,0.9011236788340664,0.03748190333135426,1176,0.002442149445414543,3.9437370558223535,3.9437370558223535,0.0
-0.0020700024906545877,0.0020321932843216928,0.6249999999999999,0.001339098860626109,-0.0012234724199515767,0.018588898703455925,7.066232501529157e-05,0.0008419213118031621,0.07765284925699234,24.1875,0.7945556640625,0.0009331545152235776,0.9013724227594192,0.0635475218296051,1184,-0.0011820588260889053,3.9721035264637923,3.9721035264637923,0.0
-0.001731700380332768,0.0009209276504407172,0.875,0.0012975096324225888,-0.0027470998174976557,0.018203923478722572,0.00014288145757745951,-0.0011541524436324835,0.06473085284233093,20.609375,0.6831598877906799,0.003595410380512476,0.9015384008454955,0.05827574944123626,1192,-0.0031058043241500854,1.400894168105468,1.400894168105468,0.0
-0.0010577439097687602,0.0035325600911164656,1.0,0.0012962767505086958,0.0016368615742976549,0.020928895100951195,0.00018733899923972785,0.0025532892905175686,0.038942959159612656,27.8125,0.6173962950706482,-0.003927326091798022,0.9014761679665492,0.04532894305884838,1200,0.0011676941066980362,2.9237564967237266,2.9237564967237266,
-0.0003802412247750908,0.0007335325517487945,1.0,0.0013029371330048887,0.00012194413693578099,0.019461041316390038,4.618700040737167e-05,-1.0751464287750423e-05,0.013000411912798882,35.8125,0.3947121500968933,-0.0009213666198775172,0.9013775515083305,0.02403268334455788,1208,-8.733943104743958e-06,2.780560948794879,2.780560948794879,
-4.254568193573505e-05,-0.00020544505153630152,1.0,0.0012932717945659533,-0.001111419056542218,0.020777825266122818,4.772340980707668e-05,-0.0005291035631671548,5.870929453521967e-05,43.8125,0.18293496966362,0.002360400394536555,0.9012353715087398,0.0029079861733407597,1216,-0.0005874410271644592,0.8095421751110419,0.8095421751110419,
-4.222203642711975e-05,1.3677775245746204e-07,1.0,0.0013077133044134825,0.0010744168248493224,0.022012390196323395,0.00010442400525789708,0.0009888435015454888,7.042384095257148e-05,51.8125,0.18117710947990417,-0.0014814029273111373,0.9011180895269263,9.320140816271304e-05,1224,0.0004541650414466858,1.778857613584437,1.778857613584437,0.0
-0.0003806386375799775,-0.0005105315867695026,1.0,0.0013010328984819353,0.0005962119394098409,0.021847233176231384,4.800328315468505e-05,0.0003083511837758124,0.012993254698812962,53.5,0.26975470781326294,-0.0003578989999368787,0.90104062784899,0.01040196089888923,1232,0.001003475859761238,1.9683299163273265,1.9683299163273265,
-0.0003788274188991636,-0.001536965646664612,1.0,0.001289651219849475,-0.0011040371682611296,0.018530644476413727,4.2146748455706984e-05,-0.0014092500787228346,0.012986702844500542,61.5,0.23536935448646545,0.0025285848532803357,0.9009311452603141,0.011352084577083588,1240,-0.001209411770105362,1.1818474311823353,1.1818474311823353,
-0.0003761742264032364,-0.00047116555379034253,1.0,0.0012553196283988655,0.000712722227035556,0.017548952251672745,8.109483314910904e-05,3.455296973697841e-05,0.0129715446382761,69.5,0.2570621371269226,-0.00132776953978464,0.9007606523996996,0.01135004626121372,1248,0.0010208263993263245,1.4074599167106903,1.4074599167106903,
-0.0003777273232117295,-0.0015194165025604889,1.0,0.0012177656608400864,0.00039485410388806486,0.020595014095306396,8.682429324835539e-05,-0.0005099577247165143,0.012979727238416672,77.5,0.24269835650920868,-0.0003327409503981471,0.9006198363975864,0.011353894253261387,1256,0.00033538974821567535,0.9859668134678743,0.9859668134678743,
-0.0007172997575253248,-0.00022156995954736303,1.0,0.001232947048265487,-0.0011934673548239516,0.01994122937321663,5.2956667786929756e-05,-0.001457375125028193,0.025923829525709152,78.3515625,0.2836410403251648,0.0017875576741062107,0.9004904674742914,0.01254457664981601,1264,-0.0007306579500436783,1.254746855700245,1.254746855700245,0.0
-0.0013925464591011405,-0.00207386800320819,1.0,0.0012074787518940866,0.000755298082367517,0.021157069131731987,0.00020254777336958796,-0.0021511740051209927,0.05180710554122925,61.8125,0.5989606380462646,-0.0001715934195090085,0.9006272492614668,0.044583630515262485,1272,0.001383984461426735,1.4513402110528957,1.4513402110528957,0.0
-0.0013996690977364779,0.0022676352327835048,1.0,0.0012166363885626197,0.0015643266087863594,0.03287658095359802,7.623856072314084e-05,0.0015343752456828952,0.05203007906675339,48.2578125,0.6752942800521851,-0.002512470178771764,0.9008814541624329,0.0483098877593875,1280,0.0005857348442077637,0.8360039847990444,0.8360039847990444,0.0
-0.0021670141723006964,-0.0011070707805629354,0.7499999999999999,0.0012314077612245455,-0.0013100541200401494,0.033731859177351,8.775515016168356e-05,-0.00023574517399538308,0.09508182108402252,27.0078125,0.8737064599990845,0.002272078301757574,0.9011847063453866,0.06953903893008828,1288,-0.0009174775332212448,1.591147781136516,1.591147781136516,0.0
-0.0013857634039595723,-0.002641629369463772,1.0,0.001204766274895519,-0.0009479477230343036,0.022779669612646103,5.516960663953796e-05,-0.0028605815023183823,0.05180853605270386,21.1875,0.7230218052864075,0.0023667617642786354,0.9013506467918573,0.06485739629715681,1296,-0.0007990747690200806,1.5391944458661093,1.5391944458661093,
-0.0007134483894333243,0.0005015750903112348,1.0,0.0012003858864773065,0.0015171658378676511,0.017916366457939148,8.969625196186826e-05,0.0015515778213739395,0.025909464806318283,29.1875,0.49633240699768066,-0.0027365108835510914,0.9013685178530239,0.03528119716793299,1304,0.001982247456908226,1.1696219365992717,1.1696219365992717,
-0.0003791186318267137,0.0006603098827326904,1.0,0.0011988886399194598,0.000973468013398815,0.01956172101199627,4.831320984521881e-05,0.0013076672330498695,0.013008693233132362,37.1875,0.3081863224506378,-0.0018947016214951873,0.9012349701801139,0.015580171369947493,1312,0.0016454216092824936,1.4926429540748498,1.4926429540748498,
-0.0003778781392611563,0.0004614318168023601,1.0,0.0012472321250243112,-0.002067117435217369,0.019623873755335808,0.00010405131615698338,0.00017292535630986094,0.012983609922230244,45.1875,0.2465483546257019,0.00345980777638033,0.9011753222495108,0.011304206564091146,1320,-0.0014344863593578339,1.0978536517780673,1.0978536517780673,
-4.1499330109218135e-05,0.00030867384410249166,1.0,0.0012221585348015651,0.0002001326438403339,0.02058839052915573,7.801104220561683e-05,0.0007746468181721866,6.0616210248554125e-05,53.1875,0.21624785661697388,0.00036294251913204784,0.9010305982729949,0.005728622162678221,1328,0.0019361544400453568,2.236119721896286,2.236119721896286,
-0.0001457022735849023,1.9463472046510333e-05,1.0,0.0012084705231245607,0.0019573035824578255,0.017428845167160034,9.060029697138816e-05,0.0013328830245882273,0.01733739674091339,60.3203125,0.18179874122142792,-0.0029483220132533457,0.9009861114817571,0.000543276229109324,1336,0.0020188819617033005,0.838130120840679,0.838130120840679,0.0
-0.0003787878667935729,-0.0001452179130865261,1.0,0.0012097648868802935,-0.0006366015113599133,0.019858423620462418,1.197746314574033e-05,-0.0006896628765389323,0.012986855581402779,62.25,0.24325506389141083,0.0010099436331074685,0.9009941756857179,0.01136326277628541,1344,-0.0004470944404602051,2.239218261262882,2.239218261262882,
-0.0003777293022722006,0.0005641106254188344,1.0,0.0011935625079786407,-0.0018492755625629798,0.018798381090164185,3.782673229579814e-05,-0.0012608946999534965,0.012996571138501167,70.25,0.23719222843647003,0.0021176007867325097,0.900931665216499,0.011369627784006298,1352,-0.0010678227990865707,0.888202829813032,0.888202829813032,
-0.00048689753748476505,0.0010064345915452577,1.0,0.0012047028430970388,0.0006407439450413221,0.018041301518678665,5.800791768706404e-05,0.0016530363354831934,0.03018937259912491,77.4609375,0.2785700261592865,-0.0016836495778989047,0.9009441581411274,0.011825465597212315,1360,0.0008888654410839081,1.5096317697620079,1.5096317697620079,0.0
-0.001170261180959642,0.0009048900137713645,1.0,0.0011502876150188968,0.0005948988100499264,0.021944178268313408,5.361632429412566e-05,0.0007573679322376847,0.05563875287771225,77.5546875,0.4156249761581421,-0.001376808708300814,0.9010217903795111,0.02561945328488946,1368,0.0007777102291584015,1.1066745792628503,1.1066745792628503,0.0
-0.0013886102242395282,-0.001877777373010758,1.0,0.001106257477658801,-0.0010441236954648048,0.01986083947122097,6.617789767915383e-05,-0.0022409844677895308,0.05178935080766678,58.84375,0.5965240001678467,0.0023557852546218783,0.9011227599979883,0.043000200763344765,1376,-0.0023098979145288467,1.1958580101032628,1.1958580101032628,0.0
-0.00206927047111094,0.00014384862515726127,0.875,0.0011173407401656732,0.000505708456330467,0.01597677171230316,3.98194242734462e-05,-0.00019616936333477497,0.07784167677164078,42.8125,0.6788079142570496,-0.0009517159778624774,0.9013298761717523,0.052179146092385054,1384,0.0005744490772485733,1.7774658551152736,1.7774658551152736,0.0
-0.0017246454954147339,0.0014828303319518454,1.0,0.0010808269580593333,0.0009090488638321403,0.01701885275542736,4.090584843652323e-05,0.0012135312426835299,0.06472834944725037,23.625,0.6999276280403137,-0.002029607741860673,0.9014782866446589,0.052284492179751396,1392,0.00043343938887119293,1.0126930164473813,1.0126930164473813,0.0
-0.0010532466694712639,0.0007376599969575182,1.0,0.0011326555832056326,-0.0014826020778855309,0.02044576033949852,7.126425043679774e-05,0.0011745080118998885,0.03886844590306282,21.9375,0.6011592149734497,0.001968857628526166,0.9014745468329048,0.04939709370955825,1400,-0.0011552795767784119,1.6377067474613676,1.6377067474613676,
-3.7270259781507775e-05,2.3919992994336784e-05,1.0,0.0011148048943141475,-0.0010651864795363508,0.017925899475812912,2.2517986508319154e-05,-0.0008068718016147614,5.490045441547409e-05,29.9375,0.16910496354103088,0.002093590359436348,0.9013086276013469,0.001503942363342503,1408,-0.0009984467178583145,1.5443327512653529,1.5443327512653529,
-3.605739038903266e-05,3.6919030854676294e-07,1.0,0.0011330266570439562,0.0013376685019466095,0.016774576157331467,5.159009378985502e-05,0.0006836001994088292,5.5038995924405754e-05,37.9375,0.15279877185821533,-0.0029168808832764626,0.9009787691496158,9.743920509208694e-05,1416,0.0010704528540372849,1.4026178837033418,1.4026178837033418,
-3.9910897612571716e-05,-1.2337957944197342e-07,1.0,0.0011876677453983575,-0.0013418756716419011,0.020144060254096985,0.00020592130022123456,-0.0009436792461201549,4.938407801091671e-05,45.9375,0.14150278270244598,0.0027626589871942997,0.9008979922833771,8.999292913358659e-05,1424,-0.002331957221031189,1.8118998328997504,1.8118998328997504,
-3.978430322604254e-05,1.1099383101509375e-06,1.0,0.0012379124382277953,0.005370248720282689,0.019165419042110443,0.00030083564342930913,0.003555984701961279,4.582620022119954e-05,53.9375,0.2103371024131775,-0.009425169439055027,0.9008340624310502,9.848849640547996e-05,1432,0.0052752383053302765,2.5464901092486603,2.5464901092486603,
-3.406855103094131e-05,-1.1492341869256961e-06,1.0,0.0011336035822751,-0.006335237470921129,0.01532946340739727,0.0003631905419752002,-0.0028935184236615896,4.3233692849753425e-05,61.9375,0.09517361223697662,0.010992684168741107,0.9007268428975275,9.040339864441194e-05,1440,-0.006073536351323128,6.01221454571134,6.01221454571134,
-0.0003757414815481752,-6.984742623172825e-06,1.0,0.0011855792836286128,0.00035298134309869056,0.017196660861372948,0.0003109883109573275,-0.00029584995354525745,0.012994006276130676,64.921875,0.22944840788841248,-0.0018154194694943726,0.9006242097229683,0.008364967935449386,1448,-1.6516074538230896e-05,6.255762024325752,6.255762024325752,0.0
-0.00037963103386573493,-0.0002793570274661761,1.0,0.001181475687189959,0.0043143621005583555,0.022252239286899567,0.00012958831212017685,0.0030638647731393576,0.01299268938601017,71.25,0.2915344536304474,-0.008361214015167207,0.900531462984339,0.01135878125205636,1456,0.003403548151254654,1.6852201427560658,1.6852201427560658,
-0.0006595916929654777,-0.0018361422553425655,1.0,0.0011269827737123705,-0.0036572092794813216,0.020535903051495552,0.0001916461333166808,-0.002192937768995762,0.02662605047225952,78.4375,0.2211119830608368,0.007580543984659014,0.9003435617574562,0.012539798044599594,1464,-0.003429960459470749,4.86150130626367,4.86150130626367,0.0
-0.0013912501744925976,-0.0011648004001472145,1.0,0.0011001801249221899,-0.0007953063711738648,0.019632160663604736,0.00011933313362533227,-0.0012076407438144088,0.05179726332426071,74.4140625,0.43459030985832214,0.00178105739178136,0.900308647851449,0.03273906512185931,1472,0.00012657232582569122,4.505788611150851,4.505788611150851,0.0
-0.001710571232251823,0.004081510327523574,1.0,0.0011045803621527739,0.0041585355065763,0.01760430447757244,0.0004918501363135874,0.010278338566422462,0.0650855004787445,55.203125,0.8300471901893616,-0.007311386230867356,0.9004838700469479,0.06338070053607225,1480,0.005113154649734497,1.630834202028636,1.630834202028636,0.0
-0.0017273235134780407,-0.0016750307258917019,0.875,0.0011781766806961969,-0.00041618051636760356,0.0317617692053318,1.3949031199445017e-05,-0.001101414323784411,0.06474804878234863,37.71875,0.8373636603355408,0.0010967162670567632,0.900758007745582,0.06897031515836714,1488,-0.0005906056612730026,3.94410047169474,3.94410047169474,0.0
-0.001048196805641055,-0.0027263700030744076,1.0,0.0010879978217417372,-0.0028748367767548184,0.016294706612825394,0.00015383269055746496,-0.002264698501676321,0.038862284272909164,17.140625,0.6973800659179688,0.004783155804034323,0.9009318776815568,0.060911504551768296,1496,-0.003155229613184929,1.036540475608719,1.036540475608719,0.0
-0.00037475518183782697,0.0005748439809849515,1.0,0.001122741639846936,-0.0014510122637148015,0.018220938742160797,0.00015547226939816028,-0.0015410613268613815,0.01297854445874691,23.5625,0.32589471340179443,0.001639446389162913,0.9008957612857261,0.019800285110250115,1504,-0.003425849601626396,2.5483753641153366,2.5483753641153366,
-0.00037721727858297527,0.0010969680079142563,1.0,0.001195558797917329,0.0030149923404678702,0.01737540401518345,0.00010199311509495601,0.0025175712071359158,0.012982755899429321,31.5625,0.2844545245170593,-0.00553106563165784,0.9009025227031142,0.011350329848937689,1512,0.003421187400817871,1.4561296943581215,1.4561296943581215,
-0.00037782915751449764,0.0011229383890167806,1.0,0.0012150324619142339,0.0005143280504853465,0.025866301730275154,4.3804317101603374e-05,0.0014231859240680933,0.012994914315640926,39.5625,0.2975345253944397,-0.0012498813448473813,0.9007530449064242,0.011349423439241946,1520,0.0007168184965848923,3.084398553317552,3.084398553317552,
-0.00037582911318168044,0.0011300785190542226,1.0,0.0012075457198079675,-0.002633667980262544,0.01816774345934391,0.00021214310254435986,3.719929372891784e-05,0.01299610547721386,47.5625,0.28210750222206116,0.004591700941091403,0.900841629105817,0.01137029123492539,1528,-0.0020245984196662903,0.9865672926070649,0.9865672926070649,
-3.607585313147865e-05,0.00018527669243684208,1.0,0.0011501377739477905,-0.0001936787330123479,0.016857044771313667,4.7490331780863926e-05,0.00026215059915557504,5.808442074339837e-05,55.5625,0.17530453205108643,0.0005539664416573942,0.9007318568543802,0.0015071044772412277,1536,-0.00018279440701007843,2.842806107123561,2.842806107123561,
-3.82472098863218e-05,6.162665577846838e-07,1.0,0.0011505731381475925,0.0024288433633046225,0.019358985126018524,0.00010157031647395343,0.0017257493454962969,6.641460640821606e-05,63.5625,0.18709570169448853,-0.004994104732759297,0.9005823072336708,9.818929993343772e-05,1544,0.0030713509768247604,0.5510296352218795,0.5510296352218795,
-3.0202116249711253e-05,1.2158149109708916e-07,1.0,0.0011298378813080487,0.0003006806964549469,0.018380794674158096,5.290537228574976e-05,0.0003585322992876172,4.650063783628866e-05,71.5625,0.16788800060749054,-0.0007231700874399394,0.9004659818359173,9.188354033540236e-05,1552,0.00146477110683918,2.625156030598479,2.625156030598479,0.0
-3.7325266021071e-05,0.0002735380444409686,1.0,0.0011424394033383578,-0.0022023451019776985,0.024760784581303596,9.94370857370086e-05,-0.0015997284790500998,5.56295235583093e-05,72.6875,0.21140891313552856,0.004431265231687576,0.9002570809890208,0.005684853739694518,1560,-0.002377968281507492,0.8879977153601253,0.8879977153601253,
-0.000254375918302685,-4.8280057807215115e-05,1.0,0.0011549255577847362,-0.0004715670056611998,0.022676430642604828,4.011068449472077e-05,-0.0005716399173252285,0.014709662646055222,79.875,0.1935921013355255,0.0009811305499169976,0.9001886476958365,0.0010069990348711144,1568,-0.001404283568263054,2.809349735603555,2.809349735603555,0.0
-0.001616021036170423,0.0016740973660489544,1.0,0.0011899831006303425,0.002655317832250148,0.021776458248496056,0.00012101142783649266,0.002520444802939892,0.06639256328344345,71.75781250000001,0.48030218482017517,-0.004856568586546928,0.9003393604892533,0.026963085867464542,1576,0.0024515241384506226,0.7301289096899236,0.7301289096899236,0.0
-0.002185722580179572,0.0020114766957703978,1.0,0.0011482842528494075,0.0008805025390756782,0.019727597013115883,2.986565414175857e-05,0.0020789054688066244,0.09417443722486496,54.9296875,0.6966166496276855,-0.002168763836380094,0.9005347968770203,0.055381414014846087,1584,0.0009129736572504044,2.56865423202266,2.56865423202266,0.0
-0.0030840535182505846,-0.0005924598917772528,0.375,0.00120459301979281,-0.0013487158648786133,0.020929696038365364,0.00010370246309321374,-0.0014706484507769346,0.11646988987922668,28.421875,0.98689204454422,0.0019592635217122734,0.9009777811285714,0.09036890603601933,1592,-0.0014328230172395706,1.020835897934592,1.020835897934592,0.0
-0.002068050904199481,-0.0037398537897388455,0.7499999999999999,0.001192262992844917,-0.0026070438616443425,0.026200754567980766,4.8126341425813735e-05,-0.001850947504863143,0.07766161113977432,16.5625,0.875872790813446,0.0040971655398607245,0.9012716970087916,0.08316503278911114,1600,-0.0016805324703454971,1.1017473282672647,1.1017473282672647,
-0.0017300377367064357,-6.405778458429266e-05,0.875,0.0012018683919450268,-0.00044312496083875885,0.025711391121149063,4.4772448745789006e-05,7.005495717749e-06,0.06479847431182861,24.5625,0.7479658722877502,0.0004806634970009327,0.9014213023279731,0.06629071291536093,1608,-0.0005701500922441483,2.066331331905407,2.066331331905407,
-0.0003752690681722015,0.0014191655500326306,1.0,0.001168904665973969,0.0019037780875805765,0.018157577142119408,6.616165774175897e-05,0.0010358248837292194,0.012987666763365269,32.5625,0.4414581060409546,-0.003849167114822194,0.9013545793616369,0.02686669339891523,1616,0.0015727952122688293,0.7181443743526881,0.7181443743526881,
-3.8663023588014767e-05,3.112496315260671e-05,1.0,0.001165121459052898,0.0010722255319706164,0.018171275034546852,3.5920777008868754e-05,0.0007666982710361481,5.50955519429408e-05,40.5625,0.17169244587421417,-0.0014947413001209497,0.9012117305772663,0.0014914604416844668,1624,0.0012520179152488708,2.1173131647090786,2.1173131647090786,
-3.5399501939537004e-05,-2.2684798217653676e-07,1.0,0.001146717113442719,-0.001207577057357412,0.016957499086856842,9.124076314037666e-05,-0.0005103115690872073,3.8195801607798785e-05,48.5625,0.1315164715051651,0.003002952231327072,0.9011059551816505,8.197347779059783e-05,1632,-0.0011143404990434647,0.9556412131085776,0.9556412131085776,
-3.809353438555263e-05,-1.166647578543234e-07,1.0,0.0011660031304927543,-0.0006157548268674874,0.018984293565154076,1.0298655979568139e-05,-0.00033809951855801046,5.7827201089821756e-05,56.5625,0.14286309480667114,0.0009357350645586848,0.9009690070882356,8.73502131071291e-05,1640,-0.0009547658264636993,1.8568368883130315,1.8568368883130315,
-3.897058195434511e-05,1.1614199291187788e-07,1.0,0.0011333544825902209,0.0008683143869347987,0.020354587584733963,7.832150731701404e-05,7.025924423942342e-05,5.2306415454950184e-05,64.5625,0.15235097706317902,-0.002693545015063137,0.9007195326122929,7.942886350065237e-05,1648,5.224347114562988e-05,0.69412210667568,0.69412210667568,
-0.0003761000989470631,0.00013198023594795938,1.0,0.0011281295883236453,0.0002278096371810534,0.018923785537481308,2.291669625265058e-05,0.0006020229193381965,0.012983663007616997,70.96875,0.1685037612915039,-0.0007108871359378099,0.9006504122101106,0.002876701588775177,1656,-0.000225704163312912,1.9099102472106566,1.9099102472106566,0.0
-0.0003772494092117995,0.0007269940351761762,1.0,0.0012188524415250868,-0.001209135618410073,0.018382234498858452,2.8165890398668125e-05,-0.000578108592890203,0.012979362159967422,74.1875,0.25025954842567444,0.0017107930616475642,0.9006345569927712,0.011350138694979249,1664,-0.000443069264292717,0.7702470903027315,0.7702470903027315,
-0.0003925211203750223,0.0006617819678638169,1.0,0.001168878356111236,-0.000716894803190371,0.015399817377328873,0.00013718684203922749,-0.0012418244732543826,0.013549746945500374,80.578125,0.21209007501602173,0.0013311023940332234,0.9005749718511421,0.0062012641938054,1672,-0.0008957535028457642,1.0511621532279753,1.0511621532279753,0.0
-0.0012569280806928873,0.0015219984416035004,1.0,0.001177769314381294,0.0011163861054228619,0.018746932968497276,3.4519780456321314e-05,0.0010651950724422932,0.05330245569348335,71.77343749999999,0.420148640871048,-0.0020730202668346465,0.9006287490877586,0.025545173091813925,1680,0.0008892044425010681,1.8565944573203859,1.8565944573203859,0.0
-0.0020650241058319807,0.00059091777256981,1.0,0.0012351122859399766,0.0009279949736082926,0.024479255080223083,5.485877409228124e-05,0.002026431728154421,0.07764662802219391,50.796875,0.7204214930534363,-0.001633487263461575,0.9008210507808151,0.05891877273097634,1688,0.0002207346260547638,1.0963932717944114,1.0963932717944114,0.0
-0.00308409845456481,-0.0014971025520935655,0.875,0.0011605420295381919,0.00019532445003278553,0.02574041672050953,0.00011578304111026227,-0.004352630116045475,0.11650977283716202,29.6484375,0.9561477303504944,0.00041376802255399525,0.901211016477924,0.0871653468348086,1696,-0.0016501303762197495,0.8338738959760104,0.8338738959760104,0.0
-0.0024005132727324963,-0.006455276103224605,1.0,0.0012101339671062306,-0.0013152286264812574,0.02375117503106594,4.310834628995508e-05,-0.0029793367721140385,0.09059716761112213,17.3125,1.03780198097229,0.0036255799350328743,0.9016340778026426,0.1022790614515543,1704,-0.0018274728208780289,1.060919555809472,1.060919555809472,
-0.001718987012282014,6.389109876181465e-05,0.875,0.0012134603748563675,-0.0004697155500252847,0.02223517745733261,1.1094990441051777e-05,0.00016687647439539433,0.0647643581032753,25.3125,0.8082582950592041,0.000581687840167433,0.9019076686406805,0.07179755112156272,1712,-6.969831883907318e-05,1.7288096954964973,1.7288096954964973,
-0.0010494808666408062,0.003652825951576232,1.0,0.0012016893742838874,0.00105344921030337,0.01649169810116291,6.618619954679161e-05,0.0025052716955542564,0.038830116391181946,33.3125,0.6310140490531921,-0.0025653951161075383,0.9019953598252451,0.04789219284430146,1720,0.002097003161907196,0.39412843418666665,0.39412843418666665,
-0.00037119045737199485,0.0021841977286385372,1.0,0.0011630278022494165,0.00046604699673480354,0.022219380363821983,4.93773004563991e-05,0.0008977761608548462,0.012957287952303886,41.3125,0.41781139373779297,-0.0012682565138675272,0.9019701805219487,0.026795068639330566,1728,0.0005394686013460159,1.4674520578672774,1.4674520578672774,
-3.388500408618711e-05,0.0005220638253282672,1.0,0.0011602648010011762,-0.00039693711187283043,0.015157497487962246,4.298248313716613e-06,-0.00016146911366377026,2.2633292246609926e-05,49.3125,0.21965740621089935,0.0005119892302900553,0.9019979156819441,0.008504845184234,1736,-0.00036674924194812775,0.8679740156356034,0.8679740156356034,
-3.179632039973512e-05,-8.214205715617595e-08,1.0,0.0011603407183429224,-0.0008978805672086309,0.014255975373089314,5.0128706789109856e-05,-0.00025133631424978375,1.733198223519139e-05,57.3125,0.13922739028930664,0.001133613026468083,0.9018665776686391,4.4550199618242914e-05,1744,-0.0007083192467689514,0.5008877207120646,0.5008877207120646,
-3.300414027762599e-05,-2.1362793090062837e-08,1.0,0.0011469155870145187,-0.0002974870840262156,0.015309234149754047,1.4976502825447824e-05,6.0452417528722435e-05,1.818359669414349e-05,65.3125,0.14351733028888702,0.00021277417545206842,0.9017533546652371,4.186694013696979e-05,1752,0.0002998337149620056,0.9026792949160531,0.9026792949160531,
-0.0003745800640899688,8.652396949937469e-05,1.0,0.0011831071897177026,0.0003805884734902065,0.01848350651562214,1.1455555977590848e-05,7.694146188441664e-05,0.012955334037542343,71.6875,0.17705689370632172,-0.0006148870743345469,0.9016347570626743,0.0028428918717509077,1760,5.1820650696754456e-05,0.6167215006741416,0.6167215006741416,0.0
-3.525626379996538e-05,-8.465253046052723e-05,1.0,0.0011918714590137824,0.0006036988343112171,0.015831900760531425,2.5013379854499362e-05,0.00041663236333988607,2.245592258987017e-05,74.8125,0.19254517555236816,-0.0007776526617817581,0.9015919485889533,0.004274485785117577,1768,0.00035346299409866333,0.48550870790451894,0.48550870790451894,
-0.0007113736937753856,-0.00016113481406943017,1.0,0.0011680526367854327,-0.00035169842522009276,0.016139157116413116,2.958187906187959e-05,-0.0016094757011160254,0.025893893092870712,77.27343750000001,0.22510495781898499,0.0008978194673545659,0.9015590652691516,0.009419843239811598,1776,-0.0007675644010305405,0.6106634319106952,0.6106634319106952,0.0
-0.0010359571315348148,5.2280572162999306e-05,1.0,0.001150405136286281,-0.0003766485933738295,0.016555804759263992,1.956045161932707e-05,0.0004918519989587367,0.0389288105070591,74.125,0.3092682659626007,0.0006671787123195827,0.9015567727545012,0.01813192234840244,1784,-0.0008401218801736832,0.7377886655192442,0.7377886655192442,0.0
-0.002065276727080345,-0.0010515126923564821,1.0,0.0011823382374132052,0.00047683424941169505,0.018844034522771835,9.490111551713198e-06,0.00022455048747360706,0.07764458656311035,54.24218749999999,0.5923372507095337,-0.0002929187321569771,0.9017890756004148,0.04676302382722497,1792,5.530938506126404e-05,0.48485902290487126,0.48485902290487126,0.0
-0.0037428978830575943,0.0003756705809792038,0.5000000000000002,0.0012210426793899387,0.0003559198294169619,0.01867205835878849,6.444785685744137e-05,0.003486214904114604,0.14243608713150024,24.984375,1.1194372177124023,-0.0006186450191307813,0.9022295472712474,0.10463804192841052,1800,0.0016148723661899567,0.4992233167944109,0.4992233167944109,0.0
-0.0017245837952941656,0.0015917469354462812,1.0,0.0011915103095816448,6.414418521671905e-05,0.022825200110673904,2.6665367840905674e-05,0.0005126110045239329,0.06471158564090729,17.625,1.020110845565796,-0.0007618466042913496,0.9025634972059019,0.09156580874696374,1808,-0.00022095255553722382,0.5747349253254138,0.5747349253254138,
-0.0007154035265557468,0.0004636771127479733,1.0,0.0011811403965111822,-0.0007264276937348768,0.02144300378859043,1.5133231499930844e-05,0.0003973448765464127,0.025899548083543777,25.625,0.41864991188049316,0.0011828914284706116,0.9024938981121342,0.028199104359373447,1816,-0.0004395190626382828,0.4894139430839678,0.4894139430839678,
-0.00037716582301072776,7.804552478773985e-05,1.0,0.001163007749710232,-0.00017381927023052413,0.02119171805679798,1.4162649677018635e-05,-3.610854037106037e-05,0.012958531267940998,33.625,0.24807646870613098,0.00032420820207335055,0.9023843114137933,0.01130395382642746,1824,-0.00075497105717659,0.720196374258533,0.720196374258533,
-0.00037669859011657536,-1.3279806807986445e-05,1.0,0.001174868331872858,0.0008823210082482547,0.020218675956130028,1.793730552890338e-05,0.00045147573109716177,0.012958749197423458,41.625,0.25053420662879944,-0.0015280426596291363,0.9022606482205132,0.011306929984129965,1832,0.0009395480155944824,0.3654055002009679,0.3654055002009679,
-0.00037225609412416816,-0.00010769225120554893,1.0,0.0011949116014875472,0.0002873614434975024,0.015586926601827145,1.0470030247233808e-05,0.00015025012544356287,0.012957954779267311,49.625,0.2520492970943451,-0.00029586709570139647,0.9020623630293915,0.011305661522783339,1840,0.00039301440119743347,0.8862958804983185,0.8862958804983185,
-0.0003765606670640409,-0.0002130992558022626,1.0,0.0011728885001502931,-0.000792057515354827,0.02022196352481842,1.6517844414920546e-05,-0.0007128375000320375,0.012955697253346443,57.625,0.23655486106872559,0.001330447266809642,0.9019512775606342,0.01130972697865218,1848,-0.0010806024074554443,0.2851208257527532,0.2851208257527532,
-0.0003761207335628569,-0.00042623970693966845,1.0,0.0011735332082025707,-0.00018851475761039183,0.019332092255353928,3.594132977013942e-06,-0.0003216839977540076,0.012957904487848282,65.625,0.23938176035881042,0.0003277017967775464,0.9017535333278066,0.01130995957646519,1856,-0.00027256086468696594,0.7784395924772811,0.7784395924772811,
-0.0003720482927747071,0.00021177772896407984,1.0,0.0011444916453910992,0.0006088533955335151,0.021082883700728416,8.660883395350538e-06,0.0007002067868597806,0.0129566490650177,69.6796875,0.30093812942504883,-0.0009668371349107474,0.9015652675975708,0.016926151351071894,1864,0.0006216373294591904,0.26755833852081745,0.26755833852081745,0.0
-4.020391861558892e-05,-0.0001923446462843703,1.0,0.0011643472244031727,0.00016550623399780306,0.022390393540263176,8.990999958768953e-06,0.0004208590544294566,1.7249200027436018e-05,75.3125,0.2124258428812027,-7.445816299878061e-05,0.9014173965558395,0.007079276428839876,1872,0.0003681555390357971,0.5385930787727128,0.5385930787727128,
-0.000711709086317569,0.0005977920449857788,1.0,0.0011579414567677304,-0.00011550461454135076,0.017603272572159767,1.3099067473376635e-05,0.0005102307186461985,0.025893419981002808,73.7890625,0.2973819673061371,4.1827443055808544e-05,0.9012644726031989,0.01687086578067465,1880,-0.0003388933837413788,0.31630998954868217,0.31630998954868217,0.0
-0.0007013766444288194,0.0004688320150307847,1.0,0.0011623379978118462,-0.00021817317610839382,0.028048215433955193,1.4080436812946573e-05,0.0005190822994336486,0.02596903219819069,72.2890625,0.4383007287979126,0.000183608295628801,0.9012887998691421,0.030704052420333028,1888,0.0001131296157836914,0.3009548624095079,0.3009548624095079,0.0
-0.0017194179818034172,0.00035244107311882555,1.0,0.0011514784710016102,-3.568914462448447e-05,0.024712536484003067,2.78033476206474e-05,-0.00022989072022028267,0.06478358805179596,52.0390625,0.5568718314170837,-0.000171065388713032,0.9013525319095108,0.04313245671801269,1896,0.00014829635620117188,0.3096897344173685,0.3096897344173685,0.0
-0.002385534578934312,-0.00039535947234980995,0.375,0.0011502702254801989,-0.00021734894997393897,0.021519403904676437,2.121918623743113e-05,-0.00040804973104968667,0.09074197709560394,25.421875000000004,0.8347835540771484,0.0002114502422045916,0.9015757795973234,0.07586060650646687,1904,0.00017626024782657623,0.3448342823038924,0.3448342823038924,0.0
-0.002067320281639695,-0.0005470714431794477,1.0,0.0011382665834389627,-7.54769155264512e-05,0.019842103123664856,1.0745041436166503e-05,-0.0006972433184273541,0.07763414829969406,20.203125,0.8033965229988098,0.00019232399063184857,0.9017815247921578,0.07304401136934757,1912,-6.531737744808197e-05,0.2434993245571845,0.2434993245571845,0.0
-0.0010487064719200134,-0.00047541670483042253,0.875,0.0011502202396513894,0.00028228373503225157,0.016452668234705925,1.7255497368751094e-05,0.0006442118319682777,0.038829732686281204,26.5,0.6260507702827454,-4.1250284994021065e-05,0.9019177503329474,0.052174620795995,1920,0.000611795112490654,0.16843726708164913,0.16843726708164913,
-0.0010489227715879679,-0.00028871298059129913,1.0,0.0011201646557310596,0.00030321914050546184,0.016619527712464333,1.2894113751826808e-05,0.000193793821381405,0.03883381560444832,34.5,0.43855977058410645,-0.0004324653709772974,0.9020295236892458,0.0338642206043005,1928,0.0008386373519897461,0.2868878147361285,0.2868878147361285,
-0.0007070321007631719,-0.0002504915091776638,1.0,0.0011071091576013714,-0.00013805345497530652,0.012861375696957111,9.421341928828042e-06,3.751270560314879e-05,0.025888580828905106,42.5,0.41313207149505615,0.00038622136344201863,0.9020473636905304,0.031022642506286502,1936,0.0003646872937679291,0.3874679348977333,0.3874679348977333,
-0.00037241377867758274,0.00011967688578806701,1.0,0.0011387432896299288,-0.000481159302580636,0.017504604533314705,1.4185022337187547e-05,-0.0004776133573614061,0.012959074229001999,50.5,0.3078725039958954,0.00046129041584208613,0.9020036107493175,0.018351029837504026,1944,-0.0005352366715669632,0.2220990411174292,0.2220990411174292,
-0.0003735432983376086,0.0001982228959604981,1.0,0.0011181287409272045,-0.0001802136603146209,0.01755114272236824,6.6383609009790234e-06,-0.000413324247347191,0.012957039289176464,58.5,0.23769521713256836,-2.0561856217682023e-07,0.9019253424497002,0.011304218438453972,1952,-0.0004223175346851349,0.37441391627402654,0.37441391627402654,
-3.766954978345893e-05,0.0001491017379522397,1.0,0.0011097889364464208,0.0004257350810803473,0.019978974014520645,3.1963663786882535e-06,0.0003286454302724451,2.089110785163939e-05,66.5,0.18360474705696106,-0.0006296147184912114,0.9019340941330458,0.004259938473069269,1960,0.0003156755119562149,0.23503306268060037,0.23503306268060037,0.0
-0.0003721126413438469,0.0005751076993760762,1.0,0.0010954864555969834,-0.00015189365393553092,0.016328999772667885,1.0209925676463172e-05,0.00017351323913317174,0.012955503538250923,68.1875,0.23690690100193024,0.00015750451711937785,0.9018245647076083,0.01129439880605787,1968,-0.00011473149061203003,0.4169315121362136,0.4169315121362136,
-3.614409069996327e-05,8.211935123939028e-05,1.0,0.0011256732541369274,4.303906052882667e-06,0.018665432929992676,4.526237717072945e-06,1.7213385945069604e-05,2.0062583644175902e-05,76.1875,0.16021424531936646,8.354434976354241e-05,0.9017441139868881,0.001442750766273093,1976,3.875046968460083e-05,0.46323910244379357,0.46323910244379357,
-0.0010463505750522017,0.0005879294618380826,1.0,0.0010669587936718017,0.00013325620511750458,0.017478223890066147,1.3518511877919082e-05,0.0008591109653934836,0.03885699436068535,75.1875,0.2759266197681427,-0.0005319038173183799,0.901736969807488,0.015256919584771822,1984,-0.000337161123752594,0.14232799120729306,0.14232799120729306,0.0
-0.0010519971838220954,0.0007489270174119156,1.0,0.001155494901468046,-0.00012606373593371245,0.019748929888010025,2.8687140911642928e-06,0.00016103342932183295,0.03882226347923279,70.32031249999999,0.47454655170440674,-0.0001839415926951915,0.9018288330646331,0.035261040553450584,1992,-7.301196455955505e-05,0.3751777478288948,0.3751777478288948,0.0
-0.001728133880533278,-2.5138149794656783e-05,1.0,0.0011698874877765775,-0.00035208199551561853,0.01973346434533596,9.32865896174917e-06,-0.00024313894391525537,0.06469645351171494,51.03125,0.6886914372444153,0.0004656973178498447,0.9020461117947258,0.056958161760121584,2000,-0.0006754547357559204,0.18519176168873788,0.18519176168873788,0.0
