Value,Step,PolicyObjLoss,PolicyTemplateLoss,Valid,Advantage,ObjectEntropy,ValueLoss,TotalStepsPerEpisode,StepsPerSecond,TemplateEntropy,PolicyLoss,ObjectLoss,Loss,TemplateLoss,EntropyLoss,EpisodeScore,UnclippedGradNorm,ClippedGradNorm
0.10976889729499817,8,0.0,-0.27849418856203556,0.5,-0.06405839323997498,0.1966129131615162,0.03699570149183273,4.5,0.2974152427329271,0.16648711264133453,-0.18106752634048462,1.8095327615737915,27.608606338500977,1.488324522972107,-0.010892871767282486,,,
-0.061635554768145084,16,0.002159706549718976,0.15634508524090052,0.25,0.03527882695198059,0.1958794090896845,0.014619819819927216,10.625,0.38289048825445715,0.1663876175880432,0.10444730520248413,1.937279224395752,25.70914077758789,1.411772608757019,-0.010869721882045269,0.0,73.14068829268217,73.14068829268217
0.04905968066304922,24,-0.01807767787249759,-0.11723985616117714,0.375,-0.025779392570257187,0.19176286458969116,0.006328018382191658,15.65625,0.43131817960140223,0.165126109495759,-0.07444924861192703,2.147839307785034,24.937530517578125,1.2740284204483032,-0.010716100223362446,0.0,51.17299451437828,51.17299451437828
-0.009591779380571097,32,0.0031916180287225875,0.017150133498944346,0.5,0.006994280964136124,0.18233344331383708,0.002299252199009061,20.015625,0.4684959860869346,0.15729173831641677,0.02164609730243683,1.602250099182129,22.53235626220703,0.9917117357254028,-0.010136180557310581,0.0,45.44308712271025,45.44308712271025
-0.04201394785195589,40,0.007432559737935662,0.07329326728358865,0.0,0.006779804825782776,0.1709896232932806,0.0028846829663962126,23.21875,0.5007501111436334,0.11944421939551832,0.02844231016933918,1.920454502105713,22.066347122192383,0.7545851469039917,-0.008708358742296696,0.0,36.12159503982913,36.12159503982913
0.013458432396873832,48,-0.002199693945613035,-0.013822076725773513,0.25,-0.006346274167299271,0.16446994803845882,0.0006215281900949776,27.421875,0.531129667978505,0.07409939542412758,-0.0069940537214279175,2.713003396987915,24.979583740234375,0.5784520506858826,-0.007141032721847296,0.0,50.77863758382155,50.77863758382155
0.023823681054636836,56,-0.005003587437386159,-0.02335636457428336,0.5,-0.012270016595721245,0.1634853519499302,0.0019941579084843397,29.625,0.5530326288346499,0.06384777650237085,-0.01254621334373951,2.484405994415283,23.582231521606445,0.5453197956085205,-0.006809946149587631,0.0,50.185411616976964,50.185411616976964
-0.04369415808469057,64,0.0033596503199078143,0.04101477190852165,0.5,0.02140466496348381,0.15977510251104832,0.004991787485778332,35.0390625,0.5724033014241238,0.06414150632917881,0.028491435572504997,1.5484614372253418,19.32276725769043,0.46936213970184326,-0.006713324226438999,0.0,70.68858944097306,70.68858944097306
0.006053806864656507,72,-0.0016672366837156005,-0.00555904200882651,0.625,-0.005049418658018112,0.1500148642808199,0.0003023632743861526,41.125,0.5940132284055001,0.058439317625015974,-0.009885746985673904,1.9439620971679688,17.983348846435547,0.6048886775970459,-0.006235020700842142,,73.78972430989414,73.78972430989414
0.029359162552282214,80,-0.007189950527390466,-0.02639679075218737,1.0,-0.01528547890484333,0.12981265597045422,0.0018901516450569034,46.9921875,0.6089940412241152,0.05938739655539394,-0.015004144050180912,1.7231063842773438,18.136213302612305,0.870324432849884,-0.005686504766345024,0.0,71.81801452250613,71.81801452250613
-0.03859912138432264,88,0.003922330623026937,0.03755109594203531,1.0,0.018163595348596573,0.10873715486377478,0.0036591242533177137,54.6875,0.621028029012872,0.06424812600016594,0.022941531613469124,1.615972876548767,18.93511199951172,1.1221253871917725,-0.005204895045608282,,80.49233524070269,80.49233524070269
0.006914678728207946,96,-0.0023367803814835497,-0.005475283585838042,0.0,-0.0027486905455589294,0.09328526072204112,0.00032992198248393834,57.76562499999999,0.6351558946464262,0.0591636011376977,-0.0015682795783504844,1.6107865571975708,19.158903121948242,0.8960489630699158,-0.004560973960906267,0.0,86.90625954717947,86.90625954717947
0.04111683834344148,104,-0.0030430211263592355,-0.03844417235814035,0.375,-0.02101636491715908,0.08387212362140417,0.0034097209572792053,60.49999999999999,0.6441847076930161,0.059533029329031706,-0.040449753403663635,1.652655005455017,17.461885452270508,0.9138988256454468,-0.0043009244836866856,0.0,56.187247724307746,56.187247724307746
-0.03559522703289986,112,0.00010340760763938306,0.0322476823348552,0.7499999999999999,0.01777154952287674,0.07876319624483585,0.003531527705490589,62.82812499999999,0.6573142342832372,0.060322639998048544,0.020057454705238342,1.3379440307617188,17.973657608032227,0.7431641817092896,-0.004147217143326998,0.0,92.05059137999484,92.05059137999484
-0.011910789529792964,120,1.0617091902531683e-05,0.010616729268804193,1.0,0.0015878453850746155,0.07448045164346695,0.0010330640943720937,62.0625,0.6663725985078022,0.06240937719121576,0.004733100533485413,1.0055369138717651,14.008936882019043,0.469985693693161,-0.00407802639529109,0.0,85.5549858142208,85.5549858142208
0.03042604424990714,128,0.0,-0.02730279159732163,1.0,-0.01663024164736271,0.07159727159887552,0.0026261659804731607,68.6875,0.6749267858047847,0.06179294362664223,-0.017289333045482635,1.0112558603286743,11.800704002380371,0.4853932857513428,-0.004006987437605858,,47.52646099097638,47.52646099097638
0.006667634472250938,136,0.0,-0.0046474466944346204,0.625,-0.0010115504264831543,0.07025276497006416,0.0003601070784498006,76.6875,0.6801708168816476,0.060381901916116476,-0.0010626842267811298,1.0281774997711182,12.241948127746582,0.5408909916877747,-0.003939286805689335,,75.67453890673261,75.67453890673261
-0.019124730955809355,144,0.0,0.01694968855008483,1.0,0.011549968272447586,0.06840313132852316,0.0018380536930635571,84.6875,0.6872592452526592,0.06053200550377369,0.012101002037525177,1.0126311779022217,12.493736267089844,0.5157822370529175,-0.003852784400805831,,34.18732100315454,34.18732100315454
-0.005088000674732029,152,0.0,0.004085910826688632,0.375,0.0017574764788150787,0.06602675002068281,0.00027508370112627745,82.984375,0.6957532243629657,0.06168789230287075,0.002293880097568035,1.2480556964874268,13.112640380859375,0.515997588634491,-0.003799511818215251,0.0,49.0175427446505,49.0175427446505
0.016197739983908832,160,0.0,-0.014338726177811623,0.7499999999999999,-0.010212982073426247,0.0640144282951951,0.00105809117667377,76.625,0.7038612075560863,0.05994872376322746,-0.011922439560294151,0.9965544939041138,11.917430877685547,0.514920711517334,-0.0037318740505725145,,29.592377238057324,29.592377238057324
0.0073612527921795845,168,0.0,-0.006475520844105631,0.625,-0.0036286599934101105,0.06223706714808941,0.0005509182228706777,76.421875,0.712043485918061,0.06068668840453029,-0.002281943801790476,0.9939013719558716,12.348280906677246,0.5522931218147278,-0.003760433290153742,0.0,44.59969201078756,44.59969201078756
-0.012109581381082535,176,0.0,0.009966323850676417,1.0,0.0027026236057281494,0.0604821452870965,0.0009121455368585885,62.937500000000014,0.7204098710773283,0.059894364792853594,0.006099509075284004,1.246840476989746,12.492161750793457,0.4907298684120178,-0.0036132277455180883,0.0,22.451283859551634,22.451283859551634
-0.007781810243614018,184,0.0,0.007017308322247118,1.0,0.004713654518127441,0.059198594186455004,0.0006898492574691772,57.37500000000001,0.7292748070767043,0.060332614462822676,0.004235387779772282,1.2578234672546387,12.440642356872559,0.546064555644989,-0.0036022975109517574,0.0,31.21379372503288,31.21379372503288
0.013256458332762122,192,0.0,-0.01243428431916982,0.875,-0.007413201034069061,0.05851440643891692,0.0006853485247120261,53.53125,0.7375087499253831,0.06065656244754792,-0.006867352873086929,0.9787731170654297,11.93034553527832,0.5309175848960876,-0.003590427106246352,0.0,30.757065595806313,30.757065595806313
0.0076886306051164865,200,0.0,-0.006854520470369606,0.625,-0.004074612632393837,0.05793444253504276,0.0003236858465243131,51.9375,0.7452601231292288,0.062010305467993014,-0.0044855172745883465,0.9723400473594666,12.102858543395996,0.5067154765129089,-0.0035912899766117334,,31.418975220660965,31.418975220660965
-0.011347699793986976,208,0.0,0.010728545428719372,1.0,0.00663457065820694,0.05733552295714617,0.0007223542779684067,59.9375,0.7527282806866054,0.06140165217220783,0.005019500385969877,0.9693459272384644,11.943233489990234,0.4878043532371521,-0.003542873077094555,,17.759650302545698,17.759650302545698
-0.006629317358601838,216,0.0,0.006573926657438278,0.375,0.003829449415206909,0.05679126596078277,0.000452178850537166,67.6640625,0.7599346895963293,0.06181582994759083,0.004871132783591747,0.9674353003501892,11.913959503173828,0.4628381133079529,-0.003506283275783062,0.0,28.037775615655846,28.037775615655846
0.01467578939627856,224,0.0,-0.01279662543674931,0.5,-0.009418968111276627,0.05638047307729721,0.0008377127815037966,71.953125,0.7669210775630387,0.06145406933501363,-0.007411417085677385,1.2615779638290405,12.25279426574707,0.5097911357879639,-0.0035195383243262768,0.0,23.4056900436815,23.4056900436815
0.004331586882472038,232,0.0,-0.004184170684311539,0.875,-0.003774389624595642,0.05605878634378314,0.00044766164501197636,71.515625,0.7724949246019108,0.06098313163965941,-0.004145960323512554,0.9656760692596436,11.904627799987793,0.488045334815979,-0.0035062257666140795,0.0,32.130391156596744,32.130391156596744
-0.01477880880702287,240,0.0,0.014475617907010019,0.875,0.006694205105304718,0.055714916437864304,0.0008062305860221386,74.4375,0.7773655665702687,0.0626996923238039,0.007736450061202049,0.9668656587600708,12.034501075744629,0.5292581915855408,-0.003570424159988761,,12.393774660943912,12.393774660943912
0.0015546839567832649,248,0.0,-0.0014804145030211657,0.875,-0.0020256638526916504,0.05542765278369188,0.0001713645033305511,82.4375,0.7827327908250096,0.061777923721820116,-0.0007366336649283767,0.9654772877693176,11.848297119140625,0.4848809838294983,-0.0034491517581045628,,31.087675753753363,31.087675753753363
0.01320101576857269,256,0.0,-0.01203927828464657,1.0,-0.0054885875433683395,0.05526494141668081,0.000598391517996788,79.6953125,0.7884306771562539,0.06033425871282816,-0.005926553159952164,0.9633947610855103,12.179511070251465,0.44347259402275085,-0.0033540951553732157,0.0,14.984522857913998,14.984522857913998
-0.005590324755758046,264,0.0,0.0048591204395052046,0.875,0.00239374116063118,0.055148561950773,0.000196953333215788,76.3125,0.7929058595328901,0.06081653432920575,0.003060082206502557,0.9629701375961304,12.41124439239502,0.4608726501464844,-0.0033936742693185806,,30.523013854796712,30.523013854796712
-0.01106615224853158,272,0.0,0.009752403188031167,0.3750000000000001,0.005441553890705109,0.05502064619213343,0.0004513249732553959,79.49999999999999,0.7968837680146622,0.06056442251428962,0.005886124912649393,0.9632681012153625,12.45688533782959,0.4826854467391968,-0.0034301241394132376,0.0,14.559588887389314,14.559588887389314
0.008588754455558956,280,0.0,-0.008209511172026394,0.875,-0.006817162036895752,0.054909713100641966,0.0006904505426064134,70.921875,0.8014417125615556,0.059685728047043085,-0.005199529230594635,0.9627296328544617,12.227672576904297,0.4836267828941345,-0.0034126227255910635,0.0,22.590451935526076,22.590451935526076
0.005226358713116497,288,0.0,-0.0053764639887958765,0.875,-0.004944175481796265,0.054815635085105896,0.0003509809321258217,62.28125,0.8055264388971419,0.05889539746567607,-0.004720583558082581,0.9641921520233154,12.198675155639648,0.5428786873817444,-0.003521712962538004,0.0,27.50863120432322,27.50863120432322
-0.01306103856768459,296,0.0,0.011291288654319942,0.75,0.007505577057600021,0.05467034922912717,0.0006018124404363334,63.7421875,0.809863812252108,0.05875623086467385,0.0072539327666163445,0.9591373205184937,11.957449913024902,0.4786345660686493,-0.0033831519540399313,0.0,15.569277138610937,15.569277138610937
0.0008583998424001038,304,0.0,-0.0009484157199040055,0.75,-0.0017749480903148651,0.05454187886789441,0.00014032851322554052,68.4375,0.8141152511562462,0.06031885650008917,-0.0012999685714021325,0.9655413627624512,11.820262908935547,0.5223374962806702,-0.0034564868547022343,,25.294697330703556,25.294697330703556
0.011746130650863051,312,0.0,-0.010884854767937213,0.375,-0.006308361887931824,0.05457824608311057,0.0004453336587175727,74.234375,0.8181267141783428,0.05997088551521301,-0.0061262608505785465,0.9632607102394104,11.951712608337402,0.47976434230804443,-0.0033906372264027596,0.0,14.84735543586703,14.84735543586703
-0.008055322745349258,320,0.0,0.00744248495902866,0.375,0.0037260502576828003,0.054606915451586246,0.00031685520661994815,78.5625,0.8214048287386035,0.059756748378276825,0.005124104209244251,0.9631215333938599,11.768807411193848,0.5202293992042542,-0.0034671968314796686,,26.02841611599873,26.02841611599873
-0.006180002994369716,328,0.0,0.005987812532112002,0.875,0.0038266703486442566,0.05453657126054168,0.00024639227194711566,79.625,0.8250746978105832,0.06010992685332894,0.004219202324748039,0.9638550877571106,12.476872444152832,0.5421124696731567,-0.0034946012310683727,0.0,17.208003785546847,17.208003785546847
0.011698955437168477,336,0.0,-0.010330675926525146,1.0,-0.006342459470033646,0.05449296114966273,0.0003491208190098405,66.1796875,0.8287616813300639,0.0585046224296093,-0.005817985627800226,0.9645919799804688,12.458288192749023,0.5417045950889587,-0.0034932547714561224,0.0,19.38013776626083,19.38013776626083
0.00010683544678613542,344,0.0,0.000376199768652441,0.875,0.000517573207616806,0.05450429767370224,0.0001304832985624671,71.2265625,0.8327413267691429,0.06029562558978796,0.0008324597729369998,0.9635180830955505,12.080244064331055,0.4994826912879944,-0.003419321496039629,0.0,26.688112612179424,26.688112612179424
-0.008617806830443442,352,0.0,0.00794328091433272,1.0,0.004567563533782959,0.05446663545444608,0.00034953997237607837,73.328125,0.8361709004509696,0.059524711221456535,0.00502295745536685,0.9615108370780945,12.360980987548828,0.5412327647209167,-0.003489429596811533,0.0,4.615269650921861,4.615269650921861
0.0059079143684357405,360,0.0,-0.0053045729582663625,0.625,-0.0037356261163949966,0.05449300725013018,0.00018398121756035835,74.49999999999999,0.8392933060252831,0.05888456990942359,-0.0036920730490237474,1.2563550472259521,12.155390739440918,0.45688319206237793,-0.0033727551344782114,0.0,19.192976566858743,19.192976566858743
0.004488100967137143,368,0.0,-0.004193073487840593,0.5,-0.0019199606031179428,0.054523653350770473,0.000162617361638695,57.5,0.8423682019023034,0.05901137040928006,-0.0025775032117962837,0.9588124752044678,12.494304656982422,0.4773489236831665,-0.003362636547535658,0.0,15.77139550372088,15.77139550372088
-0.00835536839440465,376,0.0,0.007290860638022424,1.0,0.0044068582355976105,0.05450583714991808,0.00019932018767576665,57.75,0.845298126969913,0.05844513466581702,0.004697074182331562,1.2545011043548584,11.927391052246094,0.5618313550949097,-0.003531855531036854,0.0,15.369280264631627,15.369280264631627
0.000989945838227868,384,0.0,-0.0013343868376978205,0.625,-0.0010917186737060547,0.05452330829575658,0.0001404579379595816,58.625,0.8480742950427373,0.0586193585768342,-0.0003599842602852732,0.9634510278701782,11.620006561279297,0.47731155157089233,-0.003361209761351347,,17.156367830066927,17.156367830066927
0.006326930451905355,392,0.0,-0.006338748906273395,0.625,-0.004872556775808334,0.05460537411272526,0.0003818219993263483,59.1875,0.8511321409449341,0.0595435407012701,-0.004886927083134651,0.9597159624099731,12.265338897705078,0.5402814149856567,-0.0034921434707939625,0.0,9.30584504021385,9.30584504021385
-0.007783851004205644,400,0.0,0.006328329502139241,1.0,0.004002194851636887,0.05466094380244613,0.0002643015468493104,58.9375,0.853650156648155,0.057716348208487034,0.0035209497436881065,0.961904764175415,11.819164276123047,0.4349988102912903,-0.0032789052929729223,,13.396447585762088,13.396447585762088
-0.00025712914066389203,408,0.0,0.00013668579958903138,0.25,-0.0011322423815727234,0.05469586234539747,3.7927209632471204e-05,66.9375,0.8560939553748474,0.05880017206072807,-0.0007357393624261022,0.9634867906570435,11.64525032043457,0.5192880630493164,-0.0034508644603192806,,14.3191631790142,14.3191631790142
0.006222332012839615,416,0.0,-0.005588191619608551,0.625,-0.0029598772525787354,0.05473306495696307,0.0001506370899733156,74.9375,0.8587739838391076,0.058401277754455805,-0.002573840320110321,0.962012767791748,11.55788803100586,0.435211181640625,-0.0032811041455715895,0.0,3.0994953658483806,3.0994953658483806
-0.0039568261709064245,424,0.0,0.0037284050486050546,0.5,0.00177798792719841,0.054756768979132175,0.00014812932931818068,65.4453125,0.8615752871513501,0.05918980995193124,0.0024259774945676327,0.9616968035697937,12.184396743774414,0.4750393331050873,-0.003409656696021557,0.0,10.6883579176699,10.6883579176699
-0.0017635092081036419,432,0.0,0.0020545285660773516,0.875,0.001198984682559967,0.054773235693573945,0.00016233761562034488,66.0,0.8639892843431064,0.058249426539987326,0.0020189315546303988,0.9642294049263,12.190308570861816,0.5191130638122559,-0.0034540765918791294,,10.649244346825697,10.649244346825697
0.006029569893144071,440,0.0,-0.005017206392949447,0.625,-0.003890030086040497,0.05481149069964886,0.0001616130757611245,69.46875,0.8665120372625081,0.05877956002950668,-0.0021687776315957308,0.9629955887794495,11.875907897949219,0.4559664726257324,-0.0033245873637497425,0.0,7.9859826150602204,7.9859826150602204
-0.0019087358377873898,448,0.0,0.001999298263399396,0.625,0.0001268833875656128,0.05487974127754569,0.00010622752597555518,72.9375,0.8687196712469231,0.059466713108122356,0.00014093454228714108,0.9642773270606995,11.747966766357422,0.5190156698226929,-0.0034573087468743324,,11.893611792032107,11.893611792032107
-0.002937687619123608,456,0.0,0.002714715214096941,0.625,0.0011680014431476593,0.05492896633222699,4.872935824096203e-05,80.9375,0.8708366320619311,0.058919258415699005,0.0015862543368712068,0.9648516178131104,11.690876007080078,0.5401044487953186,-0.003502284176647663,,4.86163165626194,4.86163165626194
0.004610901640262456,464,0.0,-0.004129317821934819,0.375,-0.003219999372959137,0.054952408652752645,0.00010780827869893983,83.07812500000001,0.872813998534416,0.058197963051497936,-0.0031615919433534145,0.9641964435577393,11.790238380432129,0.4979309141635895,-0.0034142956137657166,0.0,7.142268835055786,7.142268835055786
-0.0013121337397024035,472,0.0,0.0010830735845956954,1.0,0.0004723891615867615,0.054989777971059084,9.824286098591983e-05,85.625,0.8748839478502793,0.05979703553020954,0.0012130716349929571,1.2215466499328613,12.017071723937988,0.5195207595825195,-0.003460092004388571,0.0,11.023801511108791,11.023801511108791
-0.0034748237812891603,480,0.0,0.0029718166624661535,0.5,0.0013059377670288086,0.05501565756276249,9.588326065568253e-05,86.5859375,0.8768238994390409,0.058208475820720196,0.00140151078812778,0.9637421369552612,11.911714553833008,0.4768897294998169,-0.003373071551322937,0.0,5.502352585323755,5.502352585323755
0.005150199169293046,488,0.0,-0.004843678878387436,0.625,-0.002320036292076111,0.05498600844293833,0.00013711259816773236,84.859375,0.8787052917138833,0.05890664644539356,-0.0026657746639102697,0.9606010913848877,11.86207389831543,0.4768981337547302,-0.003374321386218071,0.0,6.8701616547091415,6.8701616547091415
-0.003951790393330157,496,0.0,0.003539456898579374,0.625,0.001572880893945694,0.055001930333673954,0.00010027717507909983,78.546875,0.8804115553250478,0.06000028643757104,0.0026232032105326653,0.9626032114028931,12.294312477111816,0.5400047898292542,-0.0035035263281315565,0.0,14.221417988674837,14.221417988674837
0.0004454394220374524,504,0.0,-0.0004951084247295512,0.625,-0.0004179254174232483,0.055102812591940165,4.476785034057684e-05,82.75,0.8821057836638546,0.05917569110170007,-0.0009829148184508085,0.9666296243667603,11.707939147949219,0.5612565279006958,-0.0035486589185893536,,8.670519150093753,8.670519150093753
0.0025504777440801263,512,0.0,-0.002361263352213428,0.375,-0.0013710744678974152,0.05515904305502772,5.4469022870762274e-05,84.09375,0.8842727857314926,0.05947075039148331,-0.0013841133331879973,0.9623944163322449,12.239448547363281,0.4978153705596924,-0.00342020345851779,0.0,4.890162429496413,4.890162429496413
-0.0027790787862613797,520,0.0,0.0024942693562479694,0.375,0.0015480071306228638,0.055205375887453556,7.177892257459462e-05,85.1171875,0.8859936675851786,0.05922137899324298,0.0009780346881598234,1.2105295658111572,11.937755584716797,0.49673712253570557,-0.0034693994093686342,0.0,6.104954999355253,6.104954999355253
0.00036777209606952965,528,0.0,-0.0002584876647233614,0.625,0.0002304576337337494,0.05523454444482923,5.255617361399345e-05,62.48437500000001,0.8873829579553424,0.05888643953949213,-0.00017273693811148405,0.9630824327468872,13.447478294372559,0.48989689350128174,-0.0034223597031086683,0.0,7.0195757459085755,7.0195757459085755
0.0027415518707130104,536,0.0,-0.0024250902351923287,0.625,-0.0018319152295589447,0.05531795928254724,6.003482121741399e-05,50.87500000000001,0.889139764246119,0.058865017257630825,-0.0018125263741239905,1.2046914100646973,12.293909072875977,0.4773612320423126,-0.0033787686843425035,0.0,9.051383121876581,9.051383121876581
-0.0033868802129291,544,0.0,0.003192629985278472,1.0,0.0011806860566139221,0.05534991482272744,4.3796961108455434e-05,50.0625,0.890746215928621,0.05951732862740755,0.001579307485371828,0.9661778807640076,11.783576965332031,0.47704166173934937,-0.00338093307800591,,6.421859992856982,6.421859992856982
0.003074831183766946,552,0.0,-0.0028199312509968877,0.7499999999999999,-0.002310417592525482,0.05545293027535081,0.00010537602793192491,49.8203125,0.8927364749256645,0.05929426569491625,-0.0025679704267531633,1.431140422821045,12.85994815826416,0.47836625576019287,-0.003400319954380393,0.0,10.78432310180219,10.78432310180219
-0.0015581376501359046,560,0.0,0.001339936294243671,0.75,0.0008056312799453735,0.055696200113743544,2.9128155802027322e-05,41.5625,0.8943212678505231,0.05883740959689021,0.00045161996968090534,0.9658920168876648,11.67615795135498,0.4773910641670227,-0.0033905927557498217,,11.040709604198247,11.040709604198247
0.0001104382099583745,568,0.0,-0.0002651775339472806,1.0,0.000382743775844574,0.05585574544966221,3.217050834791735e-05,49.5625,0.895761183230508,0.058457340113818645,0.00011173740494996309,0.9661559462547302,11.64433479309082,0.4767165184020996,-0.0033990403171628714,,8.89878836682919,8.89878836682919
0.00029886706033721566,576,0.0,-0.0004117426506127231,0.5,-0.0013042278587818146,0.05594600550830364,2.2675398213323206e-05,57.5625,0.8972590271555342,0.0592980538494885,-0.0010869191028177738,0.9685930013656616,11.762917518615723,0.5197068452835083,-0.0034830733202397823,,1.8363782810853064,1.8363782810853064
-0.0004545105039142072,584,0.0,0.0006377303252520505,0.6249999999999999,1.6763806343078613e-05,0.05604339996352792,3.168327748426236e-05,61.74218749999999,0.8987893062395209,0.05838331673294306,7.201975677162409e-06,0.9669833183288574,11.857601165771484,0.4773420989513397,-0.003407499985769391,0.0,6.864828373948788,6.864828373948788
2.5693530915305005e-05,592,0.0,6.693135856039588e-05,0.875,0.0003106631338596344,0.056120593566447496,2.0482435502344742e-05,63.375,0.8999377304107986,0.05792350834235549,0.0003547396627254784,0.9710463285446167,11.59022331237793,0.5612135529518127,-0.0035763683263212442,,4.590228194264337,4.590228194264337
0.0005648468213621527,600,0.0,-0.00037103608974575764,0.6250000000000002,0.00014138966798782349,0.05611112667247653,2.024388413701672e-05,71.375,0.9013827394245653,0.059722539503127337,0.00016463421343360096,0.9703508615493774,11.80925464630127,0.5401401519775391,-0.003535805968567729,,3.3464142513384947,3.3464142513384947
-0.00031042963382788,608,0.0,0.000653593127935892,0.125,0.0014910399913787842,0.05611805710941553,3.1458963348995894e-05,79.375,0.9025566067640489,0.05902020679786801,0.001500084763392806,0.9716343879699707,11.729012489318848,0.5608678460121155,-0.003580679651349783,,5.201080102216817,5.201080102216817
0.0011442122049629688,616,0.0,-0.0007651788146176842,0.875,-0.0001305900514125824,0.05613098479807377,8.60216241562739e-05,84.0234375,0.9038450426811384,0.058859107084572315,0.0004970738664269447,0.9681277275085449,11.88457202911377,0.49863916635513306,-0.003453311510384083,0.0,4.465669659501529,4.465669659501529
-0.00044292377424426377,624,0.0,0.0008528496109647676,1.0,0.001159079372882843,0.05612026201561093,8.334369340445846e-05,85.15625,0.9050341866562721,0.057774937245994806,0.0012852029176428914,0.9656720161437988,11.546751022338867,0.4537862241268158,-0.003403979353606701,0.0,4.897417444629408,4.897417444629408
0.0007497124024666846,632,0.0,-0.00045611313726112723,0.5,-0.0004203692078590393,0.056044996716082096,5.712116399081424e-05,84.1875,0.9061879945347335,0.058712809812277555,-0.00021933537209406495,0.9656598567962646,12.144363403320312,0.4560859799385071,-0.0033594174310564995,,3.349703824867316,3.349703824867316
0.00040902502951212233,640,0.0,-0.0001215331631101435,0.625,-0.0004440285265445709,0.05600827746093273,4.4592608901439235e-05,92.1875,0.9071308893156949,0.05792858591303229,0.00018300878582522273,0.9685869216918945,11.582022666931152,0.5188331604003906,-0.0034892039839178324,,5.869672628564176,5.869672628564176
0.00025938311591744423,648,0.0,-0.00022496805013361154,0.6250000000000002,-0.0015121065080165863,0.05591769749298691,2.630226117616985e-05,100.1875,0.9082792464589676,0.05827696342021227,-0.0006778768729418516,0.965634286403656,11.629375457763672,0.4559796452522278,-0.003358815796673298,,2.6787787087748978,2.6787787087748978
-0.0011845720291603359,656,0.0,0.0010646658593032043,0.125,0.0005114413797855377,0.05582236731424927,1.4061199181014672e-05,101.78125000000001,0.9095891716918795,0.06055558379739523,0.0002915305958595127,0.9656092524528503,12.371068000793457,0.5398244261741638,-0.0035248249769210815,0.0,5.352827780380687,5.352827780380687
0.0021714700269512837,664,0.0,-0.002504667419998441,0.625,-0.0014200322329998016,0.055831529665738344,6.27387998974882e-05,86.328125,0.9108512733458086,0.059218375477939844,-0.0010892219142988324,0.9644584655761719,12.981701850891113,0.4981524646282196,-0.003443042980507016,0.0,5.476719064803312,5.476719064803312
-0.0023467489809263498,672,0.0,0.0018626615965331437,0.875,0.0008493177592754364,0.05585849564522505,6.297363870544359e-05,80.109375,0.911704823094089,0.05826212512329221,0.0011094487272202969,0.962234377861023,11.823678016662598,0.3933100700378418,-0.003230408765375614,0.0,7.0009014091523545,7.0009014091523545
0.0018540581513661893,680,0.0,-0.00209099252242595,1.0,-0.0007923096418380737,0.05585211608558893,0.00010341963934479281,70.32812500000001,0.9128920127058232,0.059435341972857714,-0.0006328173913061619,0.9669644832611084,12.117719650268555,0.49808621406555176,-0.0034443752374500036,0.0,9.22950356201417,9.22950356201417
-0.0025818453286774457,688,0.0,0.001993822937947698,0.5,0.0007988028228282928,0.05589113384485245,8.678936865180731e-05,64.0,0.9139880451236194,0.059008177369833,0.001544697443023324,0.9652432799339294,12.11921501159668,0.4565774202346802,-0.0033568304497748613,0.0,4.204431035383652,4.204431035383652
0.002167182508856058,696,0.0,-0.0024426081072306265,0.375,-0.002719402313232422,0.05585784791037441,0.00011416748748160899,58.0,0.9146627915373975,0.059740716591477394,-0.0031134323216974735,0.9663304090499878,11.954912185668945,0.5609269142150879,-0.003568598534911871,0.0,7.376059553100273,7.376059553100273
-0.003682644688524306,704,0.0,0.0031893077539280057,0.875,0.002075083553791046,0.05595378298312425,0.00011054622882511467,52.3984375,0.9152363796239974,0.058160899206995964,0.0015159004833549261,0.9665490388870239,12.082901954650879,0.47724103927612305,-0.0033977110870182514,0.0,8.019787755123064,8.019787755123064
0.0031082147324923426,712,0.0,-0.002875041813240387,1.0,-0.0016037281602621078,0.056097717955708504,8.699823956703767e-05,39.4609375,0.916091539554735,0.05674714641645551,-0.0014430509181693196,0.9640891551971436,12.009783744812012,0.4493025541305542,-0.003359389491379261,0.0,11.373265588224644,11.373265588224644
-0.003849907254334539,720,0.0,0.003448290110100061,0.875,0.0021646805107593536,0.05609198193997145,5.527597386389971e-05,46.25,0.9172423408571677,0.058890433982014656,0.001969659700989723,0.9633607864379883,11.751115798950195,0.4142458140850067,-0.003275329014286399,,10.943629110709244,10.943629110709244
0.008287772885523736,728,0.0,-0.007262403320055455,0.875,-0.004312459379434586,0.05617004493251443,0.0001965290866792202,54.25,0.9181488630126584,0.05854386137798429,-0.004273749887943268,0.9676048159599304,11.622852325439453,0.4983852505683899,-0.0034468788653612137,,12.562614724079936,12.562614724079936
-0.01797738950699568,736,0.0,0.01667697273660451,0.625,0.01061970368027687,0.05619599809870124,0.00120540801435709,62.25,0.9191024893753745,0.05950987385585904,0.011689314618706703,0.9692925214767456,11.935636520385742,0.5401878952980042,-0.003533049486577511,0.0,16.568892670099327,16.568892670099327
0.03434792440384626,744,0.0,-0.03042491781525313,0.375,-0.019083525985479355,0.05625789146870375,0.0034519603941589594,65.375,0.9198880181149778,0.058470888528972864,-0.020279841497540474,0.9695522785186768,11.610685348510742,0.5400136709213257,-0.0035333007108420134,,29.000789682346504,29.000789682346504
-0.033606754848733544,752,0.0,0.03014334314502776,0.625,0.01809147372841835,0.05621495982632041,0.003006096463650465,68.14062499999999,0.9207826397066101,0.05815664865076542,0.01624760963022709,0.96144038438797,12.29878044128418,0.4560839533805847,-0.0033653192222118378,0.0,48.769244965503106,48.769244965503106
0.009770913398824632,760,0.0,-0.008567828801460566,0.5,-0.0053049009293317795,0.056120085064321756,0.0002840027154888958,73.0,0.9215601346554376,0.05841769278049469,-0.005231927148997784,0.9645593166351318,11.579451560974121,0.45583200454711914,-0.0033640475012362003,,49.949421510976194,49.949421510976194
0.021261843852698806,768,0.0,-0.018951581907458607,0.5,-0.011814314872026443,0.056076760869473226,0.001037289621308446,81.0,0.9222097056469235,0.05826724227517843,-0.010216147638857365,0.9652328491210938,11.494609832763672,0.47675174474716187,-0.003405078314244747,,16.69327535988534,16.69327535988534
-0.01923809666186571,776,0.0,0.017522523645311594,0.875,0.01023954525589943,0.05604125652462244,0.0010052702855318785,83.21875,0.9229493150642323,0.058895636815577745,0.009291372261941433,0.9649920463562012,12.003213882446289,0.4769396185874939,-0.0034005872439593077,0.0,30.55085511051357,30.55085511051357
-0.008915275684557855,784,0.0,0.007959177310112864,0.625,0.0037052035331726074,0.05584202613681555,0.00015289694420062006,87.75,0.9236644514470548,0.058826247695833445,0.003643783275038004,0.9637080430984497,11.746623992919922,0.4555816948413849,-0.0033582220785319805,,30.504850212959642,30.504850212959642
0.019883468514308333,792,0.0,-0.01851112220901996,0.7499999999999999,-0.011255640536546707,0.05563615262508392,0.0010857116430997849,95.75,0.9244466042476431,0.06007451796904206,-0.009147797711193562,0.9642348289489746,11.706062316894531,0.4768078923225403,-0.0033936980180442333,,13.034637525174375,13.034637525174375
0.0011485042923595756,800,0.0,-0.001172945208963938,1.0,-0.00042125582695007324,0.05558692058548331,5.2083141781622544e-05,103.75,0.9249890927108946,0.05882268073037267,-0.00047548592556267977,0.964438796043396,11.662229537963867,0.49777644872665405,-0.0034334948286414146,,31.445323660560184,31.445323660560184
-0.01718131045345217,808,0.0,0.015830440679565076,0.7499999999999999,0.010332528501749039,0.05569970794022083,0.0013342383317649364,90.59375,0.9258513908452283,0.05779099790379404,0.010400776751339436,0.959072470664978,12.79137134552002,0.45602595806121826,-0.003345801495015621,0.0,4.120200243141369,4.120200243141369
-0.0004306845657993108,816,0.0,0.0005617129954771372,0.875,-6.279349327087402e-05,0.05581766227260232,0.0004732206871267408,74.4609375,0.9265155917845533,0.058184553869068616,-0.0009393936488777399,1.1609996557235718,12.129521369934082,0.48744437098503113,-0.0033738708589226007,0.0,29.49014753302689,29.49014753302689
0.012974924524314702,824,0.0,-0.012410449562594295,0.875,-0.009367600083351135,0.055859136395156384,0.0017850578296929598,74.203125,0.9269331058443527,0.05704091535881162,-0.00394515972584486,1.097346544265747,11.485885620117188,0.4352356791496277,-0.0033478590194135904,0.0,9.339248630584304,9.339248630584304
-0.0015262023371178657,832,0.0,0.0004459476131160045,0.625,-0.001702733337879181,0.05640261387452483,0.00033080740831792355,64.7890625,0.9274839206063535,0.05765011953189969,-0.0017359431367367506,0.9661980867385864,11.632790565490723,0.4749569296836853,-0.0034487235825508833,0.0,25.288558770240527,25.288558770240527
-0.01366619998589158,840,0.0,0.012542585376650095,0.5,0.008965596556663513,0.05736511293798686,0.0008366842521354556,58.140625,0.9282461882374182,0.059223517775535583,0.009741284884512424,0.9616044759750366,12.313666343688965,0.5397818088531494,-0.0035338248126208782,0.0,10.836646110256789,10.836646110256789
0.004864365444518627,848,0.0,-0.003633256288594566,0.625,-0.002149851992726326,0.05868937401100993,0.00025501527125015855,60.09374999999999,0.9289420853610351,0.05851425603032112,-0.0013841550098732114,1.0529181957244873,11.642632484436035,0.5001351833343506,-0.003577837022021413,0.0,20.69207800755245,20.69207800755245
0.01011692185420543,856,0.0,-0.009754240862093866,0.375,-0.006259484216570854,0.05966557469218969,0.0012538849841803312,52.4375,0.9296288875107952,0.05902613513171673,-0.0045502446591854095,0.9524407386779785,12.019770622253418,0.4556313753128052,-0.0035140286199748516,0.0,11.194304262250776,11.194304262250776
-0.033466055290773504,864,0.0,0.03138182475231588,0.7499999999999999,0.01822838932275772,0.06107898894697428,0.005039690528064966,49.9375,0.9301800978833417,0.0592624507844448,0.020372070372104645,0.9558451175689697,12.027975082397461,0.497841477394104,-0.0036004327703267336,,18.3771850294984,18.3771850294984
0.054906079545617104,872,0.0,-0.04741369094699621,0.875,-0.025397982448339462,0.05994877265766264,0.006565878167748451,57.9375,0.9308246034491847,0.0600752797909081,-0.02610180526971817,0.9585394859313965,11.519898414611816,0.5398801565170288,-0.0035968434531241655,,40.34474918116561,40.34474918116561
-0.013058908371021971,880,0.0,0.013966215658001602,0.625,0.012865941971540451,0.061266633216291666,0.003974623512476683,60.93749999999999,0.9315276797498545,0.05915422551333904,0.01487299706786871,0.9564733505249023,11.789396286010742,0.5612089037895203,-0.003587037557736039,0.0,61.54212037700855,61.54212037700855
-0.028240075102075934,888,0.0,0.025564539711922407,0.875,0.01680057868361473,0.06341128330677748,0.002396511612460017,65.6171875,0.9320205162748494,0.057735022623091936,0.01332068257033825,0.9356739521026611,11.55626106262207,0.4538869261741638,-0.0036361366510391235,0.0,29.95326912848807,29.95326912848807
0.013873835443519056,896,0.0,-0.014925200724974275,0.5,-0.011571887880563736,0.06333215022459626,0.0038296713028103113,71.375,0.9324705310674396,0.05891235964372754,-0.016027551144361496,0.9506146907806396,11.366351127624512,0.5398155450820923,-0.0036207346711307764,,41.128322522108704,41.128322522108704
0.015078429714776577,904,0.0,-0.01551474106963724,1.0,-0.012129532173275948,0.0650483057834208,0.0031496859155595303,75.5078125,0.9330433165676831,0.058816400822252035,-0.009697924368083477,0.9444062113761902,11.327227592468262,0.5001989603042603,-0.0037586339749395847,0.0,29.778590225062082,29.778590225062082
-0.022835616488009688,912,0.0,0.0222866078838706,0.875,0.0159316323697567,0.06486340146511792,0.004683967679738998,77.0625,0.9335035462732689,0.05815864074975252,0.015017980709671974,0.936524510383606,11.553893089294434,0.4976874589920044,-0.0036822545807808638,,33.37347929804794,33.37347929804794
0.008175625640433282,920,0.0,-0.004340379709901754,0.875,0.0007227882742881775,0.06476020393893123,0.001960339955985546,85.0625,0.933902135016444,0.05811002664268017,0.0032555146608501673,0.9518520832061768,11.335322380065918,0.5402330160140991,-0.0036201959010213614,,39.99550093572977,39.99550093572977
0.025217020185664296,928,0.0,-0.022748498478904366,0.25,-0.013740776106715202,0.06576838856562972,0.0018212114227935672,85.984375,0.9343685264320593,0.0576781202107668,-0.01168322004377842,0.9186936616897583,11.089165687561035,0.43473878502845764,-0.0037476287689059973,0.0,13.089486180349112,13.089486180349112
-0.0032573209318798035,936,0.0,0.0029781486373394728,0.375,0.0012783855199813843,0.06247996585443616,9.365545702166855e-05,90.578125,0.9348709200454988,0.059451956301927567,0.0012787398882210255,0.9353775382041931,11.565393447875977,0.4760269522666931,-0.003674848936498165,0.0,37.873772645469174,37.873772645469174
-0.015608047018758953,944,0.0,0.015453286818228662,1.0,0.008824512362480164,0.06530463928356767,0.001945542055182159,91.25,0.9352235683183888,0.05800453806295991,0.01065672468394041,0.9343764781951904,11.401458740234375,0.49783986806869507,-0.0036795129999518394,,13.39128707416079,13.39128707416079
0.012035858584567904,952,0.0,-0.009792617231141778,0.75,-0.004591029137372971,0.0654359683394432,0.0015893032541498542,94.71875,0.9358678784213765,0.0582099431194365,-0.004513076972216368,0.9052218198776245,11.21206283569336,0.461140513420105,-0.0039053852669894695,0.0,28.125100318433578,28.125100318433578
0.017385824816301465,960,0.0,-0.014188494766131042,0.75,-0.007749881595373154,0.06467401050031185,0.0012446139007806778,83.3828125,0.9364215982108325,0.058290612418204546,-0.008557508699595928,0.9180880784988403,11.21802043914795,0.4557350277900696,-0.0037290023174136877,0.0,22.702032226857007,22.702032226857007
-0.011011391121428458,968,0.0,0.009956806083209813,0.875,0.0016732513904571533,0.06372584262862802,0.0005571142537519336,75.125,0.9370518708410601,0.05909529607743025,0.0013482514768838882,0.9308573007583618,11.488057136535645,0.4546539783477783,-0.0036346286069601774,0.0,25.353934807007946,25.353934807007946
-0.016224636929109693,976,0.0,0.013057121424935758,0.875,0.005904801189899445,0.06311981985345483,0.001399635337293148,54.34375,0.937534861826274,0.05947103025391698,0.006080572493374348,0.9303609132766724,11.562711715698242,0.4979098439216614,-0.0036794100888073444,0.0,22.637699581576356,22.637699581576356
0.008601984358392656,984,0.0,-0.00972535484470427,0.75,-0.0070396848022937775,0.0637512095272541,0.00249610492028296,50.59375,0.9381529874529432,0.05910185864195227,-0.006923171691596508,0.9382055401802063,11.351862907409668,0.5188824534416199,-0.0036578834988176823,0.0,24.316922112070063,24.316922112070063
0.007837898912839592,992,0.0,-0.007056956965243444,0.625,-0.0038673952221870422,0.06404218869283797,0.0001324259355897084,48.5,0.9385515566455578,0.05864620814099908,-0.003637840738520026,0.9384617805480957,11.283002853393555,0.5189405083656311,-0.003647230565547943,,23.494498862034597,23.494498862034597
-0.006143096572486684,1000,0.0,0.007152407517423853,0.3750000000000001,0.005864858627319336,0.06389515101909636,0.002100336831063032,55.375,0.9389486141840421,0.05861159972846508,0.0053201825357973576,0.9417224526405334,11.452759742736816,0.4960108995437622,-0.0036418254021555185,0.0,16.51981593855459,16.51981593855459
-0.0008766264072619379,1008,0.0,0.003163186411256902,0.7499999999999999,0.009274054318666458,0.062241493724286556,0.0012064689071848989,54.8671875,0.9393525875433512,0.059560136403888464,0.008783204481005669,0.961897075176239,11.482466697692871,0.5613030195236206,-0.0035127801820635796,0.0,29.51255879362091,29.51255879362091
0.011115878587588668,1016,0.0,-0.010612429236061871,1.0,-0.009017860516905785,0.06576323322951794,0.0010352196404710412,61.8125,0.9397637414666536,0.05772056011483073,-0.01030202116817236,0.9542707204818726,11.15831184387207,0.5608075857162476,-0.003584768157452345,,13.947002012626921,13.947002012626921
-0.00034627169952727854,1024,0.0,-0.0005695832151104696,0.875,-0.0020398106426000595,0.06260083382949233,0.00017053831834346056,69.8125,0.9402768478531921,0.059519421774894,-0.002409908454865217,0.9545477032661438,11.527507781982422,0.5611115097999573,-0.003582664066925645,,23.590486784457294,23.590486784457294
-0.012789114727638662,1032,0.0,0.011251901742070913,0.75,0.007474794983863831,0.06166450260207057,0.0041849734261631966,74.234375,0.9408990737411702,0.06014174083247781,0.002080789767205715,0.9463828802108765,11.677210807800293,0.4959368109703064,-0.003579650539904833,0.0,9.496880149537887,9.496880149537887
0.007100236049154773,1040,0.0,-0.005440165463369339,0.7499999999999999,-0.0034516341984272003,0.06510920077562334,0.00012064229667885229,65.125,0.9412409323193497,0.05831122817471624,-0.003157756756991148,0.9142953753471375,11.159098625183105,0.45575058460235596,-0.003756864694878459,,18.59164564474677,18.59164564474677
0.011135146720334888,1048,0.0,-0.009312768059317019,0.0,-0.0063040368258953094,0.062295316718518734,0.0009388905600644648,73.125,0.9417221709268652,0.05971611011773348,-0.006616983562707901,0.916107177734375,11.49365520477295,0.4559016227722168,-0.0037519673351198435,,20.015770333682923,20.015770333682923
-0.006022285902872681,1056,0.0,0.008162489742971957,0.6249999999999999,0.006618659943342209,0.06328998738899827,0.002235730644315481,81.125,0.9421908155248266,0.05920249270275235,0.01029494684189558,0.9474266767501831,11.539556503295898,0.5396841168403625,-0.003614088287577033,,23.511485514052506,23.511485514052506
0.002553631056798622,1064,0.0,-0.002565529757703189,0.25,0.002645593136548996,0.06479185866191983,0.000597252743318677,84.8125,0.9427047397174055,0.058359997346997254,0.00158757995814085,0.9297057390213013,11.298704147338867,0.4770616292953491,-0.0036453416105359793,0.0,23.976734166635964,23.976734166635964
0.008682899409905076,1072,0.0,-0.009214282559696585,0.625,-0.003192126750946045,0.06472220318391919,0.0005849488079547882,80.765625,0.9432095824232669,0.05847978871315717,-0.002557185012847185,0.9149478673934937,11.23402214050293,0.45556676387786865,-0.0037528297398239374,0.0,11.487589908135583,11.487589908135583
0.0006619198829866946,1080,0.0,-0.0017356770113110542,0.7499999999999999,-0.0017497614026069641,0.06181617360562086,0.0006616623722948134,86.1875,0.9438222867157284,0.06006212765350938,-0.0020482265390455723,0.9464892745018005,11.592133522033691,0.5399414896965027,-0.0036167455837130547,,18.805637291530225,18.805637291530225
-0.011751499492675066,1088,0.0,0.009330695844255388,0.875,0.0027292948216199875,0.06437911931425333,0.0006871467339806259,94.1875,0.9442256186926006,0.05880983080714941,0.0039143031463027,0.9288191795349121,11.466797828674316,0.49768340587615967,-0.0036968125496059656,,13.616060278328685,13.616060278328685
-0.005183811066672206,1096,0.0,0.0038321463798638433,0.125,0.0007732454687356949,0.064553651958704,0.00029177864780649543,102.1875,0.9446413321426961,0.05881623737514019,0.001328243175521493,0.9295358657836914,11.421850204467773,0.4977601170539856,-0.0037016288843005896,0.0,13.531540901073612,13.531540901073612
0.004136350238695741,1104,0.0,-0.004696602933108807,0.625,-0.0049053095281124115,0.06561061879619956,0.004194918088614941,98.96875,0.9449300283120202,0.0583276953548193,-0.0071044908836483955,0.9216741919517517,11.226380348205566,0.47641903162002563,-0.003759274957701564,0.0,10.006194580081274,10.006194580081274
-0.002133579895598814,1112,0.0,0.002855300437659025,0.875,-0.0017455480992794037,0.06454635551199317,0.008584344759583473,89.28125,0.9454343740803562,0.05915254633873701,0.009941311553120613,0.8930953741073608,11.30974006652832,0.4990085959434509,-0.00374613213352859,0.0,14.085833158071669,14.085833158071669
-0.005009585001971573,1120,0.0,0.005737779341870919,1.0,0.0041116271167993546,0.06459730817005038,0.002293578116223216,71.8359375,0.9459678378257659,0.05899990629404783,4.562828689813614e-05,0.9283041954040527,11.308760643005371,0.47474536299705505,-0.003720920067280531,0.0,11.034043422978986,11.034043422978986
0.0023301366018131375,1128,0.0,-0.000541355930181453,0.375,0.000608786940574646,0.06495150178670883,0.0006290308083407581,63.5,0.9463821819274713,0.05898886406794191,0.0021377403754740953,0.9365248084068298,11.24988079071045,0.5108455419540405,-0.003678429638966918,0.0,13.110469102408407,13.110469102408407
0.010793210938572884,1136,0.0,-0.008664305729325859,0.875,-0.004114903509616852,0.06605125032365322,0.00305098295211792,63.453125,0.9466533757724764,0.058617538306862116,-0.009619111195206642,0.8975616693496704,11.223583221435547,0.518916130065918,-0.0037115321028977633,0.0,6.543820283864309,6.543820283864309
0.005941513867583126,1144,0.0,-0.004479949042433873,0.75,-0.0022881142795085907,0.06629183050245047,0.0006579672335647047,63.625,0.9469901750430844,0.058548671659082174,-0.002962075173854828,0.9028983116149902,11.281167030334473,0.43488365411758423,-0.0038790388498455286,0.0,12.713397914144942,12.713397914144942
8.487474406138062e-05,1152,0.0,-0.00019971761503256847,0.3750000000000001,0.002715570852160454,0.06579780858010054,0.00027670228155329823,62.6640625,0.9473285319315893,0.058996093925088644,0.0022066463716328144,0.9106278419494629,11.274024963378906,0.4473605453968048,-0.003843723563477397,0.0,8.4491353203347,8.4491353203347
-0.0030799461528658867,1160,0.0,0.00196480646263808,1.0,0.0014272257685661316,0.06561593478545547,0.016898110508918762,65.125,0.94756696872978,0.05913323909044266,-0.01148543693125248,0.9091918468475342,11.392664909362793,0.561203122138977,-0.003609921084716916,0.0,13.997422674756102,13.997422674756102
0.00793243362568319,1168,0.0,-0.009357190989248922,0.6249999999999999,-0.0018004830926656723,0.06778602954000235,0.006028944160789251,53.1328125,0.9480908482735554,0.05863519199192524,-0.008224913850426674,0.8334981799125671,10.846504211425781,0.4560721516609192,-0.003939411137253046,0.0,7.7074247956694455,7.7074247956694455
0.002646251057740301,1176,0.0,-0.0031942153291311115,0.125,-0.0023628640919923782,0.06787556270137429,0.0002454845525790006,41.5,0.9484043312822923,0.058329451363533735,-0.000893138931132853,0.9005230665206909,11.157865524291992,0.4350616931915283,-0.003949857782572508,,14.267852914354933,14.267852914354933
-0.0011288525129202753,1184,0.0,0.0015046254593471529,1.0,0.0019619520753622055,0.06564252311363816,0.00011108797480119392,45.984375,0.9487907955612822,0.05953917512670159,0.0019412904512137175,0.9295780658721924,11.443675994873047,0.49784719944000244,-0.0037856537383049726,0.0,16.962718672674846,16.962718672674846
-0.0007780320884194225,1192,0.0,0.0015908300338196573,0.875,0.0008501987904310226,0.07104394864290954,0.000268078496446833,48.125,0.9490282739400582,0.057420280296355486,0.0011201658053323627,0.9211316704750061,11.204402923583984,0.4773428440093994,-0.0038619334809482098,,9.292090229549357,9.292090229549357
0.00288562205969356,1200,0.0,-0.0018783319246722385,0.7499999999999999,-0.001101624220609665,0.06973890354856849,0.00013878436584491283,56.125,0.9492930091624839,0.05841900268569588,-0.0003326329169794917,0.9432228803634644,11.274580955505371,0.5397424101829529,-0.003684819908812642,0.0,18.758684828293518,18.758684828293518
-0.0019272637437097733,1208,0.0,0.002606483409181237,1.0,-0.0020180288702249527,0.07003467809408903,0.0001246742467628792,55.453125,0.9497177576605138,0.058514195028692484,-0.0014082507696002722,0.9055960178375244,11.177568435668945,0.456185519695282,-0.003995068836957216,0.0,5.877548310132541,5.877548310132541
-0.0029628277698066086,1216,0.0,0.0029092125023453264,0.7499999999999999,-0.00025117211043834686,0.0676267514936626,0.00016055209562182426,56.7890625,0.9501602500492056,0.05968510359525681,7.919919153209776e-05,0.9368822574615479,11.4210844039917,0.5188324451446533,-0.0037848486099392176,0.0,20.11229677697477,20.11229677697477
-0.0015101395838428284,1224,0.0,0.0009929218322213273,0.5,0.00023508816957473755,0.07235613279044628,0.00013127164856996387,61.25,0.9504881615996739,0.05811444157734513,0.00029325540526770055,0.9219808578491211,11.22757339477539,0.4989061951637268,-0.003882095217704773,,17.29338898273903,17.29338898273903
-0.002641918050358072,1232,0.0,0.0024645564408274367,0.5,0.0011926181614398956,0.07113249599933624,4.548799915937707e-05,66.1328125,0.9508457737535836,0.05879405559971929,0.001424029003828764,0.9177355766296387,11.35915756225586,0.4766935706138611,-0.003990262746810913,0.0,9.007998083204797,9.007998083204797
0.00038928751018829644,1240,0.0,-7.688169898756311e-05,0.5,-0.0002245791256427765,0.06911776540800929,7.485788955818862e-05,68.9375,0.9511696611360243,0.05957659846171737,0.0007387111545540392,0.9377142190933228,11.528186798095703,0.5199941992759705,-0.003820865647867322,,16.609797289913654,16.609797289913654
0.0017843178648035973,1248,0.0,-0.0012066621420672163,0.5,-0.002215079963207245,0.07666693534702063,0.00011635336704785004,71.8984375,0.9514261756690482,0.05786199029535055,-0.002308364026248455,0.8974607586860657,11.042021751403809,0.44869503378868103,-0.0041762227192521095,0.0,18.83820179077916,18.83820179077916
0.00036729310522787273,1256,0.0,-5.816514021717012e-05,0.5,-0.000689992681145668,0.0769884018227458,0.0015300216618925333,74.5625,0.9517231351380978,0.05803730199113488,0.0036393923219293356,0.8745275735855103,11.112706184387207,0.4988592267036438,-0.004002767149358988,0.0,8.209954314285016,8.209954314285016
-0.0009985803335439414,1264,0.0,0.0009639748677727766,0.625,0.00014827027916908264,0.07464215066283941,2.692855014174711e-05,74.09375,0.951952096467063,0.05883348314091563,-7.63047719374299e-05,0.9180047512054443,11.31257152557373,0.47756582498550415,-0.004140499513596296,0.0,13.658325085397381,13.658325085397381
-3.932023537345232e-05,1272,0.0,-0.00026626836915966123,0.375,-0.0008173808455467224,0.07807125430554152,0.00010622042464092374,80.5625,0.9522198709419312,0.05840508686378598,-0.0011192646343261003,0.9268380403518677,11.204520225524902,0.5186129808425903,-0.003932109568268061,,18.564849885177637,18.564849885177637
-0.0007348949438892305,1280,0.0,0.000604092763751396,0.375,-0.0007240921258926392,0.08007955178618431,0.00017712869157548994,88.5625,0.952341279438561,0.05809483397752046,0.00043939624447375536,0.9140901565551758,11.176937103271484,0.4986456632614136,-0.004092704970389605,,5.639664529808492,5.639664529808492
0.0005167411582078785,1288,0.0,-0.0006255171883822186,1.0,-0.001310022547841072,0.07754930667579174,0.00013064790982753038,94.7734375,0.9526382884734851,0.05912219965830445,-0.001969895325601101,0.8973202109336853,11.246737480163574,0.517177939414978,-0.003865026868879795,0.0,11.258325720489834,11.258325720489834
0.0006580118788406253,1296,0.0,-0.0007855864751036279,0.25,-0.00016597658395767212,0.08652130048722029,0.00015386688755825162,80.78124999999999,0.9529562815932864,0.057618559803813696,-9.931909153237939e-05,0.8786166906356812,10.68470573425293,0.45628559589385986,-0.004495806526392698,0.0,12.240532411356703,12.240532411356703
0.00012607217649929225,1304,0.0,-0.00013365119230002165,0.625,-0.0005416888743638992,0.08402959629893302,0.00012046449410263449,63.62500000000001,0.9532218068849111,0.05831786058843136,-0.0005379882641136646,0.9055670499801636,10.904755592346191,0.4981512427330017,-0.004221274983137846,0.0,8.860348629645149,8.860348629645149
0.0013367183273658156,1312,0.0,-0.0011676465128402924,0.5,-0.00028730742633342743,0.08881284110248089,9.225397661793977e-05,51.5,0.9534760715204433,0.05766615271568298,-0.0005563641898334026,0.8926924467086792,10.760921478271484,0.4766674339771271,-0.004436039831489325,0.0,9.510688481429623,9.510688481429623
0.0011818654020316899,1320,0.0,-0.0011741131493181456,0.875,-0.002084454521536827,0.09172209911048414,0.00014311585982795805,47.0625,0.9536142283950081,0.05721239885315299,-0.0009554769494570792,0.863619327545166,10.831215858459473,0.4350527822971344,-0.00484209880232811,,4.263651215422066,4.263651215422066
-0.002799100067932159,1328,0.0,0.0019167875434504822,0.875,-0.000516766682267189,0.08588781859725714,0.00023988723114598542,55.0625,0.9538190197092083,0.058561667799949646,0.0006263604154810309,0.8900904059410095,11.161992073059082,0.47656354308128357,-0.004501884803175926,,8.078972650771178,8.078972650771178
0.0005112444923724979,1336,0.0,-0.0005438743392005563,0.875,-0.0014019757509231567,0.07945463713258506,5.861022145836614e-05,63.0625,0.9541394808610753,0.05977291939780116,-0.001495816744863987,0.9320255517959595,11.38871955871582,0.5401836037635803,-0.003932296298444271,,3.4565948416047885,3.4565948416047885
0.0017681578756310046,1344,0.0,-0.0009539340971969068,0.875,-0.0008750502020120621,0.08354843966662885,0.0005681792390532792,60.12499999999999,0.9544485750046715,0.05911744199693203,-0.002528503304347396,0.88910973072052,11.040704727172852,0.4535805881023407,-0.004535474814474583,0.0,5.932008638725943,5.932008638725943
-0.0027761082747019827,1352,0.0,0.00251969785313122,0.5,0.001040443778038025,0.08994646510109305,8.510437328368425e-05,58.9375,0.9546701673254585,0.058008492924273014,0.0015183468349277973,0.874404788017273,10.898994445800781,0.45594674348831177,-0.004748801700770855,0.0,4.850101191748711,4.850101191748711
-0.0016465892549604177,1360,0.0,0.0013277062062115874,1.0,0.0007252823561429977,0.08315443620085716,4.322609311202541e-05,55.140625,0.9549566175243489,0.05927066598087549,0.0006725637358613312,0.8995485305786133,11.149272918701172,0.49767306447029114,-0.004355338867753744,0.0,7.15956126558301,7.15956126558301
0.002580633183242753,1368,0.0,-0.0025370142684550956,0.375,-0.0016369931399822235,0.0857579465955496,6.851233774796128e-05,60.75,0.9552607065506149,0.058845860417932265,-0.0010655379155650735,0.8883300423622131,11.178579330444336,0.47703248262405396,-0.004570054821670055,,2.9335992038271628,2.9335992038271628
0.0016514913004357366,1376,0.0,-0.0011201411143701991,0.625,-0.0008858554065227509,0.08606014540418983,2.154206231352873e-05,68.75,0.9555754033946918,0.058893417939543724,-0.0004747116763610393,0.9027309417724609,11.199572563171387,0.4980922341346741,-0.004374857526272535,0.0,8.40322151089018,8.40322151089018
-0.001034630520734936,1384,0.0,0.0011269893875578418,0.7499999999999999,0.0010554622858762741,0.08508442901074886,5.187531132833101e-05,67.5625,0.9559041413079932,0.059083085507154465,0.0011283888015896082,0.9168521165847778,11.136589050292969,0.5189579129219055,-0.00417640246450901,,8.586623819639097,8.586623819639097
-0.0023104770807549357,1392,0.0,0.0015726675483165309,1.0,-0.0007418617606163025,0.08871433790773153,0.00011071924382122234,70.6015625,0.956120466421288,0.05851990496739746,-7.823097985237837e-05,0.9162324666976929,11.082243919372559,0.51922607421875,-0.004181780852377415,0.0,6.851412634304231,6.851412634304231
0.0023426293046213686,1400,0.0,-0.0020546879968605936,0.25,-0.0014235638082027435,0.09024798404425383,4.702359001385048e-05,75.625,0.9562865921318541,0.05834691459313035,-0.0017365572275593877,0.9013577699661255,11.070734977722168,0.4977335035800934,-0.0044038365595042706,,6.393708959079582,6.393708959079582
0.001473857439123094,1408,0.0,-0.0009304416525992565,0.5,-0.0014438554644584656,0.08502099849283695,0.00011056694347644225,83.625,0.9565221918273628,0.05920641636475921,-0.0012138388119637966,0.9310052394866943,11.263555526733398,0.5407446026802063,-0.003972745966166258,,6.031282044596047,6.031282044596047
-0.0027536934649106115,1416,0.0,0.0019481821364024654,0.5,0.0013112202286720276,0.08689982444047928,9.327639418188483e-05,83.1484375,0.9567877728235924,0.05891662975773215,0.0011370277497917414,0.9308592081069946,11.072734832763672,0.5396817326545715,-0.003979241941124201,0.0,7.779738203826558,7.779738203826558
-3.655120963230729e-05,1424,0.0,0.00011635647388175131,0.7499999999999999,0.0012131500989198685,0.08502550097182392,4.520630318438634e-05,86.421875,0.9570672501889208,0.05922024929895997,0.0009811167838051915,0.9454594850540161,11.16151237487793,0.5386861562728882,-0.0037587194237858057,0.0,5.551925458044567,5.551925458044567
0.0022980303619988263,1432,0.0,-0.0017383044396410696,0.375,-0.0006834082305431366,0.09142906265333295,7.878101314418018e-05,85.0625,0.9572513940517143,0.0581687493249774,-0.0008213247056119144,0.8141152262687683,10.897453308105469,0.45591795444488525,-0.004793726839125156,0.0,5.283754454596141,5.283754454596141
-0.0001657975954003632,1440,0.0,-0.0001769917871570215,0.75,0.0005778726190328598,0.09379093069583178,4.58321810583584e-05,80.68749999999999,0.9574969287681713,0.0577816660515964,0.0002292109129484743,0.8862705230712891,10.83449935913086,0.4769107699394226,-0.004645821172744036,0.0,6.943461573443239,6.943461573443239
-0.001727823109831661,1448,0.0,0.001457822807424236,0.375,0.000730462372303009,0.08502733614295721,3.2342184567824006e-05,78.9375,0.9578777069356004,0.05926327873021364,0.0008256983128376305,0.900743842124939,11.141671180725098,0.48856571316719055,-0.004427563399076462,0.0,5.243506398465803,5.243506398465803
-0.00010180854587815703,1456,0.0,0.0003496799527056282,0.7499999999999999,0.0006711427122354507,0.08054998470470309,2.448724626447074e-05,69.8125,0.958337344232078,0.05992073938250541,0.0005462240660563111,0.9603065252304077,11.238945960998535,0.5830276608467102,-0.003537479555234313,0.0,5.039116320153305,5.039116320153305
0.00216005797847174,1464,0.0,-0.0018145811554859392,1.0,-0.0019228197634220123,0.09311644453555346,4.565549170365557e-05,67.265625,0.9585525934569336,0.057943197432905436,-0.0013488780241459608,0.8539209365844727,10.928518295288086,0.43478500843048096,-0.0050963349640369415,0.0,9.350073751290857,9.350073751290857
-0.0013445701624732465,1472,0.0,0.0010126840352313593,0.875,0.00023950263857841492,0.08978773653507233,8.403221727348864e-05,68.8203125,0.9588096977281771,0.05853524152189494,0.0011595140676945448,0.8409504294395447,11.04189682006836,0.4133978486061096,-0.005322563927620649,0.0,8.204347431311508,8.204347431311508
-0.00035669252974912524,1480,0.0,0.0005846570420544595,1.0,0.0011767148971557617,0.08901285752654076,5.972437065793201e-05,70.0625,0.9590466120067177,0.05866552563384175,0.0008890696335583925,0.915529727935791,11.159214973449707,0.5190296769142151,-0.004207712598145008,,3.4662299038631446,3.4662299038631446
0.00023241402232088149,1488,0.0,-0.00021782614203402775,0.75,-9.927898645401e-07,0.09237917978316545,1.6191552276723087e-05,78.0625,0.9592861810595975,0.05816321447491646,-0.0002638412406668067,0.8855952620506287,11.038654327392578,0.4764450788497925,-0.004655472934246063,,7.309072742814626,7.309072742814626
-0.0004970017762389034,1496,0.0,0.0001891373576654587,0.7499999999999999,-9.862147271633148e-05,0.09396453853696585,0.00023823889205232263,80.5234375,0.9594452855916042,0.05776609247550368,0.0009330454049631953,0.8272300958633423,10.833648681640625,0.4770728051662445,-0.004573811776936054,0.0,1.2897004692634368,1.2897004692634368
0.000783560739364475,1504,0.0,-0.000550561346244649,0.625,-0.0003781430423259735,0.08699036575853825,4.6196197217796e-05,57.5625,0.959636479384867,0.0589029835537076,-0.00039344310062006116,0.9303339123725891,10.981006622314453,0.5397123098373413,-0.003987547475844622,0.0,4.637394256791716,4.637394256791716
-8.33539525046944e-06,1512,0.0,0.0002250115194328828,0.625,-0.00037978217005729675,0.08877057256177068,4.737066410598345e-05,60.421875,0.9598246091631091,0.058714804239571095,-2.6793379220180213e-05,0.8855301141738892,11.069954872131348,0.4765075743198395,-0.004658870864659548,0.0,6.500530460009749,6.500530460009749
-0.001707736431853846,1520,0.0,0.0013055306408205067,0.3750000000000001,0.0007430557161569595,0.09025056939572096,8.582788723288104e-05,61.9375,0.9600086725315737,0.058519443031400435,0.0005938844406045973,0.9155362844467163,11.113243103027344,0.5186024904251099,-0.004212029743939638,,3.484108232782993,3.484108232782993
0.002164126344723627,1528,0.0,-0.0019735186579055153,0.0,-0.0008162073791027069,0.08581546880304813,2.2406340576708317e-05,69.9375,0.9601805842956714,0.05926027288660407,-0.0008462013793177903,0.9005117416381836,11.24341106414795,0.4975098967552185,-0.004436935763806105,0.0,5.007411729242019,5.007411729242019
0.0009730076126288622,1536,0.0,-0.0007392202969640493,0.375,0.0005579646676778793,0.08336337935179472,5.1865783461835235e-05,61.796875,0.9604451226855174,0.05946229305118322,0.00014597887638956308,0.8854565620422363,10.981819152832031,0.4765133261680603,-0.004662501625716686,0.0,6.538133958855424,6.538133958855424
-0.0031330806377809495,1544,0.0,0.0026689570222515613,0.375,0.002068180590867996,0.0903633157722652,4.3309672037139535e-05,67.125,0.960630387850557,0.05850882735103369,0.0017048963345587254,0.8554046154022217,11.13099193572998,0.4344902038574219,-0.0051108053885400295,,4.525976263945668,4.525976263945668
0.00128853356000036,1552,0.0,-0.0013263515793369152,0.5,-0.0014763027429580688,0.08814590144902469,3.4567063266877085e-05,75.125,0.960794765032236,0.05889595486223698,-0.0011918453965336084,0.900239884853363,11.17221450805664,0.49745213985443115,-0.004439183976501226,,6.2349069170198685,6.2349069170198685
0.002528797776903957,1560,0.0,-0.002162300079362467,0.6249999999999999,-0.0020819436758756638,0.08816218050196767,4.18439885834232e-05,83.125,0.9609224127337687,0.058883250225335367,-0.0015475581167265773,0.9002431035041809,11.166661262512207,0.49764150381088257,-0.0044391583651304245,,2.4434341277811624,2.4434341277811624
-0.0020996228267904367,1568,0.0,0.0019362227176316078,0.625,0.0004684086889028549,0.09387589432299136,0.0004941349616274238,85.6875,0.9611527371319639,0.057784467469900846,-0.0007990321610122919,0.8121272325515747,10.784372329711914,0.4554803967475891,-0.004810446873307228,0.0,4.74398129166429,4.74398129166429
-0.003362401359481737,1576,0.0,0.0029137913952581584,0.875,0.0015022549778223038,0.09049443528056146,4.929367423756048e-05,73.6953125,0.961379757865165,0.0583332353271544,0.0017255994025617838,0.8853761553764343,10.890447616577148,0.46875500679016113,-0.004664349369704723,0.0,3.81507424545117,3.81507424545117
0.003976013424107805,1584,0.0,-0.0034679321106523275,0.75,-0.0013612043112516403,0.08667288720607758,3.4541593777248636e-05,71.375,0.9615538267751111,0.05895802797749638,-0.0017379240598529577,0.9156893491744995,11.091283798217773,0.5196914672851562,-0.004210530314594507,,10.767757878320552,10.767757878320552
0.0010696416429709643,1592,0.0,-0.0008048199597396888,0.375,-0.0007213521748781204,0.08851395454257727,2.5393681426066905e-05,77.109375,0.9616795319681005,0.058698562905192375,-0.00023091305047273636,0.9018088579177856,11.004592895507812,0.4881274402141571,-0.004437439143657684,0.0,9.235520154563858,9.235520154563858
-0.003402970149181783,1600,0.0,0.0029694434779230505,1.0,0.0011780466884374619,0.09081615321338177,7.394452404696494e-05,80.49218750000001,0.9618135947919462,0.058259730692952864,0.0008444774430245161,0.8730339407920837,10.972434043884277,0.5408473014831543,-0.003904172917827964,0.0,7.991766853100952,7.991766853100952
-0.00011571912909857929,1608,0.0,0.00015637435535609256,0.7499999999999999,0.00017013773322105408,0.0930961356498301,1.3364156984607689e-05,75.703125,0.9620613684384756,0.05796124320477247,0.00019478412286844105,0.8811330795288086,10.852150917053223,0.4766150116920471,-0.00466958899050951,0.0,10.423439157360619,10.423439157360619
0.0032518763036932796,1616,0.0,-0.0028274015930946916,0.75,-0.0016437135636806488,0.08485186751931906,3.246368214604445e-05,52.5625,0.9622867370263366,0.0592192024923861,-0.0014911124017089605,0.930281937122345,11.044103622436523,0.540140688419342,-0.0039886292070150375,0.0,4.9632137456028955,4.9632137456028955
-0.000248710042797029,1624,0.0,2.164416719097062e-05,1.0,-0.0008287150412797928,0.0867112297564745,2.1027677576057613e-05,53.0625,0.9624009741994315,0.059028544928878546,-0.0004153626214247197,0.9301407337188721,11.134032249450684,0.539974570274353,-0.003989583812654018,,7.182623117680462,7.182623117680462
-0.0033024543372448534,1632,0.0,0.002742699536611326,0.0,0.001299344003200531,0.0983215682208538,2.891578151320573e-05,61.0625,0.9624475022945682,0.05721263587474823,0.0013595001073554158,0.900198757648468,10.87901782989502,0.4975176751613617,-0.004441387020051479,,5.240443141798144,5.240443141798144
0.0016126715927384796,1640,0.0,-0.0012573344210977666,1.0,-0.00154891237616539,0.08784233499318363,8.293097198475152e-05,61.625,0.9627024727544126,0.058828677982091904,-0.0014782981015741825,0.8702642321586609,11.09134292602539,0.45566967129707336,-0.004890048410743475,0.0,5.462207783790844,5.462207783790844
0.0019629351154435426,1648,0.0,-0.0015775944266351871,0.875,-0.0006456281989812851,0.08487934013828635,6.594785372726619e-05,57.296875,0.9629353870013685,0.059245405718684196,0.00012025231262668967,0.8858535885810852,11.043830871582031,0.5607455372810364,-0.0036753651220351458,0.0,5.649898129907696,5.649898129907696
-0.0018461125728208574,1656,0.0,0.0014235716153052638,0.875,3.755651414394379e-05,0.09271447733044624,4.629668183042668e-05,58.875,0.9630631838931248,0.05812623305246233,0.0005718855536542833,0.9001786708831787,11.047520637512207,0.4976954460144043,-0.004441030789166689,,4.016294252249253,4.016294252249253
-0.00130890792934224,1664,0.0,0.001004811296297703,0.7499999999999999,0.0003980956971645355,0.08597791520878673,1.8655831809155643e-05,66.875,0.9631955529750704,0.059244989883154624,0.000466112163849175,0.9302757978439331,11.263436317443848,0.5399755239486694,-0.0039894613437354565,,4.414679479145805,4.414679479145805
0.0018551291432231665,1672,0.0,-0.0015598150494042784,1.0,-0.0012318622320890427,0.09497283538803458,0.00010674787336029112,73.796875,0.9633510732482591,0.05777090648189187,-0.001646434306167066,0.8552368879318237,10.92956829071045,0.4113701581954956,-0.005117376334965229,0.0,3.25702422977444,3.25702422977444
0.0004802400362677872,1680,0.0,-0.0002860296444850973,0.3750000000000001,0.0006395615637302399,0.08674660231918097,1.1767222531489097e-05,65.25,0.9635023917974322,0.05887770652770996,0.0003468944923952222,0.9301958084106445,10.915475845336914,0.5396348237991333,-0.003990723751485348,,3.279934355299776,3.279934355299776
-0.0015204758383333683,1688,0.0,0.0013106830301694572,0.625,0.0005717165768146515,0.09157870663329959,1.220764170284383e-05,73.25,0.9636289144599013,0.05831811856478453,0.0006521708564832807,0.8703428506851196,11.087276458740234,0.4554028809070587,-0.004891672637313604,,4.647898986542159,4.647898986542159
-3.5278149880468845e-05,1696,0.0,-9.216834587277845e-05,0.875,0.00010783970355987549,0.09271007403731346,2.633331678225659e-05,81.25,0.9637895848950113,0.05813786340877414,-0.0003022380988113582,0.8853764533996582,11.039111137390137,0.47645843029022217,-0.004666558001190424,,5.809193944723758,5.809193944723758
0.0010494202724657953,1704,0.0,-0.0009183795573335375,0.3750000000000001,-0.00011597760021686554,0.09385247901082039,1.4426072084461339e-05,89.25,0.9639841333821891,0.05795830860733986,6.378906255122274e-05,0.885212779045105,10.993584632873535,0.4764172434806824,-0.004666939843446016,,4.480566787628803,4.480566787628803
9.60490433499217e-05,1712,0.0,6.73066106173792e-05,0.25,-6.031244993209839e-05,0.09160296618938446,1.9868699382641353e-05,97.25,0.9642458307250914,0.058321292977780104,-0.00010171082976739854,0.8702975511550903,11.074974060058594,0.4554685354232788,-0.004891641903668642,,2.808656270972399,2.808656270972399
-0.0006265664997044951,1720,0.0,0.0004796451776201138,0.875,0.001052694395184517,0.0829564779996872,3.169379851897247e-05,85.7578125,0.9646244626926757,0.059447161853313446,0.0008545145392417908,0.8858707547187805,10.9122314453125,0.5517356395721436,-0.0036734731402248144,0.0,3.4239220464451456,3.4239220464451456
-0.0005335646274033934,1728,0.0,0.00028869477318949066,0.875,-0.000330975279211998,0.0859785326756537,2.6074205379700288e-05,75.6328125,0.9647951021239494,0.05919510824605822,-0.0008263485506176949,0.9450993537902832,11.222502708435059,0.5382305979728699,-0.0037636486813426018,0.0,6.375603677793335,6.375603677793335
0.0006224078824743629,1736,0.0,-0.0006010442739352585,0.5,1.2306496500968933e-05,0.09231190383434296,1.0229552572127432e-05,77.125,0.9649729856425308,0.058136827778071165,-0.00015314773190766573,0.9007030129432678,10.971553802490234,0.4974851608276367,-0.004440669436007738,,5.294529154581646,5.294529154581646
0.0007895171584095806,1744,0.0,-0.0005066704979981296,0.625,0.00024649500846862793,0.08929321262985468,2.428222978778649e-05,85.125,0.9651754942181382,0.05865777051076293,-6.852205842733383e-07,0.8861395120620728,11.152864456176758,0.47668707370758057,-0.004664207808673382,,4.657141711748496,4.657141711748496
-0.0006991585250943899,1752,0.0,0.0007234235454234295,0.375,0.00015851855278015137,0.08296081563457847,1.2033073289785534e-05,86.3984375,0.9654357416151897,0.05958864698186517,0.0003731182077899575,0.8852508664131165,11.195629119873047,0.4766833782196045,-0.004666996654123068,0.0,8.816180688481612,8.816180688481612
-0.0005559842102229595,1760,0.0,0.0004400636353238951,0.5,0.00031220167875289917,0.08295532036572695,1.610882827662863e-05,73.15625,0.965656714872992,0.05962080089375377,0.0003250545705668628,0.838860273361206,11.185798645019531,0.49749428033828735,-0.004348439164459705,0.0,6.611134364945341,6.611134364945341
0.00021569806267507374,1768,0.0,-0.00043342959543224424,1.0,-0.0005193483084440231,0.09683741629123688,3.345795630593784e-05,63.421875,0.9657646591616647,0.057336646132171154,-0.00021496445697266608,0.9001165628433228,10.813599586486816,0.4980149269104004,-0.004439175128936768,0.0,8.5240697418283,8.5240697418283
0.0007932684675324708,1776,0.0,-0.0006398890982382001,0.75,-0.0005614962428808212,0.08743264526128769,2.7086542104370892e-05,60.8359375,0.9659953834468507,0.058829846791923046,-0.0008306397357955575,0.855577826499939,11.036819458007812,0.43472492694854736,-0.005115759093314409,0.0,9.393412256327972,9.393412256327972
-0.0006034940306562931,1784,0.0,0.0007980174359545344,0.375,0.0008000154048204422,0.08479937072843313,3.7554738810285926e-05,60.4375,0.9662123079644411,0.05942038260400295,0.0006794080836698413,0.9161099791526794,11.283102989196777,0.5185732245445251,-0.004214417189359665,,6.811013636786029,6.811013636786029
4.3029256630688906e-05,1792,0.0,-6.628668779740107e-05,0.875,-1.3943761587142944e-05,0.09267934318631887,2.7756308554671705e-05,68.4375,0.9662864018713999,0.05804797867313028,-0.00028943060897290707,0.8411684036254883,11.048994064331055,0.41381925344467163,-0.0053388262167572975,,4.518099502120241,4.518099502120241
0.0003427339543122798,1800,0.0,-0.000613875195995206,0.5,-0.0006123818457126617,0.08819135464727879,3.594324516598135e-05,59.7265625,0.9663492997027513,0.058679455891251564,-0.0005634787958115339,0.9003913402557373,10.903319358825684,0.4975547194480896,-0.0044407048262655735,0.0,9.341648949470676,9.341648949470676
-0.000506333977682516,1808,0.0,0.0003613748831412522,0.625,0.00023517385125160217,0.07959497533738613,1.14211607069592e-05,60.890625,0.9666357456784503,0.060112017672508955,7.419496250804514e-05,0.9301020503044128,11.27894401550293,0.5173565745353699,-0.003988626878708601,0.0,3.5962305577266482,3.5962305577266482
-0.000286758819129318,1816,0.0,0.0003041990512429038,1.0,0.00099923275411129,0.08820252260193229,1.4075607396080159e-05,62.375,0.9668557239718859,0.05843627359718084,0.000798532273620367,0.9455664157867432,10.740959167480469,0.5614498257637024,-0.003762232605367899,,5.306253730373006,5.306253730373006
0.0010382927430327982,1824,0.0,-0.0009357145827380009,0.375,-0.00016182288527488708,0.08597451308742164,4.5442557166097686e-05,69.8984375,0.9670455694130137,0.059217645321041346,-0.0008555584936402738,0.900235116481781,11.226372718811035,0.47479426860809326,-0.004440220072865486,0.0,7.981652661181901,7.981652661181901
-0.00018533531692810357,1832,0.0,0.00031140238775151374,0.875,0.0006629042327404022,0.0851893238723278,0.00014365995593834668,72.09375,0.9672280472043367,0.05910300463438034,0.001207833644002676,0.870586633682251,11.112031936645508,0.5409917235374451,-0.0038922696840018034,0.0,5.146646101676197,5.146646101676197
-0.00039062090218067175,1840,0.0,0.00023493072058045072,0.875,-9.502284228801727e-05,0.09228853322565556,9.198205952998251e-05,70.078125,0.967433709655152,0.0581306810490787,0.0006397333345375955,0.821219801902771,10.952832221984863,0.4764839708805084,-0.004571770317852497,0.0,10.045305103779292,10.045305103779292
-0.0005361803923733532,1848,0.0,0.00039222758550749864,0.6250000000000002,0.00015987642109394073,0.09076568111777306,1.404242266289657e-05,70.25,0.9676117926005136,0.05832734005525708,0.0002821903326548636,0.8794876933097839,10.922009468078613,0.476390540599823,-0.004662900231778622,,5.5715526412077265,5.5715526412077265
0.00020357445464469492,1856,0.0,-0.00010261598072247578,1.0,-0.00024994462728500366,0.08537391852587461,3.6134372294327477e-06,75.0859375,0.9678026342028669,0.05924644973129034,-0.0001932923187268898,0.9027587175369263,11.225432395935059,0.4974988102912903,-0.004437238443642855,0.0,2.453969637173544,2.453969637173544
0.00048372874152846634,1864,0.0,-0.00035773872150457464,0.875,-0.0006547011435031891,0.089263457339257,2.566434341133572e-05,68.859375,0.9680410295840178,0.05849847150966526,6.205968384165317e-05,0.8336317539215088,10.866724967956543,0.4975138306617737,-0.004344813525676727,0.0,11.461603288684326,11.461603288684326
-0.000436106463894248,1872,0.0,0.0003271130080975127,0.75,0.00027522817254066467,0.09305880963802339,7.136089152481873e-06,61.77343750000001,0.9682454563613926,0.05767341610044241,0.0004562394751701504,0.9003627896308899,10.649527549743652,0.4983246922492981,-0.004438013304024935,0.0,5.862004491923737,5.862004491923737
-0.00023377695470117033,1880,0.0,5.846572548762197e-05,0.875,0.00033863820135593414,0.09158805944025515,2.310053059773054e-05,66.1875,0.9684088147391783,0.05831352761015296,4.6576562453992665e-05,0.8403178453445435,11.075324058532715,0.4132668077945709,-0.005342106334865093,,13.61108696322483,13.61108696322483
0.0007237102254293859,1888,0.0,-0.0007646541307622101,0.875,-0.0008775293827056885,0.08966286759823561,2.0019873772980645e-05,64.859375,0.9685918239303344,0.05846253177151084,-0.001022173441015184,0.9305564165115356,10.931883811950684,0.5323914289474487,-0.0039877984672784805,0.0,2.490493006772917,2.490493006772917
-0.0008230244857259095,1896,0.0,0.0008362210937775671,0.375,0.0005256589502096176,0.08779830206185579,1.1850539522129111e-05,61.7421875,0.9687787553148378,0.05881214933469891,0.0005496644880622625,0.9233390092849731,11.091830253601074,0.540471076965332,-0.003986642230302095,0.0,5.89789533031057,5.89789533031057
5.9333979152143e-07,1904,0.0,5.9494623201317154e-05,0.125,0.0002454575151205063,0.07983791967853904,7.818014637450688e-06,65.5,0.9690258121021309,0.0601590177975595,0.00024043594021350145,0.8730176687240601,11.371667861938477,0.5396616458892822,-0.0038904412649571896,0.0,7.200378539180392,7.200378539180392
0.000839646439999342,1912,0.0,-0.0007915401656646281,0.5,-0.00047730281949043274,0.09156619384884834,1.0692613614082802e-05,70.125,0.969195061964794,0.058198653627187014,-0.0003876638365909457,0.8702946305274963,11.07274055480957,0.45630770921707153,-0.004888276569545269,,9.433405573884443,9.433405573884443
0.0004155260685365647,1920,0.0,-0.0004248825325703365,0.7499999999999999,0.00047268904745578766,0.09038750734180212,6.045961708878167e-05,65.0,0.9693625157078609,0.058122077491134405,-0.0003988548705819994,0.8411564230918884,10.683038711547852,0.4978104829788208,-0.004346061032265425,0.0,8.212466599761196,8.212466599761196
-0.0012060543522238731,1928,0.0,0.0010743783386715222,0.875,0.0003998205065727234,0.09042190248146653,1.3338093594938982e-05,66.0859375,0.9694528160258106,0.05846602050587535,0.00033039870322681963,0.870934247970581,11.131278038024902,0.45572081208229065,-0.004890365991741419,0.0,5.195233807569269,5.195233807569269
0.00014321459457278252,1936,0.0,-0.00019445412726781797,0.375,-0.00033292360603809357,0.08063544519245625,1.5268127754097804e-05,62.5,0.96964133561235,0.059747410006821156,-0.00018469715723767877,0.9004396200180054,11.018771171569824,0.48956072330474854,-0.0044391099363565445,0.0,12.724523152415465,12.724523152415465
0.0005676090368069708,1944,0.0,-0.0005151429431862199,1.0,-0.0004799067974090576,0.08589539397507906,3.8199905247893184e-06,69.0625,0.9698209665345102,0.0592057635076344,-0.0003444045432843268,0.9158357381820679,11.221295356750488,0.5188000202178955,-0.004213561303913593,,7.721687007781814,7.721687007781814
-0.0005508020985871553,1952,0.0,0.0007067201440804638,0.75,0.0006142724305391312,0.09395216358825564,6.882654270157218e-05,71.5234375,0.9699942094414225,0.05773989763110876,0.001149693038314581,0.844085156917572,10.861949920654297,0.4978063702583313,-0.004339737351983786,0.0,3.826870928877416,3.826870928877416
-0.00019758372218348086,1960,0.0,0.00025683495141493035,0.75,8.19861888885498e-05,0.0955547271296382,1.3018495337746572e-05,62.5625,0.9701410618275176,0.05753595661371946,-0.00020958308596163988,0.8573747873306274,10.829695701599121,0.4260927736759186,-0.00511204544454813,0.0,12.871104146371628,12.871104146371628
0.0005636840360239148,1968,0.0,-0.000703467278071912,0.875,-0.00030424632132053375,0.08965666871517897,2.9842996809748e-05,57.25,0.9702796865771978,0.058458850253373384,-0.0004422483325470239,0.9009231328964233,10.93505859375,0.49795451760292053,-0.0044377949088811874,,7.846669166084998,7.846669166084998
0.00034385788603685796,1976,0.0,-0.00030392897679121234,0.7499999999999999,-0.0002638772130012512,0.08254037471488118,1.0273305633745622e-05,62.71875,0.9704658894736471,0.059540754649788134,-0.0004080220824107528,0.8558252453804016,11.12934398651123,0.5189969539642334,-0.004120374098420143,0.0,3.9222734472431324,3.9222734472431324
-0.00047824534703977406,1984,0.0,0.00047112949687289074,0.875,0.00021933577954769135,0.09264506120234729,1.4365399692906067e-05,62.328125,0.970608609414895,0.05786834843456745,0.0006788211758248508,0.8857225179672241,10.813142776489258,0.47726356983184814,-0.004662681370973587,0.0,6.209864821296137,6.209864821296137
3.201988874934614e-05,1992,0.0,1.2332499863987316e-05,0.375,0.00011745467782020569,0.09497086610645054,1.3021370250498876e-05,68.375,0.9707437986200428,0.0577282146550715,3.7489255191758275e-05,0.8852871060371399,10.964821815490723,0.47669875621795654,-0.004665319342166185,,13.148526453373528,13.148526453373528
0.0009039713477250189,2000,0.0,-0.0008523386131855659,1.0,-0.0003562215715646744,0.08817534614354372,5.00316218676744e-06,76.375,0.9708624944113396,0.05875537125393749,-0.00031248037703335285,0.8857170343399048,11.19103717803955,0.4771314263343811,-0.004663402214646339,,3.883414547568285,3.883414547568285
