ValueLoss,StepsPerSecond,Step,Value,Valid,ObjectLoss,PolicyLoss,PolicyTemplateLoss,Loss,TemplateLoss,EntropyLoss,ObjectEntropy,TotalStepsPerEpisode,PolicyObjLoss,Advantage,TemplateEntropy,UnclippedGradNorm,ClippedGradNorm,EpisodeScore
0.0014822370139881968,0.44383086153519136,8,0.02121177571825683,1.0,0.12776783108711243,-0.0323948934674263,-0.05026579648256302,5.390111446380615,0.6072095036506653,-0.0058751353062689304,0.015454699168913066,4.5,-0.09224943816661835,-0.011976056732237339,0.180385984480381,,,
0.22870704531669617,0.6573171296579937,16,-0.31483511626720434,0.75,0.12002300471067429,1.4657272100448608,0.7416397556662558,30.059337615966797,0.5058398246765137,-0.005835614167153835,0.015450350474566221,12.5,1.6709509640932083,0.1598905324935913,0.17905606888234615,16.507208531722426,16.507208531722426,
0.001605877303518355,0.7785548677239842,24,-0.027184787672013044,0.5000000000000002,0.12396393716335297,0.06439944356679916,0.06408442556858063,6.135072231292725,0.434333860874176,-0.005736000370234251,0.015441640862263739,20.5,0.13853925000876188,0.009671520441770554,0.1754766944795847,238.54118332293967,113.27232833042356,
0.010149381123483181,0.8593833029664913,32,0.06708377227187157,0.7499999999999999,0.10931193083524704,-0.2566366195678711,-0.1485520750284195,-0.31643110513687134,0.3035821318626404,-0.005311490967869759,0.015416926005855203,28.5,-0.3483837377279997,-0.03259805217385292,0.1610328871756792,24.60274256408519,24.60274256408519,
0.00476151192560792,0.913272419313554,40,0.04637543484568596,0.6250000000000002,0.10586018860340118,-0.1901441365480423,-0.07655908213928343,-0.2346552461385727,0.17364539206027985,-0.0037291620392352343,0.015358097734861076,36.1875,-0.2427871897816658,-0.023066289722919464,0.10997691936790943,41.14685141552411,41.14685141552411,0.0
0.0003787366149481386,0.9553724103318842,48,0.009707909659482539,0.375,0.10412515699863434,-0.032929062843322754,-0.007970208767801523,1.191400170326233,0.09294304251670837,-0.0016730998177081347,0.0151823447085917,41.265625,-0.04613226000219583,-0.004240552894771099,0.04230738105252385,27.959695517165414,27.959695517165414,0.0
0.002555048791691661,0.9849019029108249,56,-0.033365731593221426,0.125,0.11757689714431763,0.09967104345560074,0.002622125579364365,3.175168514251709,0.11073440313339233,-0.0009684061515145004,0.01462650252506137,41.109375,0.1743905432522297,0.016333816573023796,0.013203211012296379,7.354109061304996,7.354109061304996,0.0
0.0010449540568515658,1.0011680528967615,64,-0.02223748853430152,0.6249999999999999,0.19372768700122833,0.0558055117726326,0.0006737146195519016,2.9711546897888184,0.15210948884487152,-0.0006830543861724436,0.013211080222390592,41.671875,0.10912178084254265,0.008677393198013306,0.01121239922940731,23.280856908934908,23.280856908934908,0.0
0.0002061011764453724,1.0039352921693139,72,8.295036968775094e-05,0.125,0.2335749715566635,0.0008102443534880877,-0.0006959167112654541,2.2429280281066895,0.03696708381175995,-0.0008626091293990612,0.011055702459998429,44.3125,0.0006340679829008877,0.00031485408544540405,0.0283515588962473,19.225177915612676,19.225177915612676,0.0
0.0006491065141744912,1.0073657984710718,80,0.014485308318398893,0.5,0.23765423893928528,-0.03609636798501015,-0.0022760311258025467,1.719550609588623,0.03390937298536301,-0.0012221314245834947,0.009835291770286858,52.125,-0.054655558429658406,-0.00734353344887495,0.020174166886135936,8.529748227287072,8.529748227287072,
0.0005790065624751151,1.0100514912089689,88,0.015758787863887843,0.5,0.2550431191921234,-0.022676141932606697,-0.0017216263877344318,1.992775797843933,0.12004375457763672,-0.0006400995189324021,0.009512909105978906,60.125,-0.05265822331421077,-0.007845524698495865,0.017401500605046753,10.784270766628921,10.784270766628921,
0.00032971755717881024,1.0108378584862991,96,0.010077125625684859,0.125,0.22802294790744781,-0.01481080986559391,-0.0019657357725009206,1.6335067749023438,0.015658585354685783,-0.0007291065412573516,0.009757687454111874,68.125,-0.03843275934923441,-0.005195466801524162,0.01532345695886761,12.95726138879786,12.95726138879786,
0.0018532611429691315,1.0112100107616644,104,-0.0018938455323223025,0.375,0.2108566015958786,0.012411617673933506,0.004841065863956828,2.892132043838501,0.3393450975418091,-0.000800529436673969,0.010321967885829508,76.125,0.004062219042680226,-0.0010589361190795898,0.012999414233490825,12.46697239429318,12.46697239429318,
0.0007628161692991853,1.017372173524005,112,-0.009943971526809037,0.125,0.19307422637939453,0.0375019870698452,0.0022091545082503217,5.397553443908691,0.49628686904907227,-0.0007294028182514012,0.011013587121851744,84.125,0.038937013829126954,0.008001524955034256,0.006201599375344813,10.053863797629617,10.053863797629617,
0.00040559654007665813,1.025254944424935,120,-0.009054110501892865,0.25,0.17750144004821777,0.02678949572145939,-0.001190056063933298,3.9326369762420654,0.3465179204940796,-0.0009159288601949811,0.011593278381042182,92.125,0.04140646802261472,0.005822416394948959,0.02252886281348765,28.21373774883682,28.21373774883682,
0.00023955362848937511,1.031812804417485,128,-0.003775057863094844,0.375,0.16226041316986084,0.013167408294975758,-0.002479791884979932,4.401803493499756,0.33675286173820496,-0.002472884953022003,0.011819934006780386,100.125,0.023134947405196726,0.0015743877738714218,0.07635315693914892,21.63673288226164,21.63673288226164,
0.0005346810794435441,1.0384078870638147,136,0.0001384090428473428,0.875,0.13979572057724,-0.02706478163599968,0.041038784896954894,5.960846900939941,0.361232727766037,-0.0029024186078459024,0.011659416719339788,106.75,0.1047338843345642,-0.002840980887413025,0.08031580317765474,21.663598977328945,21.663598977328945,1.0
0.0005095480009913445,1.0439687646600744,144,0.008543622388970109,0.75,0.11348189413547516,-0.034290000796318054,-0.009024073602631688,2.860290050506592,0.2701338231563568,-0.003207151312381029,0.011163288378156722,110.625,-0.03329121111892164,-0.0066338758915662766,0.08998683467507362,25.36244290505556,25.36244290505556,
0.000824255810584873,1.0517150702301845,152,0.00999016803689301,0.75,0.10055572539567947,-0.024818846955895424,0.0005755251695518382,1.992628812789917,0.18437305092811584,-0.00226440723054111,0.010446417261846364,118.625,-0.05165175162255764,-0.006729511544108391,0.06771195074543357,15.428952915346343,15.428952915346343,
0.0007891524583101273,1.057830646280838,160,0.009308349865023047,1.0,0.08565957099199295,-0.031618352979421616,0.019573807905544527,2.9658541679382324,0.10758897662162781,-0.001831047353334725,0.00960445776581764,120.53125,0.047953527537174516,-0.009720634669065475,0.06018310459330678,10.37150140918925,10.37150140918925,1.0
0.0006756804068572819,1.0646597112777956,168,0.013792694895528257,0.625,0.08106278628110886,-0.0378248393535614,-0.005141158064361662,1.048784613609314,0.07709717750549316,-0.001736226724460721,0.00881021423265338,110.82812499999999,-0.048450523521751165,-0.00790325179696083,0.04686535615473984,9.591423900620839,9.591423900620839,0.0
0.0002267463132739067,1.0713198821822207,176,0.005995244428049773,0.6249999999999999,0.07741699367761612,-0.008537824265658855,-0.0032483408649568446,1.029666543006897,0.08754333853721619,-0.0020964627619832754,0.00806603126693517,99.03125,-0.017541018780320883,-0.003011520951986313,0.0558539554476738,11.461693206807738,11.461693206807738,0.0
9.86421073321253e-05,1.0777803746544274,184,-0.005875232396647334,0.75,0.09121791273355484,0.006542632356286049,0.0016824354534037411,1.399302363395691,0.08865506947040558,-0.0008933836943469942,0.007385585515294225,82.171875,0.014906253258232026,0.0024782251566648483,0.03639836679212749,5.227210983343298,5.227210983343298,0.0
0.000453966815257445,1.0841792830082777,192,-0.012284853961318731,0.875,0.08404954522848129,0.03684970736503601,0.006388970999978483,1.527836799621582,0.05041827633976936,-0.0012760341633111238,0.006841148599050939,73.0,0.03470341558568179,0.0066331978887319565,0.04027100815437734,8.357089713591222,8.357089713591222,
0.00018280201766174287,1.0893226912454075,200,-0.006651221017818898,1.0,0.06086794286966324,0.008466416038572788,0.003264563885750249,1.377920389175415,0.1055411696434021,-0.002695029368624091,0.006432395894080401,77.890625,0.01819271343993023,0.0035124924033880234,0.05970523133873939,16.857809384550137,16.857809384550137,0.0
0.5548100471496582,1.092352819102422,208,0.003141847235383466,0.875,0.06392509490251541,0.3369777798652649,0.004914038756396621,2.550668239593506,0.10394100844860077,-0.0022595396731048822,0.006112697126809508,71.78906250000001,0.0505609029551124,-0.0019850432872772217,0.07020542537793517,11.258916808605164,11.258916808605164,0.3333333333333333
0.0006934800185263157,1.0962976687624446,216,0.016657629981637,0.875,0.06686414778232574,-0.023016996681690216,-0.011638751602731645,0.9013397693634033,0.05712080001831055,-0.0014919962268322706,0.005922768672462553,61.0,-0.03673215070739388,-0.009226414375007153,0.0671333479695022,10.67857739898227,10.67857739898227,
0.0011942953569814563,1.1007778269219415,224,0.019152998691424727,0.875,0.0579679012298584,-0.026995662599802017,-0.003146277391351759,0.7770270109176636,0.08040155470371246,-0.0021622355561703444,0.0057802165392786264,42.3203125,-0.04588621808215976,-0.012323390692472458,0.05272088712081313,10.344941449064095,10.344941449064095,0.0
0.00037124502705410123,1.1042187037383318,232,0.003379768386366777,1.0,0.043738506734371185,-0.009198427200317383,0.009017111209686847,1.2113159894943237,0.13109299540519714,-0.0034635558258742094,0.005708545446395874,36.5625,-0.022596071241423488,0.0015108250081539154,0.10244695749133825,13.035344837990436,13.035344837990436,
0.0003844454768113792,1.1072909686856245,240,-0.001472496514907107,1.0,0.054073937237262726,0.003760518040508032,0.010068529052659871,1.334769606590271,0.11023867875337601,-0.002615360077470541,0.005635126319248228,44.5625,-0.008417666191235186,-0.0008586645126342773,0.09460577927529812,4.419139001511127,4.419139001511127,
7.161183748394251e-05,1.1081519430836633,248,-0.003931087761884555,1.0,0.04668302834033966,0.010601671412587166,0.004594638769049198,1.5810842514038086,0.14861232042312622,-0.0036148843355476856,0.0055867781047709295,52.5625,0.009838514495640993,0.0022415965795516968,0.10194877721369267,2.699668815722127,2.699668815722127,
0.5716694593429565,1.1107965966385573,256,-0.0034139517520088702,0.875,0.05834495276212692,0.7115843296051025,0.005683100898750126,3.3408713340759277,0.13065432012081146,-0.002645365661010146,0.005548451270442456,60.5625,0.12252686871215701,0.0004428066313266754,0.08909447258338332,4.716343218363704,4.716343218363704,1.0
0.00026594012160785496,1.112501907186663,264,0.0038364035135600716,1.0,0.059614043682813644,-0.0062395865097641945,-0.013865692191757262,1.6278860569000244,0.19109636545181274,-0.0034562903456389904,0.005474232544656842,62.25,0.0044147325825179,-0.0049238866195082664,0.09404439479112625,20.644288678291673,20.644288678291673,
0.00019417222938500345,1.11487824035437,272,0.007092850632034242,0.875,0.06014169752597809,-0.00893399678170681,-0.0009861101279966533,3.8222432136535645,0.14390861988067627,-0.002721095224842429,0.005409401899669319,62.6171875,0.08688342638197355,-0.002749553881585598,0.09179166425019503,5.0837525326931825,5.0837525326931825,1.0
0.0007964067626744509,1.1164441695698548,280,0.01268262357916683,1.0,0.054493341594934464,-0.024350281804800034,0.007413890125462785,4.6645307540893555,0.1907416582107544,-0.0026039688382297754,0.00541160604916513,56.765625,0.10225038579665126,-0.007063284516334534,0.07544668391346931,14.59389818630882,14.59389818630882,0.6
0.0035904129035770893,1.1180891546773297,288,0.02052906376775354,1.0,0.04336555674672127,-0.04110340029001236,0.0032972359404084273,3.380366563796997,0.16950242221355438,-0.003793705254793167,0.005389550642576069,41.953125,0.044123414787463844,-0.0028947535902261734,0.09773515164852142,22.768481386643998,22.768481386643998,0.6666666666666666
0.0061197103932499886,1.118402876199638,296,0.02955625660251826,1.0,0.07465013861656189,-0.046240516006946564,0.0010375193087384105,1.8481214046478271,0.08253643661737442,-0.002203011652454734,0.005324658472090959,36.1171875,-0.055341679602861404,-0.03080560266971588,0.0978144621476531,10.732866535124458,10.732866535124458,1.0
0.020379910245537758,1.1195802174914526,304,0.05435399105772376,0.625,0.06982013583183289,-0.06917079538106918,0.004522881412412971,3.9408960342407227,0.12648522853851318,-0.0019497587345540524,0.005156087805517017,32.734375,-0.01562999426096212,-0.04264633730053902,0.06420903420075774,11.514516079703526,11.514516079703526,1.0
0.014773083850741386,1.1218071048814537,312,0.055302019231021404,0.875,0.056186743080616,-0.01952727511525154,0.013821950822602957,4.58086633682251,0.10678599774837494,-0.0027993156109005213,0.004847870615776628,26.671875,-0.008731537498533724,-0.044826239347457886,0.07924295589327811,10.513529535737689,10.513529535737689,1.0
0.030834708362817764,1.1228289410335839,320,0.08166302181780338,0.75,0.0811953991651535,-0.10287057608366013,-0.0018179073522333056,1.3350547552108765,0.058219462633132935,-0.0015520626911893487,0.004261827562004328,23.8125,-0.12072606524452566,-0.051276471465826035,0.05163496546447277,15.401372004000223,15.401372004000223,0.5
0.4432956874370575,1.1245431046101813,328,0.06361279776319861,0.875,0.08844999223947525,-0.028458528220653534,0.0024302183010149747,3.5934910774230957,0.09934298694133759,-0.0012814431684091687,0.004061935702338814,25.4140625,-0.027509756793733686,-0.04084114357829094,0.05869580851867795,40.89758212343099,40.89758212343099,1.0
0.44562608003616333,1.1258340676664162,336,0.05412936396896839,0.625,0.08710829168558121,0.004835727624595165,0.0014376271283254027,2.8935718536376953,0.06652567535638809,-0.001297730254009366,0.003960094298236072,25.4375,-0.022816092241555452,-0.02751869708299637,0.039806577609851956,9.849960832618308,9.849960832618308,1.0
0.0064765880815684795,1.127635740713931,344,0.028534194687381387,1.0,0.06062554195523262,-0.044855937361717224,0.007659748091100482,2.143922805786133,0.1238747388124466,-0.002817578846588731,0.004034839221276343,24.5703125,-0.04337887745350599,-0.0059245266020298,0.0747883254662156,11.127897325984122,11.127897325984122,1.0
0.9016464352607727,1.1295397018955622,352,0.02934848959557712,0.5,0.07385603338479996,0.08642245829105377,0.023081283608917147,4.477349281311035,0.1297765076160431,-0.0017773750005289912,0.0039920483832247555,27.71875,0.0227266399160726,-0.007760854437947273,0.04552592337131501,8.418809138578126,8.418809138578126,1.0
0.006299383006989956,1.1311972402897492,360,0.02044076705351472,0.7499999999999999,0.0626281350851059,-0.014114211313426495,0.008200401965950732,2.0677027702331543,0.11270014196634293,-0.0025290409103035927,0.003936451365007088,24.34375,-0.01504671119619161,-0.0013984739780426025,0.04500733152963221,26.00162093194649,26.00162093194649,1.0
0.007554324343800545,1.1329100013671587,368,0.024879012606106695,1.0,0.08030951768159866,-0.04099808633327484,0.0012694771285168827,2.141622543334961,0.048992253839969635,-0.000935987860430032,0.003860593104036525,29.0625,-0.0077032696408423345,-0.003910588100552559,0.04538168455474079,8.300952578257693,8.300952578257693,1.0
0.01247248612344265,1.134236682460018,376,0.018168440263252705,0.75,0.07802870869636536,0.01026334147900343,0.0026648842758731917,1.9368319511413574,0.027614722028374672,-0.0008123894804157317,0.0038282919849734753,29.5625,-0.0009862848091870546,-0.0016038231551647186,0.03586029610596597,8.289328726143594,8.289328726143594,1.0
0.36796337366104126,1.1359765066963547,384,0.023646603454835713,0.875,0.06770183891057968,0.04607906937599182,0.009419510497536976,2.972862482070923,0.07289902120828629,-0.0015055813128128648,0.003764806635444984,29.0859375,0.009690342063549906,-0.002657894045114517,0.04044136963784695,11.613060696794037,11.613060696794037,1.0
0.006077193189412355,1.1375928021863628,392,0.024580257246270772,0.75,0.06509426236152649,-0.008256612345576286,0.009105731565796304,2.542405128479004,0.09199383854866028,-0.0019088659901171923,0.0037835667026229203,27.671875000000004,0.025133047951385382,-0.000601181760430336,0.061276094522327185,23.22698392925031,23.22698392925031,1.0
0.1920921951532364,1.138732705884283,400,0.04593637376092375,0.5,0.06295093148946762,0.01588420197367668,0.0005155770049896093,2.293163537979126,0.12790635228157043,-0.0023638498969376087,0.0037991213030181825,27.875,-0.010647403360053433,-0.002188282087445259,0.06477533234283328,21.283298327380635,21.283298327380635,1.0
0.14528295397758484,1.139841479952593,408,0.10438501555472612,0.5000000000000002,0.06672341376543045,-0.02437186986207962,-0.019409418455325067,1.8862971067428589,0.09795787930488586,-0.0016344415489584208,0.0037480379978660494,29.2265625,-0.05356775945983827,-0.030356034636497498,0.05631942534819245,19.97293674737466,19.97293674737466,1.0
0.0108788488432765,1.1419244999536242,416,0.09833995718508959,1.0,0.0622098371386528,-0.018242187798023224,0.0025943238724721596,2.205012559890747,0.04052972421050072,-0.0011296531883999705,0.003771979740122333,21.1328125,0.007610485277837142,-0.000867750495672226,0.029340690816752613,25.160452531177725,25.160452531177725,1.0
0.021669922396540642,1.1426661094318704,424,0.046939056599512696,0.7499999999999999,0.048492785543203354,0.03784170746803284,0.005380341608542949,1.7802119255065918,0.1555481106042862,-0.0034742618445307016,0.0038523483963217586,15.1875,0.002345126122236252,0.0061852894723415375,0.08907416742295028,29.201973033079412,29.201973033079412,1.0
0.23490074276924133,1.1438436279313808,432,0.12447314988821745,0.625,0.04955248534679413,-0.2757006287574768,-0.034083366248523816,2.3263721466064453,0.16721823811531067,-0.0029488049913197756,0.0037904328492004424,15.1875,-0.08116996847093105,-0.009542077779769897,0.0888507142663002,8.736813081600985,8.736813081600985,1.0
0.19245503842830658,1.1448153342852165,440,0.11507185734808445,0.875,0.05338282510638237,-0.11621685326099396,-0.03419766150182113,3.207930088043213,0.15539929270744324,-0.0028873353730887175,0.0037555205926764756,14.0390625,-0.058393133804202066,-0.013458626344799995,0.0643050589133054,79.56774060283351,72.84312335070354,1.0
0.018380917608737946,1.146900050450528,448,0.12227604910731316,0.875,0.04702794924378395,-0.008410360664129257,-0.021573645819444206,3.2686166763305664,0.15236356854438782,-0.0025829083751887083,0.0037356204411480576,9.960937500000002,0.007595018483698366,-0.006539355963468552,0.05278064031153917,77.40611600898046,73.76185127651479,1.0
0.28491464257240295,1.147759332644359,456,0.09196918405359611,0.875,0.06466931104660034,0.021175997331738472,-0.0035832060602842826,2.576218605041504,0.19169244170188904,-0.0019263356225565076,0.0037350557977333665,8.03125,0.02252814080566168,0.01266399770975113,0.05174233950674534,36.78285784744003,36.78285784744003,1.0
0.24918951094150543,1.1481406989677776,464,0.09255717694759369,0.875,0.06913711130619049,0.014106284826993942,-0.02904229261912406,2.540088653564453,0.11154089123010635,-0.0016570721054449677,0.0037233760813251138,8.96875,-0.008825059165246785,0.005318706855177879,0.07586263585835695,29.060268708935837,29.060268708935837,1.0
0.025072922930121422,1.1488494832456322,472,0.107201904989779,0.875,0.055525042116642,-0.09109942615032196,-0.009663616889156401,1.7943308353424072,0.1072472482919693,-0.0016683356370776892,0.0037223644321784373,10.085937500000002,-0.09345272835344076,-0.01758854277431965,0.05043789860792458,9.772152236540933,9.772152236540933,1.0
0.28598374128341675,1.1499239482612853,480,0.09959626197814943,1.0,0.05785488709807396,-0.03132997453212738,0.004228269972372801,2.090003490447998,0.12478657811880112,-0.0016544928075745702,0.0036338527279440314,10.28125,-0.061888250056654215,-0.024333517998456955,0.04876520112156868,22.099757496598613,22.099757496598613,1.0
0.040436483919620514,1.1510516512753457,488,0.09276053216308354,0.875,0.0590447373688221,-0.04219655320048332,0.0018051670049317181,1.6453944444656372,0.10848309099674225,-0.0019339944701641798,0.003593001514673233,10.835937499999998,-0.08934774925000966,-0.025939293205738068,0.06034209346398711,26.52893815556945,26.52893815556945,1.0
0.05282685160636902,1.152426121958025,496,0.11145064793527126,0.875,0.05760684236884117,-0.0952325314283371,0.005628470244118944,1.9866136312484741,0.0736347883939743,-0.0014551732456311584,0.003499571030260995,11.359375,-0.05827796319499612,-0.04343992471694946,0.047425247728824615,20.38635799212625,20.38635799212625,1.0
0.10277573019266129,1.152795532876144,504,0.12716499716043472,0.875,0.05165531858801842,-0.007959677837789059,-0.003740737709449604,1.7234688997268677,0.14103177189826965,-0.00229576975107193,0.003381711198017001,12.8984375,-0.08581338543444872,-0.010426599532365799,0.07245080266147852,25.879325243957283,25.879325243957283,1.0
0.07009956240653992,1.1540653890399688,512,0.11910119652748107,0.875,0.05562683194875717,-0.057312481105327606,-0.01893012278014794,1.2627520561218262,0.1011984720826149,-0.0018954037223011255,0.003417892818106339,13.015625,-0.0852115589659661,-0.02194131724536419,0.05089513584971428,21.26078728989887,21.26078728989887,1.0
0.06378573924303055,1.1549082303040843,520,0.10233015660196543,0.875,0.052293188869953156,-0.04723206162452698,-0.0066404132230672985,1.0503053665161133,0.11623983085155487,-0.0022078577894717455,0.0033901236893143505,16.578125,-0.0716063706204295,-0.012917328625917435,0.04976669419556857,18.456862883234862,18.456862883234862,1.0
0.07497263699769974,1.1557324994176241,528,0.09484450798481701,1.0,0.057782381772994995,0.023770032450556755,0.0034345613094046703,2.763000011444092,0.1317564845085144,-0.0017049135640263557,0.003285493265138939,15.187499999999998,0.009496317768935116,0.007395509630441666,0.07514922367408872,22.46377137493255,22.46377137493255,1.0
0.052058666944503784,1.156380777561265,536,0.04688795443507843,1.0,0.06332443654537201,0.03064548410475254,-0.0028412774845492095,1.809134840965271,0.09001617133617401,-0.0017900340026244521,0.0033870979386847466,13.640625,0.019140600372338668,0.02001388557255268,0.08169812662526967,20.352088120624103,20.352088120624103,1.0
0.04165487736463547,1.157313234990466,544,0.1061619259417057,0.875,0.05553179979324341,-0.0261563491076231,-0.023289293865673244,1.751009464263916,0.10728128254413605,-0.002100252779200673,0.003287339583039284,14.3046875,-0.03337272763019428,0.005807254463434219,0.06313559738919139,17.217737134719982,17.217737134719982,1.0
0.03903176262974739,1.1582403542806954,552,0.10725025949068369,0.875,0.05311823636293411,0.01930287852883339,-0.010181390622165054,2.3546555042266846,0.07003025710582733,-0.0014854861656203866,0.0032112615881487727,10.1484375,0.030610671848990023,0.0165819451212883,0.05972746387124061,14.897784264529946,14.897784264529946,1.0
0.056258656084537506,1.1587464834056183,560,0.0980505426414311,1.0,0.06612096726894379,-0.06034084036946297,-0.05009142868220806,1.1844767332077026,0.1199803277850151,-0.0023946519941091537,0.0031916276493575424,8.4765625,0.001778591893526027,-0.0294127706438303,0.07623285986483096,46.806421245963065,46.806421245963065,1.0
0.0221718642860651,1.1593892960638004,568,0.2051295759156346,0.875,0.060904812067747116,-0.046752654016017914,-0.034415206988342106,1.6517012119293213,0.08366720378398895,-0.0017599202692508698,0.003000491939019412,9.015625,-0.03935201361309737,-0.009073574095964432,0.0569379145745188,12.524112366105328,12.524112366105328,1.0
0.38324210047721863,1.1601680527232552,576,0.22015979140996933,0.875,0.06179496645927429,-0.08397780358791351,-0.03771966235945001,3.0045106410980225,0.10739259421825409,-0.0015698642237111926,0.002875320380553603,9.015625,-0.10293294000439344,-0.008836288936436176,0.03960176568944007,54.50623361804173,54.50623361804173,1.0
0.14205671846866608,1.1613314409284807,584,0.2457105293869972,1.0,0.06405730545520782,-0.01954619213938713,-0.00797456584405154,3.762791633605957,0.11205045878887177,-0.0013254070654511452,0.0027542226307559763,8.421875,-0.026699076464865357,-0.005910390987992287,0.04084062040783465,128.1432535955537,74.1246296285808,1.0
0.11658284068107605,1.1620077144191443,592,0.13557678740471601,0.875,0.06541920453310013,0.003588517429307103,0.002317240810953081,3.3440027236938477,0.07631446421146393,-0.001141604851000011,0.0027816531946882606,6.75,-0.006186086393427104,0.0031067300587892532,0.04139619693160057,113.89752144016529,73.01058248555091,1.0
0.0018892574589699507,1.1632081256536138,600,0.06575708341551945,1.0,0.056449055671691895,0.016472745686769485,0.03967989387456328,2.75351619720459,0.05808798968791962,-0.001076872693374753,0.002865230635507032,7.140625,0.008270906051620841,0.007249355316162109,0.044962259475141764,75.89887082724454,75.75440633879043,1.0
0.32810425758361816,1.163787172669585,608,0.056518323021009564,0.875,0.055988654494285583,0.03245112672448158,0.020814894698560238,2.9039101600646973,0.15889160335063934,-0.0016882678028196096,0.0029194374219514434,9.726562499999998,0.01668283878825605,0.006893336772918701,0.046908854972571135,53.61558371058027,53.61558371058027,1.0
0.28810375928878784,1.1643455402426528,616,0.04848727060016244,1.0,0.05103711038827896,-0.02232762984931469,-0.003568493470083922,2.4994404315948486,0.15871861577033997,-0.001586295198649168,0.002994942624354735,8.8125,0.00639750441769138,0.006372286006808281,0.050295638386160135,49.253731002690984,49.253731002690984,1.0
0.27653539180755615,1.1649091184658895,624,0.07165631745010614,0.875,0.048092328011989594,0.0030821366235613823,-0.017124560428783298,2.5556833744049072,0.15834271907806396,-0.002437631832435727,0.003014262969372794,10.09375,-0.0006957587029319261,-0.003141898661851883,0.06452441774308681,35.302360329700605,35.302360329700605,1.0
0.004538301844149828,1.1656883398637208,632,0.10166462138295174,0.875,0.05246128886938095,-0.023468896746635437,-0.02337480813730508,2.894266128540039,0.10620905458927155,-0.001669469173066318,0.0030029004556126893,10.7734375,0.001826511615945492,-0.008505051955580711,0.06301832268945873,39.76453392552253,39.76453392552253,1.0
0.33693811297416687,1.166257897302577,640,0.11927739996463063,1.0,0.05352051928639412,-0.021261712536215782,-0.0419927395414561,2.1128573417663574,0.18112419545650482,-0.001938247587531805,0.002998949959874153,8.9140625,-0.032709260194678784,-0.013027142733335495,0.06865357514470816,49.06149674363974,49.06149674363974,1.0
0.009101338684558868,1.1666095088273918,648,0.10059553384780884,0.75,0.04234946519136429,-0.07629604637622833,-0.06894462602213025,1.4076064825057983,0.13004474341869354,-0.0034149191342294216,0.003088133234996348,8.9375,-0.02392620872706175,-0.03605297952890396,0.08887486206367612,38.24034367241234,38.24034367241234,1.0
0.12364669144153595,1.1671670394328466,656,0.1415089052170515,1.0,0.03715284541249275,-0.06315510720014572,-0.06928030773997307,1.3943126201629639,0.1621270328760147,-0.0029762419871985912,0.003071131504839286,11.09375,-0.038705062586814165,-0.0249624140560627,0.0889841252937913,24.286391996851307,24.286391996851307,1.0
0.049851395189762115,1.1672110792021444,664,0.1865998227149248,0.875,0.0470082052052021,-0.03705708682537079,-0.058356643887236714,1.354841947555542,0.15348964929580688,-0.0023994119837880135,0.0030027056054677814,12.476562500000004,-0.1351923665497452,-0.025866318494081497,0.07452932978048919,18.49265780938549,18.49265780938549,1.0
0.1514289379119873,1.1672798487700993,672,0.1903846263885498,1.0,0.054097432643175125,-0.03120395727455616,-0.03491264651529491,2.1457407474517822,0.1623939722776413,-0.0023407540284097195,0.0030463824514299627,10.476562500000002,-0.06272096495376901,-0.017877165228128433,0.058544442523270845,40.83440139229651,40.83440139229651,1.0
0.022438807412981987,1.167547497972161,680,0.14456948824226856,0.875,0.04933544620871544,-0.009409896098077297,-0.010102910629939288,1.4219194650650024,0.15575100481510162,-0.0031932920683175325,0.0031621324305888265,9.3125,-0.07761317152471747,-0.012368406169116497,0.08117811800912023,57.33180367487148,57.33180367487148,1.0
0.16422511637210846,1.1683046766625464,688,0.17529379948973658,0.875,0.052504006773233414,-0.04951706528663635,-0.000904611137229949,2.403881549835205,0.10453952848911285,-0.0018555589485913515,0.0030580265156459063,8.734375,-0.02204672305379063,-0.0026366673409938812,0.06760399555787446,9.894536684894092,9.894536684894092,1.0
0.06037884205579758,1.1686778204344743,696,0.1237183390185237,0.875,0.054764486849308014,-0.12509801983833313,0.010687940521165729,2.0066444873809814,0.10191209614276886,-0.0018555955030024052,0.003155599959427491,7.593750000000001,-0.015851489530177787,0.0004251208156347275,0.06513702170923352,13.68650147144615,13.68650147144615,1.0
0.058830179274082184,1.1690360385680594,704,0.14393516164273024,0.875,0.04715131223201752,0.03462992236018181,0.001279886462725699,1.967186689376831,0.1728379875421524,-0.0028176892083138227,0.0030849758186377585,7.796875,-0.02159083605511114,0.013687141239643097,0.05479336599819362,10.714997455528533,10.714997455528533,1.0
0.1301708072423935,1.1696050981963566,712,0.13362993951886892,0.875,0.06065085157752037,-0.019321264699101448,0.012092591263353821,2.3936500549316406,0.07375086098909378,-0.000639299803879112,0.003071493236348033,7.2734375,0.015792014659382403,0.014241619035601616,0.04929636500310153,16.313414769749386,16.313414769749386,1.0
0.07327604293823242,1.17030858684158,720,0.10028087152750231,0.875,0.06038391590118408,-0.02917333133518696,0.010763229482108729,1.6518133878707886,0.13766255974769592,-0.0016274921363219619,0.0031164886313490574,6.328125,-0.026199239488050807,0.008750272914767265,0.05369002185761929,26.4660399750353,26.4660399750353,1.0
0.017393235117197037,1.1709887926248987,728,0.11443046480417252,1.0,0.050941817462444305,0.0011203140020370483,-0.0022483559150714427,1.983095407485962,0.1061859056353569,-0.0018359031528234482,0.0030451819475274533,6.9296875,0.014146110450383274,0.008087730035185814,0.060703796800225966,21.231396999860863,21.231396999860863,1.0
0.022461729124188423,1.1715439925162823,736,0.10978961223736405,0.875,0.05152313411235809,-0.08740637451410294,-0.025690823793411255,1.6085551977157593,0.1343999207019806,-0.0022451779805123806,0.003062083385884762,8.671875,-9.41429752856493e-05,-0.010888241231441498,0.07917657494544983,18.129680304197677,18.129680304197677,1.0
0.004975226707756519,1.1720435642553082,744,0.14208893477916718,0.875,0.04667370021343231,-0.011211909353733063,-0.030126181663945314,1.8755441904067993,0.14690567553043365,-0.002551289275288582,0.0029719106387346983,9.296875,-0.0018768483496387493,-0.0022068526595830917,0.06271411897614598,6.959142884726589,6.959142884726589,1.0
0.15055842697620392,1.1723988573818749,752,0.14853496756404638,0.875,0.044387541711330414,-0.09644322842359543,-0.02287710423115641,1.7074706554412842,0.13348296284675598,-0.002235709223896265,0.00297044194303453,8.671875,-0.05734723623027092,-0.01521201804280281,0.052047197706997395,24.05697172335522,24.05697172335522,1.0
0.006553535349667072,1.1727339807435073,760,0.15547379478812218,1.0,0.056444741785526276,-0.001562601188197732,-0.0012226296530570835,1.6099531650543213,0.12470626831054688,-0.0016785174375399947,0.0029603509174194187,9.09375,-0.0124346163647715,-0.009191647171974182,0.06000464828684925,43.49006409956155,43.49006409956155,1.0
0.15414775907993317,1.1729459876539097,768,0.19190950039774182,0.875,0.05796079337596893,-0.05249733477830887,-0.022067161451559514,1.9670292139053345,0.12931354343891144,-0.0016217504162341356,0.0028819673461839552,7.0078125,-0.01146630154835293,-0.005317121744155884,0.05407999828457832,6.103888370287223,6.103888370287223,1.0
0.03374454379081726,1.172919861072111,776,0.11228215834125876,1.0,0.05651615187525749,-0.010425115004181862,-0.01261357485782355,1.330788016319275,0.08038555085659027,-0.0019209495512768626,0.0030951542721595615,7.4375,-0.018476511584594846,-0.0001373346894979477,0.06585883535444736,29.86353539527795,29.86353539527795,1.0
0.04660938307642937,1.173590027775427,784,0.22461756132543087,0.875,0.053347233682870865,0.014144731685519218,-0.011883078841492532,1.9957361221313477,0.09281977266073227,-0.0007003811188042164,0.0027800957905128603,7.0546875,-0.026651211133867037,0.010513491928577423,0.03444298100657761,8.717036999177026,8.717036999177026,1.0
0.18383890390396118,1.1742745961760679,792,0.18817004933953285,0.875,0.05428652837872505,-0.07247985899448395,-0.012413111224304886,1.874610424041748,0.16255521774291992,-0.0014230249216780066,0.0029040249646641314,4.828125,-0.04695493704639375,-0.008572908118367195,0.05169695825316012,10.6151773284937,10.6151773284937,1.0
0.15976613759994507,1.1749049486507075,800,0.19347078725695613,1.0,0.05189203470945358,-0.04004136472940445,-0.03970011428464204,1.9466662406921387,0.1798069179058075,-0.0022248586174100637,0.0028967923717573285,5.546875,-0.022988479635387193,0.023351341485977173,0.05953176086768508,18.27760993943366,18.27760993943366,1.0
0.1354781687259674,1.1755446849866773,808,0.21254498325288293,0.75,0.03740067780017853,-0.05133042484521866,-0.04491833405336366,2.073740243911743,0.1720447540283203,-0.002484305761754513,0.002793639258015901,5.3515625,-0.03469455758749973,-0.014458805322647095,0.056506579509004944,8.358714676654927,8.358714676654927,1.0
0.1071215569972992,1.1763162512595398,816,0.2078046966344118,1.0,0.036761507391929626,0.01082456111907959,0.001203276333399117,2.1652417182922363,0.1307913213968277,-0.001051401486620307,0.0027466939063742757,5.2109375,-0.013826949361828158,0.00966852530837059,0.04615888698026538,13.340296273792319,13.340296273792319,1.0
0.14093978703022003,1.176273223230128,824,0.15905302995815873,0.875,0.050935208797454834,-0.11395761370658875,-0.017555947182700038,1.5909879207611084,0.11520439386367798,-0.0015196308959275484,0.0028664434794336557,4.3359375,-0.0477081619319506,-0.0034591462463140488,0.07224113773554564,40.17503971222004,40.17503971222004,1.0
0.04242409020662308,1.1769925784409114,832,0.1981512196362019,0.875,0.04729849100112915,-0.004637697711586952,-0.016724290675483647,1.9892245531082153,0.13039998710155487,-0.001830683439038694,0.0027251104474999015,4.9140625,-0.004176600436039735,-0.0034489985555410385,0.06354419235140085,12.835122085985404,12.835122085985404,1.0
0.014806834980845451,1.177403226215477,840,0.20450961962342262,0.875,0.05357130616903305,-0.021496588364243507,-0.04254359949845821,2.303422451019287,0.11948943138122559,-0.0020854598842561245,0.0027393501077312976,5.3203125,-0.009055522750713862,-0.02119286172091961,0.06929559959098697,20.530396720498857,20.530396720498857,1.0
0.025003748014569283,1.178369562300914,848,0.2198815084993839,0.875,0.03742580860853195,-7.222215936053544e-05,-0.0045965713215991855,1.8959746360778809,0.18162225186824799,-0.0022791314404457808,0.002707140170969069,5.078125,-0.0093882064193167,0.0019809529185295105,0.06164354691281915,21.282194209613408,21.282194209613408,1.0
0.018978523090481758,1.1788972204327632,856,0.23842466995120049,0.75,0.03417345881462097,-0.008756223134696484,-0.007441607216605917,1.5563589334487915,0.2099207639694214,-0.0026771491393446922,0.0027664277295116335,4.5703125,-0.050665119575569406,-0.00293886661529541,0.06350819719955325,15.944762744152285,15.944762744152285,1.0
0.23906797170639038,1.1790491547166775,864,0.24790439847856754,1.0,0.039133187383413315,-0.16911546885967255,-0.012984099856112152,1.7636719942092896,0.1373187154531479,-0.002120120218023658,0.0027317914355080575,3.828125,-0.05467326971483998,-0.012141160666942596,0.05328391771763563,14.531478484953823,14.531478484953823,1.0
0.011291366070508957,1.179446091585601,872,0.25425724498927593,0.875,0.05214465782046318,-0.025983210653066635,-0.05480145697947592,2.6006855964660645,0.10752053558826447,-0.0015188218094408512,0.0027019105036742985,5.093749999999999,-0.049032702343538404,0.01394735649228096,0.05885859159752727,35.035801954129056,35.035801954129056,1.0
0.23046445846557617,1.1798294614581393,880,0.21090155187994242,0.875,0.05416342243552208,-0.060802899301052094,-0.024904397898353636,1.796506643295288,0.15899114310741425,-0.0019677693489938974,0.002744802739471197,4.328125,-0.008547739256755449,0.007403351366519928,0.06316588213667274,73.77270582576148,73.77270582576148,1.0
0.247379869222641,1.1805475698947645,888,0.21486823074519634,0.875,0.047752294689416885,-0.0451694056391716,-0.025391992181539536,2.3859338760375977,0.15788860619068146,-0.002144264755770564,0.002681873185792938,4.5,-0.026044675440061837,0.01556183397769928,0.06040657567791641,9.824939343035567,9.824939343035567,1.0
0.062024280428886414,1.1812200795500643,896,0.19692322798073292,0.875,0.037495438009500504,-0.004129938781261444,-0.020859831798588854,2.111915349960327,0.16709047555923462,-0.00273612211458385,0.0026657985581550747,4.1171875,-0.03430845022376162,0.002138528972864151,0.05810797726735473,9.423915342056034,9.423915342056034,1.0
0.08072811365127563,1.1816037816094571,904,0.14226036611944437,1.0,0.03636100888252258,-0.005078513640910387,-0.009988236764911562,2.1272706985473633,0.1518642008304596,-0.002658197423443198,0.0028399336733855307,5.484375000000001,-0.024510909686796367,0.002314835786819458,0.08031997038051487,27.581047819385276,27.581047819385276,1.0
0.035629671066999435,1.1821361619678865,912,0.14501126203686,0.875,0.042665451765060425,0.008512932807207108,0.005632225889712572,2.5309979915618896,0.15318304300308228,-0.0023779503535479307,0.002818806446157396,6.1484375,0.00362402501195902,-0.002607760950922966,0.08370724879205227,44.9133440242465,44.9133440242465,1.0
0.03647024929523468,1.1826324359401268,920,0.1685350933112204,0.875,0.044476646929979324,0.016062617301940918,0.015314301068428904,2.316134214401245,0.13008473813533783,-0.0026218120474368334,0.002659638237673789,4.3828125,-0.01044674901640974,-0.0008814334869384766,0.06998199550434947,38.84432658258356,38.84432658258356,1.0
0.21770310401916504,1.182917880791813,928,0.19722876697778702,0.875,0.05307767540216446,-0.07756077498197556,-0.06356990826316178,3.0479869842529297,0.13245780766010284,-0.0018032226944342256,0.002784052863717079,5.171875,-0.03401512178243138,0.006921291351318359,0.08950200444087383,49.768150781247414,49.768150781247414,1.0
0.03928816691040993,1.1836768486659093,936,0.27595788240432734,0.875,0.05486537516117096,-0.001506288186646998,-0.003135512408334762,2.2037839889526367,0.149735227227211,-0.0013110602740198374,0.0023609477939317003,4.7109375,-0.0373798246619117,0.01740780472755432,0.055209644604474306,50.789553622366384,50.789553622366384,1.0
0.01352789904922247,1.1839482553468874,944,0.23542592860758305,0.875,0.04390957951545715,-0.008637127466499805,-0.02323617838555947,1.7839407920837402,0.17108149826526642,-0.0025490231346338987,0.0025772841763682663,3.7343749999999996,-0.05624310327402781,0.00172332301735878,0.08011347893625498,20.447510979690264,20.447510979690264,1.0
0.1455259621143341,1.1845513394512723,952,0.2649622429162264,0.875,0.049265194684267044,-0.09550042450428009,-0.04156552429776639,2.67470645904541,0.14228542149066925,-0.0018995730206370354,0.002449761494062841,3.9296875,-0.011826871806988493,0.0030139386653900146,0.07177982060238719,10.747506834795217,10.747506834795217,1.0
0.011692562140524387,1.185116560888715,960,0.28137837909162045,0.875,0.045655257999897,-0.019211025908589363,-0.034846323542296886,2.120283603668213,0.15136504173278809,-0.0024240892380476,0.002426139632007107,3.5546874999999996,-0.0038164213165146066,-0.0013523101806640625,0.06990597723051906,44.13465721782268,44.13465721782268,1.0
0.021918395534157753,1.1853318841571236,968,0.25113181956112385,1.0,0.056754279881715775,-0.000442774617113173,-0.037929818194243126,1.911759614944458,0.07938209921121597,-0.0010930403368547559,0.0025236277433577925,4.234375,-0.06715376652573468,0.011304270476102829,0.07045922824181615,29.913865607853495,29.913865607853495,1.0
0.13650548458099365,1.185711342655161,976,0.23713155835866928,0.875,0.04577227681875229,-0.11665666103363037,-0.05565277545247227,2.250659227371216,0.15632089972496033,-0.002396413590759039,0.00259356529568322,3.484375,-0.013355241011595353,-0.014380337670445442,0.08018210809677839,31.30153774358655,31.30153774358655,1.0
0.09459158033132553,1.1859243869713294,984,0.2230897657573223,0.75,0.05076979845762253,-0.06646144390106201,-0.05228567938320339,2.1606595516204834,0.11562862247228622,-0.0023517238441854715,0.002626134344609454,4.734374999999999,-0.027952968594036065,-0.013910701498389244,0.0811520479619503,8.84872879707791,8.84872879707791,1.0
0.13345149159431458,1.1867259753718775,992,0.2230835985392332,0.875,0.045287009328603745,-0.00279313325881958,-0.014217343181371689,2.345688819885254,0.1527285873889923,-0.0015049054054543376,0.0025349145289510484,3.7578125,-0.0018268210280893984,0.005134448409080505,0.07157454639673233,6.791234555968117,6.791234555968117,1.0
0.13003802299499512,1.1869981591940977,1000,0.1939753983169794,0.875,0.052494216710329056,-0.04320364445447922,-0.026104402029886842,2.128695249557495,0.19027596712112427,-0.0025266564916819334,0.002833223814377561,4.625000000000001,-0.012045804665831383,-0.010312862694263458,0.09385622758418322,59.9714874807446,59.9714874807446,1.0
0.03388650715351105,1.1871574939106062,1008,0.19880705699324608,0.875,0.03919146955013275,0.0009543074411340058,-0.011135300737805666,2.1548097133636475,0.11612053960561752,-0.002377917058765888,0.0027616499573923647,3.8359375,-0.006956885059480555,0.0007690712809562683,0.08595835650339723,34.7219932732371,34.7219932732371,1.0
0.026191070675849915,1.1875475061808116,1016,0.2189858015626669,0.875,0.04249182343482971,-0.01592564955353737,-0.017463346244767308,2.091453790664673,0.10090682655572891,-0.002081199549138546,0.0027030200872104615,4.4375,-0.01988266099942848,-0.004433494061231613,0.07888425351120532,24.343322758622776,24.343322758622776,1.0
0.04378332942724228,1.188117781326772,1024,0.2504390347748995,0.875,0.03959193825721741,-0.058889180421829224,-0.0022209595190361125,2.188748598098755,0.13069289922714233,-0.0024607498198747635,0.0025477693416178226,4.2109375,-0.022424078694484706,-0.0074093639850616455,0.07132267905399203,5.237657667301505,5.237657667301505,1.0
0.24283671379089355,1.1883570054786914,1032,0.23250569775700566,1.0,0.040373776108026505,-0.0772116482257843,-0.017564595298608765,2.1648263931274414,0.14822295308113098,-0.002496293280273676,0.0027083485038019717,3.9765624999999996,-0.0221629269362893,-0.01901484653353691,0.08332033921033144,6.528657207515835,6.528657207515835,1.0
0.5678377747535706,1.188642007040734,1040,0.2351203477010131,0.875,0.05471041426062584,-0.5961182117462158,-0.03452400793321431,2.492316722869873,0.19963033497333527,-0.002929200418293476,0.0027768216095864773,4.796874999999999,-0.06416092412837315,-0.012292474508285522,0.08973523369058964,25.446368736769045,25.446368736769045,1.0
0.02272852323949337,1.189324938567997,1048,0.27772065810859203,0.75,0.04101456701755524,-0.06819141656160355,-0.014954642334487287,2.048856019973755,0.16508840024471283,-0.002894759178161621,0.002436415496049449,3.953125,-0.016567333368584514,-0.0010980591177940369,0.07116831419989467,56.80848848280584,56.80848848280584,1.0
0.025916703045368195,1.189599401688888,1056,0.21818057168275118,0.875,0.03553556650876999,-0.0043973554857075214,0.009449355478864161,1.8854657411575317,0.18963691592216492,-0.0036179672461003065,0.002655461081303656,3.4921875,-0.006509012142487336,-0.0037388037890195847,0.07892084121704102,4.020987940987823,4.020987940987823,1.0
0.013393685221672058,1.1898157919839258,1064,0.2012204695492983,0.875,0.038160163909196854,-0.01221800222992897,-0.007050140644423664,1.6662929058074951,0.11530662328004837,-0.0022753896191716194,0.0027671740972436965,3.65625,-0.0013929277774877844,0.000468522310256958,0.08341770758852364,31.4336626819113,31.4336626819113,1.0
0.027170170098543167,1.1898297041926884,1072,0.23560558818280697,1.0,0.06422507762908936,0.004974966403096914,-0.03460310015361756,2.1603314876556396,0.12186028063297272,-0.0012747611617669463,0.002749156352365389,4.3359375,-0.0071458210186392535,0.006925564259290695,0.08225719910115004,34.50013722709082,34.50013722709082,1.0
0.020726758986711502,1.1901468544419977,1080,0.25482378527522087,0.875,0.05387469008564949,-0.009744023904204369,-0.031980713247321546,1.7014119625091553,0.1602821797132492,-0.002146870596334338,0.002638381294673309,3.8359375,-0.028626740939216692,0.01600736379623413,0.0774398250505328,8.920084594814057,8.920084594814057,1.0
0.13142283260822296,1.1904504273866674,1088,0.2500244304537773,0.875,0.054093796759843826,-0.06017908453941345,-0.016643153416225683,1.6231825351715088,0.11246433854103088,-0.0014886079588904977,0.0025544895615894347,3.6328125,-0.020521408383501694,0.0009147375822067261,0.07205832982435822,7.880991146801534,7.880991146801534,1.0
0.020655162632465363,1.190924484376126,1096,0.3012458719313144,0.875,0.05164530500769615,-0.025747381150722504,-0.02696210687281564,2.2892863750457764,0.10523669421672821,-0.0017058589728549123,0.0023916357313282788,3.2812499999999996,-0.028654086258029565,-0.0017458964139223099,0.07033674139529467,2.9948267808811124,2.9948267808811124,1.0
0.139285147190094,1.191405419080305,1104,0.29888306371867657,0.875,0.05684620141983032,-0.03835203871130943,-0.03488835273310542,2.2462222576141357,0.172387033700943,-0.002377229742705822,0.0023685844789724797,3.6640625,-0.010686778699891875,-0.000973280519247055,0.07057363539934158,33.391741663955145,33.391741663955145,1.0
0.12654048204421997,1.1917311903760963,1112,0.25360062532126904,0.875,0.03736906126141548,-0.07377947121858597,-0.051723840879276395,2.0320396423339844,0.14650465548038483,-0.002601992804557085,0.0024134496052283794,3.59375,-0.04441667106038949,-0.005415022373199463,0.07926645362749696,25.870413009297863,25.870413009297863,1.0
0.12472157180309296,1.192115803938721,1120,0.24508965387940407,0.875,0.04974338784813881,-0.13823695480823517,-0.03642119385767728,2.0725035667419434,0.1348986029624939,-0.002414210233837366,0.002328944348846562,4.2578125,-0.027319411216012668,-0.005931369960308075,0.07447074726223946,27.001999106923222,27.001999106923222,1.0
0.07518862932920456,1.19236874352559,1128,0.24491178058087826,0.875,0.04111742973327637,-0.10799776017665863,-0.020023841032525524,1.627208948135376,0.11462755501270294,-0.0016098349587991834,0.002233146151411347,3.390625,-0.13333768591382977,0.006938580423593521,0.06761013064533472,6.3545169901918825,6.3545169901918825,1.0
0.06834416836500168,1.1926838853549226,1136,0.2136377226561308,0.875,0.04571717977523804,-0.00840108934789896,-0.020187076064758003,1.8691754341125488,0.11507390439510345,-0.00171875418163836,0.002357904682867229,3.9453125,-0.03891749032118241,-0.009194595739245415,0.07292874203994869,26.62824118451067,26.62824118451067,1.0
0.06659626960754395,1.1930974317788134,1144,0.23473159782588482,0.875,0.046566858887672424,-0.04625832289457321,-0.006357441423460841,2.2191035747528076,0.12658913433551788,-0.0020147045142948627,0.0022824772750027473,3.3671875,-0.005597950243100058,0.003969699144363403,0.06898555438965559,36.88119336828356,36.88119336828356,1.0
0.0202522911131382,1.1935317796987865,1152,0.23610588908195496,0.875,0.042953964322805405,-0.014681457541882992,-0.014183901890646666,2.1865487098693848,0.1272526979446411,-0.002642814302816987,0.002375532931182533,3.203125,0.0010580262023722753,-0.0032880008220672607,0.07451702747493982,45.38433506970091,45.38433506970091,1.0
0.13015663623809814,1.1937224397773933,1160,0.2552801799029112,0.875,0.03790286183357239,-0.05182375758886337,-0.054340477916412055,2.580685615539551,0.16610309481620789,-0.00264946511015296,0.002459691051626578,3.9609375000000004,-0.035225195286329836,0.0016967058181762695,0.08148874435573816,34.501187301965956,34.501187301965956,1.0
0.021763740107417107,1.193965865971573,1168,0.2887483984231949,0.875,0.04183957353234291,-0.002726771868765354,-0.040327612281544134,3.142263174057007,0.16434365510940552,-0.002734733046963811,0.002349240807234309,4.1953125,-0.037181128733209334,0.0129966139793396,0.07295312359929085,45.16612739426978,45.16612739426978,1.0
0.032495323568582535,1.1944521727770248,1176,0.26832074485719204,0.875,0.04251662641763687,0.0008948887116275728,-0.03668790229130536,2.890510082244873,0.16196773946285248,-0.0021180377807468176,0.002364131796639412,3.7578125000000004,-0.0004204254291835241,-0.0020460430532693863,0.07436071615666151,51.93756452248476,51.93756452248476,1.0
0.026180066168308258,1.1948775327315544,1184,0.24380224291235209,0.875,0.03954394906759262,-0.025385092943906784,-0.009307104774052277,2.0086491107940674,0.1257590651512146,-0.0019631357863545418,0.0023801749775884673,3.03125,0.0030460221314569944,-0.000219002366065979,0.0737082245759666,31.923234515895217,31.923234515895217,1.0
0.08688774704933167,1.1950452954954547,1192,0.22287010215222836,1.0,0.0387861505150795,-0.05001417547464371,-0.045229687355458736,2.1236071586608887,0.17103211581707,-0.003452248638495803,0.0025409664667677134,4.0,-0.02994275002856739,-0.0003045797348022461,0.08675380423665047,25.331776096282283,25.331776096282283,1.0
0.06086361035704613,1.195396638328291,1200,0.19840133003890514,1.0,0.04968684911727905,-0.022531136870384216,-0.021862913039512932,1.6826890707015991,0.18167158961296082,-0.0025696982629597187,0.0025181649252772336,4.5703125,-0.012549024584586732,0.004876941442489624,0.08204388758167624,17.085611479611202,17.085611479611202,1.0
0.034522850066423416,1.1956921971667658,1208,0.22699347510933876,0.875,0.04132131114602089,0.008700303733348846,0.006301793910097331,1.9278669357299805,0.11179451644420624,-0.0017218232387676835,0.0023613166122231637,4.65625,-0.014432890166062862,0.0006379000842571259,0.07294224901124835,43.42004709749665,43.42004709749665,1.0
0.1710260957479477,1.1959820219930202,1216,0.2537796963006258,0.875,0.051728539168834686,-0.079466812312603,-0.012944458547281101,2.103069543838501,0.15484113991260529,-0.001674109953455627,0.002360069629503414,3.4999999999999996,-0.01827022249926813,0.019601568579673767,0.07519438210874796,40.41048079093048,40.41048079093048,1.0
0.36247339844703674,1.1961933049172222,1224,0.25973452255129814,0.875,0.046415477991104126,-0.08818522840738297,-0.03370329213794321,2.452247142791748,0.1728678196668625,-0.0023294645361602306,0.0023473982873838395,3.6562499999999996,-0.030874995172780476,0.000824514776468277,0.07683719554916024,4.382256361996497,4.382256361996497,1.0
0.1425374448299408,1.1965585683817674,1232,0.30099377036094666,0.75,0.04623042792081833,-0.022841226309537888,-0.027370292344130572,2.571885585784912,0.13289868831634521,-0.0014148001791909337,0.002185926539823413,3.9140625,-0.045444441464496776,-0.001261407509446144,0.06669664522632957,39.93715111687243,39.93715111687243,1.0
0.3475624620914459,1.1968891946707956,1240,0.30407682806253433,0.875,0.05175211653113365,-0.10632749646902084,-0.04662094439845532,3.28019380569458,0.1758604794740677,-0.0023674683179706335,0.0022121674119262025,3.390625,-0.016120121211315563,-0.003823980689048767,0.06824513524770737,46.50976820226424,46.50976820226424,1.0
0.16666914522647858,1.1971658518205095,1248,0.2534280028194189,0.875,0.04961832985281944,-0.026286527514457703,-0.044072905380744494,2.464630365371704,0.17207367718219757,-0.0020992474164813757,0.00228001106006559,3.40625,-0.06209020494134165,0.010665670037269592,0.07046448439359665,62.36604605101775,62.36604605101775,1.0
0.07094909250736237,1.1977144031155194,1256,0.22041730396449566,0.875,0.03276617452502251,-0.01429232768714428,-0.006467047525802627,2.556349754333496,0.1595527082681656,-0.0026312265545129776,0.002298225022968836,3.3984374999999996,0.0005813721318190802,0.00048448145389556885,0.06999741308391094,16.077817335977898,16.077817335977898,1.0
0.15713749825954437,1.1979233504429336,1264,0.19906662218272686,0.875,0.03825480490922928,-0.04693882167339325,-0.020949590398231518,2.543710231781006,0.1912463754415512,-0.0024831192567944527,0.0024165376962628216,3.65625,-0.001896550948004005,0.003912301734089851,0.07532359939068556,66.68560515715342,66.68560515715342,1.0
0.003519381396472454,1.1979649148928706,1272,0.20972570404410362,0.875,0.0372670479118824,-0.018121086061000824,-0.02106490678852424,2.2782340049743652,0.12102846801280975,-0.002795081352815032,0.0024378759844694287,3.34375,-0.00627437440562062,-0.0015656352043151855,0.0777154634706676,43.83560014515638,43.83560014515638,1.0
0.052120476961135864,1.1982271799333577,1280,0.22404600493609905,0.875,0.054822880774736404,-0.010969467461109161,-0.029897710890509188,1.7701637744903564,0.11566398292779922,-0.0017096692463383079,0.0024242253857664764,3.8984375,-0.02045335530056036,0.005878537893295288,0.07548726908862591,46.604685665909585,46.604685665909585,1.0
0.15189354121685028,1.1986364644875984,1288,0.25248138792812824,0.875,0.045461591333150864,-0.07320277392864227,-0.05209664767608046,2.078239917755127,0.17949031293392181,-0.0024798372760415077,0.0023849280551075935,3.875,-0.019360490538929298,-0.018627945333719254,0.08167049568146467,40.39131677900207,40.39131677900207,1.0
0.04305250197649002,1.1987494177057803,1296,0.28617952391505247,0.875,0.04836325719952583,-0.05544732138514519,-0.06679197028279305,2.98773455619812,0.12574538588523865,-0.0018395251827314496,0.002353518982999958,4.609375,-0.020084698575374205,-0.0073657408356666565,0.07958986097946763,7.88040330414978,7.88040330414978,1.0
0.010075051337480545,1.1988455680146672,1304,0.2502934690564871,0.875,0.03570426255464554,-0.03760598972439766,-0.030857678153552115,1.8692145347595215,0.15100735425949097,-0.0032964106649160385,0.0024941104056779295,4.0703125,-0.026486726543225814,-0.01323743537068367,0.0862012836150825,69.11759347912442,69.11759347912442,1.0
0.1311952918767929,1.198922949906547,1312,0.2874064948409796,0.875,0.04285954311490059,-0.04523717612028122,-0.07833420019596815,3.612520694732666,0.1239025741815567,-0.0018927539931610227,0.002419714059215039,5.0703125,-0.01394792068640527,-0.014183282852172852,0.08237382443621753,13.973335353473942,13.973335353473942,1.0
0.037545960396528244,1.1991922790513516,1320,0.21252601221203804,0.875,0.04131045937538147,-0.017699718475341797,-0.040882631728891276,1.8319634199142456,0.14946039021015167,-0.002699371427297592,0.002586993301520124,3.890625,-0.05288848451891681,-0.01580706238746643,0.08839590521529317,86.0843548709903,73.31057381910011,1.0
0.16854041814804077,1.199467034259337,1328,0.2089663278311491,0.875,0.045792046934366226,-0.04891565069556236,-0.02875580731779337,2.08821964263916,0.18774430453777313,-0.002486024284735322,0.0025449275854043663,4.6875,-0.02456334220187273,0.007699131965637207,0.08563283737748861,15.77605228646263,15.77605228646263,1.0
0.08288422226905823,1.1998135737027409,1336,0.20812396705150604,0.875,0.050387416034936905,0.017198601737618446,0.012431056471541524,2.170073986053467,0.15438008308410645,-0.0021390733309090137,0.0023970397014636546,4.0703125,-0.019246073759859424,0.004681006073951721,0.07497591897845268,16.02637628802205,16.02637628802205,1.0
0.08165145665407181,1.2000735580879114,1344,0.18467421550303698,0.875,0.03531600907444954,-0.2811869978904724,-0.015092594141606241,1.7352921962738037,0.10622747242450714,-0.0019244547002017498,0.002453222492476925,3.2578125,-0.043960404000245035,0.003244653344154358,0.08308485941961406,49.88859795535632,49.88859795535632,1.0
0.07361380755901337,1.2004143445686988,1352,0.24239727295935154,0.875,0.04263219237327576,-0.005013842601329088,-0.017031661875080317,2.470341444015503,0.17600750923156738,-0.002694788621738553,0.0022560279321623966,4.40625,-0.031037965974974217,0.0041911303997039795,0.07175115961581469,38.76805981692786,38.76805981692786,1.0
0.02635512501001358,1.200618498585951,1360,0.2206786535680294,0.875,0.03509555384516716,-0.04261296987533569,-0.005805617314763367,2.074096441268921,0.12716838717460632,-0.0026822297368198633,0.0024085467448458076,3.6171875,-0.020862961217062548,0.0022978708148002625,0.08104389579966666,21.303181609137482,21.303181609137482,1.0
0.026289062574505806,1.2007648516311533,1368,0.2486419901251793,0.875,0.03794850781559944,0.003772508120164275,-0.0464563665445894,2.6352572441101074,0.2006661593914032,-0.0038827129174023867,0.00235750712454319,4.390625,-0.04503812667098828,0.005681250244379044,0.07998252287507057,25.113381351540284,25.113381351540284,1.0
0.05580678582191467,1.2008185955225936,1376,0.22298692539334297,0.875,0.0464203916490078,-0.1731627732515335,0.004129914683289826,1.6385855674743652,0.08606711030006409,-0.0016954581951722503,0.002420946315396577,3.8671874999999996,-0.019764742133702384,0.006901592016220093,0.07819133624434471,37.15517588645844,37.15517588645844,1.0
0.12440774589776993,1.2009428047243729,1384,0.29667606763541693,0.875,0.0414554588496685,-0.0312652662396431,-0.05780881177634,3.814302444458008,0.1591850370168686,-0.0029447367414832115,0.002318576429388486,3.9296875,-0.04861378737405175,0.007039913907647133,0.07852547662332654,20.80626067906246,20.80626067906246,1.0
0.13448327779769897,1.2010558033102383,1392,0.2428729049861431,0.875,0.04647395387291908,-0.03045269474387169,-0.010921866924036294,1.8068068027496338,0.09135153144598007,-0.001477762940339744,0.002410577071714215,3.9453125,-0.018635136784723727,0.005083484575152397,0.07890429720282553,89.19408996348557,72.28546420059752,1.0
0.10896863043308258,1.2011838230285456,1400,0.23605857975780964,0.875,0.039250653237104416,-0.057895202189683914,-0.026143613213207573,1.875366449356079,0.15502043068408966,-0.0031793757807463408,0.002440912139718421,3.6171875,-0.05170890537920059,-0.016934707760810852,0.08223559614270926,4.543641368703874,4.543641368703874,1.0
0.25439444184303284,1.2014313246448582,1408,0.26399540714919567,0.875,0.03626486286520958,-0.0690302699804306,-0.022667926736176014,2.5746915340423584,0.15537278354167938,-0.00245084916241467,0.0022868546220706776,4.265625,2.4056502297752818e-05,-0.0006697513163089752,0.0766473519615829,9.013867892417807,9.013867892417807,1.0
0.0038343037012964487,1.2016026702175167,1416,0.18119487259536982,1.0,0.03449447453022003,-0.0172128826379776,-0.026880278601311147,1.6469860076904297,0.09292618185281754,-0.0022495838347822428,0.002612724289065227,3.8984375,-0.00988482238517463,0.0022576916962862015,0.09368307981640102,9.643967874351063,9.643967874351063,1.0
0.11802889406681061,1.2016709418922287,1424,0.2511442676186561,0.875,0.04243689402937889,-0.06666534394025803,-0.0622897018911317,2.696223258972168,0.15124617516994476,-0.00272779306396842,0.0023623905872227624,4.9765625,-0.039621689517389314,-0.004319470375776291,0.08192205289378764,27.015510264658076,27.015510264658076,1.0
0.07202623784542084,1.201781561743315,1432,0.2177665252238512,0.875,0.050410859286785126,-0.02487940527498722,-0.021464243531227112,2.2914793491363525,0.1721934676170349,-0.002175723435357213,0.0023911816242616624,4.546875000000001,-2.608666181913577e-05,0.005576789379119873,0.08262374438345432,29.36703671116925,29.36703671116925,1.0
0.11203660070896149,1.20184500090513,1440,0.2266458626836538,0.875,0.040922943502664566,-0.07383600622415543,-0.038596162223257124,2.4715089797973633,0.18072839081287384,-0.0032774927094578743,0.0023123415739974003,3.6015624999999996,-0.008209957963117631,-0.026371968910098076,0.07848523184657097,28.04891105258264,28.04891105258264,1.0
0.14659112691879272,1.2019445706855596,1448,0.220182447694242,0.875,0.04974863678216934,-0.05295306071639061,-0.019350215763552114,2.1433181762695312,0.16442348062992096,-0.0023780714254826307,0.0024116790154948835,3.9921875,-0.014870542428980116,0.01083606481552124,0.08066512783989309,4.45924140975319,4.45924140975319,1.0
0.03696424514055252,1.202177569594089,1456,0.24334217421710494,0.75,0.048920586705207825,-0.0009410972706973553,-0.02084793386165984,2.2490627765655518,0.1388184279203415,-0.002408995060250163,0.0023128599859774113,3.78125,-0.03015573881566525,0.007009774446487427,0.07539612613618374,21.30057837457025,21.30057837457025,1.0
0.27017951011657715,1.2024092752548552,1464,0.26845064759254456,0.875,0.04340892657637596,-0.10548026114702225,-0.03617301519261673,2.6583023071289062,0.19154328107833862,-0.0022245191503316164,0.0021142637415323406,3.3749999999999996,-0.004005336875707144,-0.0031798314303159714,0.06827428052201867,15.97802567936722,15.97802567936722,1.0
0.04540865868330002,1.2024015358788218,1472,0.2349331248551607,0.875,0.04729173332452774,-0.014976865611970425,-0.03750054893316701,2.3114571571350098,0.18442507088184357,-0.0030621241312474012,0.00248283933615312,3.9531250000000004,-0.0031193594622891396,-0.0016357116401195526,0.08680563513189554,6.724477606842754,6.724477606842754,1.0
0.04974178969860077,1.2025647071223375,1480,0.24658850394189358,0.875,0.04591620713472366,0.008050978183746338,-0.0033716989564709365,2.0959701538085938,0.1626017689704895,-0.0022905755322426558,0.0023097141092875972,3.8125,-5.758885527029636e-05,0.005670949816703796,0.07750194845721126,3.4220752287777714,3.4220752287777714,1.0
0.017307816073298454,1.202679221621383,1488,0.24221726506948468,0.875,0.04059574753046036,-0.029317857697606087,-0.052359165973030024,2.4019222259521484,0.14654982089996338,-0.0026398051995784044,0.00227677816292271,3.4453125,-0.027441689075203612,-0.0064912959933280945,0.07733525009825826,24.977429332215024,24.977429332215024,1.0
0.1368146538734436,1.2028614830106652,1496,0.260546300560236,0.875,0.034548401832580566,-0.047860778868198395,-0.009567416862410028,1.9480564594268799,0.12653130292892456,-0.0017787443939596415,0.002219442030764185,3.9296875000000004,-0.015307234518331825,-0.009315989911556244,0.07342499122023582,29.918947721603672,29.918947721603672,1.0
0.23300577700138092,1.2028686896182492,1504,0.27366716228425503,1.0,0.0391407310962677,-0.054292578250169754,-0.05239741946570575,2.921849489212036,0.15919585525989532,-0.002233036095276475,0.002350135240703821,3.7421875,-0.0037415196420624844,-0.0005512908101081848,0.0806695823557675,8.870515919113075,8.870515919113075,1.0
0.15344351530075073,1.2031039819925902,1512,0.26916102319955826,0.875,0.04773067682981491,-0.0428280383348465,-0.035418023267993703,2.4325809478759766,0.17079810798168182,-0.002041146857663989,0.0022824954357929523,3.7500000000000004,-0.01769797551969532,0.0032596588134765625,0.07418012898415327,46.07291789062833,46.07291789062833,1.0
0.07620583474636078,1.2033665443973944,1520,0.2613563593477011,0.875,0.04458419233560562,0.00047729210928082466,-0.015160233713686466,2.1106698513031006,0.2158338725566864,-0.00291847949847579,0.002208138845162466,3.3203125,-0.007066905345709528,-0.002223726361989975,0.07027007103897631,9.617148634347814,9.617148634347814,1.0
0.2670099437236786,1.203459088930848,1528,0.2433195784687996,0.875,0.036831025034189224,-0.18475627899169922,-0.03720464167417958,2.1031455993652344,0.21761000156402588,-0.002845242852345109,0.0023221591400215402,3.312499999999999,-0.035429700001259334,-0.0030115358531475067,0.07406405359506607,19.231504471395056,19.231504471395056,1.0
0.021361716091632843,1.2036291710771736,1536,0.22460082732141018,0.875,0.03328181058168411,-0.015468883328139782,-0.02401184575865045,1.867687702178955,0.15570449829101562,-0.003218500642105937,0.0024102774041239172,3.65625,-0.03741162156802602,-0.003464873880147934,0.07674560137093067,6.836883029265778,6.836883029265778,1.0
0.005142135079950094,1.2037221100618356,1544,0.2624685764312744,0.875,0.024841271340847015,-0.019103430211544037,-0.06453970063012092,3.088456630706787,0.14715653657913208,-0.0034114911686629057,0.002365742373513058,3.875,-0.01851896260632202,-0.0038831979036331177,0.07439096923917532,21.020113655242994,21.020113655242994,1.0
0.006095553748309612,1.2037215162885238,1552,0.2156439796090126,0.875,0.02980780228972435,-0.032243162393569946,-0.006243058654945344,1.9042059183120728,0.16095875203609467,-0.0036869707982987165,0.0025310083583462983,3.6562500000000004,-0.026992264000000432,-0.0037706010043621063,0.076534119900316,29.255234532434997,29.255234532434997,1.0
0.05747323855757713,1.2038103735996692,1560,0.22933278419077396,0.875,0.03410593792796135,-0.08474656939506531,-0.03170314215822145,1.8592960834503174,0.11651688069105148,-0.0022719919215887785,0.0024963146570371464,4.21875,-0.042399507481604815,0.0041024088859558105,0.07133034151047468,38.84708321309722,38.84708321309722,1.0
0.11459469050168991,1.203833205131451,1568,0.25383617728948593,0.875,0.03398782014846802,-0.08346305042505264,-0.03564623257261701,2.3176767826080322,0.14581288397312164,-0.002071885159239173,0.002528611628804356,4.4921875,-0.03842201789666433,0.008464740589261055,0.0732002966105938,10.234644286272015,10.234644286272015,1.0
0.03355846926569939,1.2040948889710128,1576,0.2409743145108223,1.0,0.0335080549120903,-0.021503429859876633,-0.018898532725870606,2.120866060256958,0.14895355701446533,-0.002704786602407694,0.0025220145762432367,3.4062499999999996,-0.011877097997057717,-0.0010856036096811295,0.07274437788873911,6.954043302673313,6.954043302673313,1.0
0.052366673946380615,1.2043646688631056,1584,0.258120771497488,0.875,0.031956493854522705,-0.009507336653769016,-0.028781533590517938,2.3272242546081543,0.1901361644268036,-0.002842775546014309,0.0025344990281155333,4.109375,-0.047988746850023745,0.0077817607671022415,0.07278118189424276,18.68286247442336,18.68286247442336,1.0
0.05800586938858032,1.2043560346210527,1592,0.24626247491687536,0.75,0.04770861193537712,0.006065108813345432,-0.0442805209022481,2.486661911010742,0.16440415382385254,-0.002210768638178706,0.0027672715950757265,4.234375,-0.02393605434917845,0.02119767665863037,0.08058657636865973,8.227914080602602,8.227914080602602,1.0
0.0122596500441432,1.20449061178702,1600,0.22698454558849335,0.875,0.037771277129650116,-0.014604263938963413,-0.011758921609725803,1.7922202348709106,0.11300273984670639,-0.0023906424175947905,0.0027242985670454804,3.3749999999999996,-0.003135189806926064,-0.0003816671669483185,0.07978143636137248,29.718019716410538,29.718019716410538,1.0
0.14217495918273926,1.2047352756831438,1608,0.2677933443337679,0.875,0.04994116351008415,-0.03327256441116333,-0.03922530944691971,3.015691041946411,0.17079481482505798,-0.001939344103448093,0.0026301676989533003,3.9609375,-0.01682059945051151,0.002550732344388962,0.07305023865774274,23.92305303698828,23.92305303698828,1.0
0.01304182130843401,1.2049282916353845,1616,0.2135033868253231,0.75,0.03927250951528549,-0.01794254034757614,-0.040972459013573825,2.0274815559387207,0.12755532562732697,-0.0026211063377559185,0.0030889902263879776,3.75,0.000394748269172851,-0.0008599553257226944,0.09124435158446433,23.14982527427219,23.14982527427219,1.0
0.12263362854719162,1.2051439534507025,1624,0.27089555747807026,0.875,0.035387393087148666,-0.04956425726413727,-0.03447505529038608,2.55903697013855,0.13655048608779907,-0.002351511036977172,0.0026209576753899455,4.0,6.150568879093049e-05,-0.004004959017038345,0.07310449285432696,6.348600111016367,6.348600111016367,1.0
0.03933101147413254,1.2054415376480203,1632,0.269726051017642,0.875,0.03624039515852928,-0.004875956103205681,-0.01510140117898118,2.212111234664917,0.13368234038352966,-0.0017515314975753427,0.0025649613089626655,3.265625,-0.012442013212421443,-0.006883304566144943,0.06881463434547186,13.232958641385835,13.232958641385835,1.0
0.12137820571660995,1.2055370525087177,1640,0.24510418996214867,0.875,0.04294821247458458,-0.038256462663412094,0.005022188590373842,2.0376880168914795,0.1234876736998558,-0.0021007461473345757,0.0028465733921620995,3.125,0.002383151004323736,0.0003583095967769623,0.07262845477089284,16.145796495287755,16.145796495287755,1.0
0.14662547409534454,1.205720911522668,1648,0.25505376420915127,0.75,0.03806557133793831,-0.09183789789676666,-0.040612668672110885,2.3825337886810303,0.12254755198955536,-0.002027656650170684,0.0029001363727729768,3.296875,-0.010245862484225654,0.0005442202091217041,0.07966780290007591,29.0468356317013,29.0468356317013,1.0
0.25035223364830017,1.2056429620966216,1656,0.23406758718192577,0.875,0.05249680206179619,-0.07755745947360992,-0.039047644822858274,1.6148731708526611,0.16446392238140106,-0.0020544829312711954,0.0029911089513916522,4.460937499999999,-0.04138475114450557,-0.005047231912612915,0.07637974806129932,14.501436290738752,14.501436290738752,1.0
0.022037165239453316,1.2058550138028794,1664,0.29293220303952694,0.875,0.0366155281662941,-0.007924688048660755,-0.014773537230212241,2.2524757385253906,0.13304349780082703,-0.0024788491427898407,0.002677359036169946,4.4453125,-0.004959569654602093,-0.002580314874649048,0.07035499345511198,13.11690439618286,13.11690439618286,1.0
0.2520098388195038,1.20578998750648,1672,0.2631234060972929,0.875,0.044180404394865036,-0.07843755185604095,-0.04325555602554232,2.201131582260132,0.16621029376983643,-0.0019150496227666736,0.0028607608401216567,3.6015625,-0.027475322916870933,-0.0014225952327251434,0.0721262083388865,9.18459086658612,9.18459086658612,1.0
0.013224086724221706,1.2057836293135016,1680,0.25143929570913315,0.875,0.034936077892780304,0.014876698143780231,-0.009078754344955085,1.8964923620224,0.11244238913059235,-0.002354844706133008,0.0029335314757190645,3.609375,-0.024586998610175215,-0.0007415711879730225,0.07309614913538098,34.322274377817166,34.322274377817166,1.0
0.1399429589509964,1.2058833331041612,1688,0.2662886958569288,0.875,0.0362745001912117,0.002940768375992775,-0.02020557865034789,2.5182318687438965,0.21344956755638123,-0.003396517364308238,0.0030172760016284883,3.8359375,-0.013112002527122964,0.04310443624854088,0.07453702902421355,8.668592070820296,8.668592070820296,1.0
0.028995398432016373,1.2059180502383202,1696,0.24148217588663104,0.875,0.037467628717422485,-0.22868815064430237,-0.014434663840802386,1.7126144170761108,0.08120234310626984,-0.0018286450067535043,0.0028233483026269823,3.1484375,-0.0433065558609087,0.005384897813200951,0.06634516920894384,5.959164182904431,5.959164182904431,1.0
0.3929663598537445,1.2061672611111331,1704,0.2964168153703213,0.875,0.03815898299217224,-0.3809097707271576,-0.07388264872133733,3.097388744354248,0.23870685696601868,-0.0035544168204069138,0.002990846027387306,4.4453125,-0.13481023372150958,-0.0028748251497745514,0.07403591647744179,10.820190216917581,10.820190216917581,1.0
0.07184389233589172,1.206283834784049,1712,0.21557410806417465,0.875,0.033637478947639465,0.018353845924139023,-0.005470786592923104,1.7583980560302734,0.1475379765033722,-0.0020350373815745115,0.003146173228742555,3.6953125000000004,-0.06522871944616782,0.03377280756831169,0.07094562379643321,70.26835031308656,70.26835031308656,1.0
0.11698645353317261,1.2063445226634826,1720,0.21542661637067795,0.875,0.033898890018463135,-0.03719741106033325,-0.014651497825980186,2.164609670639038,0.14017102122306824,-0.0022606211714446545,0.0032384309452027082,3.1875,0.0013002718551433645,0.009716005995869637,0.07520599802955985,38.55720672497284,38.55720672497284,1.0
0.06278077512979507,1.2065485608237445,1728,0.243501415476203,0.75,0.04441758617758751,-0.1130278930068016,-0.0504764246288687,2.1817078590393066,0.1539328545331955,-0.002511929254978895,0.0032744381751399487,3.9375,-0.024885572667699307,-0.004150852560997009,0.07577256439253686,38.27764602234754,38.27764602234754,1.0
0.11696067452430725,1.2066831872072397,1736,0.2193603441119194,0.875,0.04475250840187073,-0.047194790095090866,-0.03083330299705267,1.9564170837402344,0.1392030417919159,-0.002384202554821968,0.0034739784023258835,4.601562499999999,-0.03919257071095217,0.0012867152690887451,0.08073290437459946,3.7774785459698705,3.7774785459698705,1.0
0.1485476940870285,1.2071039531963317,1744,0.300245750695467,0.875,0.06713034212589264,0.009539831429719925,-0.03477426333120093,2.578871726989746,0.24222317337989807,-0.0015045275213196874,0.0028752889775205404,4.03125,-0.013045811352640158,0.15691733360290527,0.062311667483299964,15.59376225593644,15.59376225593644,1.0
0.05248346924781799,1.2072573230276802,1752,0.23410374019294977,0.875,0.04874608665704727,0.0002566876937635243,-0.009504466404905543,2.048867702484131,0.1665632128715515,-0.00224424060434103,0.0033409903408028185,3.078125,-0.012540516772787669,0.00182420015335083,0.07348468992859125,4.802253328446454,4.802253328446454,1.0
0.02964959666132927,1.207409724108796,1760,0.23169101402163506,1.0,0.042458366602659225,-0.018579157069325447,-0.021140365395694975,1.660996675491333,0.19557742774486542,-0.003440791741013527,0.0035234608221799135,3.8125,-0.0376098101178286,0.000581277534365654,0.08247895026579499,19.321246691986687,19.321246691986687,1.0
0.022786058485507965,1.2074668041604002,1768,0.24254519864916801,0.7499999999999999,0.05862101912498474,0.008091281168162823,-0.02958090591710061,2.0343446731567383,0.1580042541027069,-0.002285405993461609,0.003488520364044234,4.5859375,-0.0051013451916333,0.0273914635181427,0.08249117899686098,17.341648426106076,17.341648426106076,1.0
0.13414408266544342,1.207652274278914,1776,0.27997404523193836,0.875,0.049804896116256714,-0.06454715132713318,-0.03659355145646259,2.5596702098846436,0.142476424574852,-0.0018509976798668504,0.0031532091670669615,3.6796875000000004,-0.035501112179190386,-0.0067199282348155975,0.07394218817353249,15.396227966983815,15.396227966983815,1.0
0.13506081700325012,1.207807640129467,1784,0.27856442704796797,0.75,0.03708483278751373,-0.04881396144628525,-0.036759297479875386,2.9192419052124023,0.14492571353912354,-0.0026446792762726545,0.0034234363120049243,3.4453125,-0.011855600211674755,-0.006206896156072617,0.07929409062489867,43.94999310453284,43.94999310453284,1.0
0.007586797699332237,1.2078124349886943,1792,0.2650788687169552,0.875,0.0385260209441185,-0.013569558039307594,-0.03586869375430979,2.6334311962127686,0.14820916950702667,-0.003384379670023918,0.0033514465685584582,3.5000000000000004,-0.01387993727621506,0.0002621114253997803,0.07688396493904293,48.437940435973815,48.437940435973815,1.0
0.11557301878929138,1.207935204858011,1800,0.2552397046238184,0.875,0.05540664866566658,-0.03424463048577309,-0.01917283280636184,2.5677480697631836,0.12362311780452728,-0.00201764446683228,0.003309738327516243,3.359375,0.0010663491957529914,0.016211479902267456,0.07083924161270262,30.760189526346153,30.760189526346153,1.0
0.11224053055047989,1.2079908551908496,1808,0.22887431643903253,0.875,0.06015913933515549,-0.048227325081825256,-0.027524123957846314,2.2387351989746094,0.10094639658927917,-0.0014158189296722412,0.0036559041764121503,3.375,-0.006393153562385124,-0.0005819648504257202,0.07693210756406188,13.981277374238744,13.981277374238744,1.0
0.12258274108171463,1.2081973354334374,1816,0.23963400721549988,0.875,0.055436283349990845,-0.01715685799717903,-0.012441057129763067,2.359236717224121,0.2083667516708374,-0.0027449342887848616,0.003615302179241553,3.6015625,-0.01647913533088285,-0.007116824388504028,0.07453463086858392,28.92273313767396,28.92273313767396,1.0
0.0579652413725853,1.2083209360531921,1824,0.22418863326311111,0.875,0.03909702226519585,0.006568301469087601,-0.01789006288163364,2.143123149871826,0.12967868149280548,-0.0020232379902154207,0.0035936281783506274,3.5703125,-0.008693132807820803,-0.0004245862364768982,0.07439722213894129,56.445085358051756,56.445085358051756,1.0
0.04238060489296913,1.2085492670241145,1832,0.22155143320560455,0.875,0.03759152069687843,-0.03518223017454147,-0.013958414885564707,1.8665233850479126,0.15314598381519318,-0.0026489621959626675,0.003826764557743445,3.40625,-0.003602254255383741,-0.00143333338201046,0.07777873892337084,30.58236280649703,30.58236280649703,1.0
0.1271720677614212,1.2085587781000318,1840,0.2486760225147009,0.875,0.04693319648504257,-0.04175930842757225,-0.04428965970873833,2.4811487197875977,0.18189126253128052,-0.0031405414920300245,0.00402446580119431,4.390625,-0.026042750510896433,-0.0019343476742506027,0.08184671634808183,40.98031983781323,40.98031983781323,1.0
0.12253322452306747,1.208834122827792,1848,0.2822719179093838,0.875,0.036594245582818985,-0.04516426473855972,-0.009637670067604631,2.018423318862915,0.11055084317922592,-0.002505004405975342,0.003585864062188193,3.375,4.889354386250491e-05,-0.0023464765399694443,0.06982483202591538,22.368003719975604,22.368003719975604,1.0
0.13645566999912262,1.2090994429660884,1856,0.3028925955295563,0.875,0.03262626379728317,-0.06464066356420517,-0.04621043137740344,3.050562858581543,0.15668712556362152,-0.0030892137438058853,0.0037069400714244694,3.5546875,-0.005914433779253159,-0.0026726089417934418,0.07551666954532266,6.501296511686178,6.501296511686178,1.0
0.13192929327487946,1.2092620955979387,1864,0.2907539661973714,0.875,0.03635891154408455,-0.05897682160139084,-0.031236075912602246,2.4229626655578613,0.15096443891525269,-0.0024698798079043627,0.003694676823215559,3.3515625,-0.015365159079010478,0.003370095044374466,0.07134640123695135,63.52363385029821,63.52363385029821,1.0
0.3491840958595276,1.209244522018514,1872,0.28611990809440613,0.875,0.03518183156847954,-0.1031152606010437,-0.08644681260921061,3.493950843811035,0.15918731689453125,-0.0021533065009862185,0.003967242053477094,4.015625,-0.06460877259451081,0.004141688346862793,0.07851076731458305,40.77150145279552,40.77150145279552,1.0
0.135971799492836,1.2094491703073522,1880,0.22977717220783234,0.875,0.03890571743249893,-0.04502001777291298,-0.039321289979852736,1.7301301956176758,0.13308975100517273,-0.0017973282374441624,0.004294298792956397,4.359375,-0.04854109648385929,-0.0014113672077655792,0.07978945272043347,98.82561479536889,74.62210063917337,1.0
0.04072938859462738,1.209577549805908,1888,0.20173118077218533,0.875,0.033306218683719635,-0.0070559862069785595,-0.016924982774071395,2.1738555431365967,0.14594228565692902,-0.0028893090784549713,0.0043158238113392144,3.6015625,-0.03411305094778072,-0.002475917339324951,0.07969634886831045,15.247711040368927,15.247711040368927,1.0
0.15738870203495026,1.209756552314402,1896,0.20334090385586026,0.875,0.04002689570188522,-0.18929149210453033,0.003982724796514958,2.2858939170837402,0.11907369643449783,-0.0017628109781071544,0.004023433255497366,3.71875,-0.032461326860357076,-0.0023698601871728897,0.07038337225094438,42.03573917551512,42.03573917551512,1.0
0.09649330377578735,1.2098593185683257,1904,0.18580299336463213,0.875,0.035522300750017166,-0.036665093153715134,-0.03314979770220817,2.021476984024048,0.132758229970932,-0.0020192163065075874,0.004709597647888586,4.1953125,-0.04504681756952778,0.015438204631209373,0.0857417918741703,56.70111926798518,56.70111926798518,1.0
0.09904728829860687,1.2100207791402884,1912,0.21028278954327106,0.875,0.03522123396396637,-0.009107415564358234,-0.01266713481163606,2.094343662261963,0.1685911864042282,-0.0024073792155832052,0.004329835588578135,4.875,-0.044115945529483724,0.013580188155174255,0.07725621713325383,37.03942504248789,37.03942504248789,1.0
0.06715274602174759,1.2101979511943202,1920,0.24508202821016312,0.75,0.03521933779120445,-0.023970503360033035,-0.005927809048444032,2.4076550006866455,0.1617749035358429,-0.0024827048182487488,0.00382444603019394,3.5234375,-0.0015800908804521894,-0.0014482438564300537,0.06994693353772165,39.189150892108046,39.189150892108046,1.0
0.02369929850101471,1.2103144407191007,1928,0.20202807895839214,0.875,0.030339214950799942,-0.04134192690253258,-0.014848880673525851,1.4837539196014404,0.14813727140426636,-0.00269206496886909,0.004550723038846627,3.390625,-0.012707539222901687,-0.0013325735926628113,0.08380779251456259,36.1237933798393,36.1237933798393,1.0
0.14048290252685547,1.2103373036853666,1936,0.2695663729682565,0.875,0.025154054164886475,-0.006401881575584412,-0.04004622584034223,2.45070219039917,0.1525455117225647,-0.003273376263678074,0.004441963916178794,4.34375,-0.04117728715209523,0.00010484270751476288,0.08405182277783751,33.542924347641474,33.542924347641474,1.0
0.13282090425491333,1.2105462984424666,1944,0.3311369717121124,0.875,0.030912820249795914,-0.0339013896882534,-0.06781623346614653,4.577541828155518,0.1448347121477127,-0.002651848131790757,0.0037492649571504444,3.9375,-0.01144240956637077,-0.00849098339676857,0.07004664232954382,57.708725429472,57.708725429472,1.0
0.005273186136037111,1.2107189711739237,1952,0.30025241523981094,0.875,0.031540513038635254,-0.009431113488972187,-0.03682244420633651,3.0887463092803955,0.08002593368291855,-0.001950821140781045,0.004034049634356052,3.7265625,-0.002945383890619269,0.002156408503651619,0.07652945211157203,127.86691396560855,71.60283904310154,1.0
0.2453378587961197,1.2108229880042451,1960,0.28459150716662407,1.0,0.04689587652683258,-0.06896212697029114,-0.05428179423324764,2.8689584732055664,0.1362541913986206,-0.0022016470320522785,0.004041035776026547,3.921875,-0.0523281485948246,0.002509966492652893,0.07546994229778647,66.86360846046045,66.86360846046045,1.0
0.13992971181869507,1.211006641010004,1968,0.2690456993877888,0.875,0.05923948064446449,0.011830140836536884,-0.005392455466790125,2.30582857131958,0.2288612425327301,-0.002192693529650569,0.003979643734055571,4.046875,0.00042117344855796546,0.04086539149284363,0.07330231531523168,71.02211207621258,71.02211207621258,1.0
0.2129577398300171,1.2110523572004512,1976,0.1785244643688202,0.875,0.057175200432538986,-0.028758324682712555,-0.025543080701027066,1.8911511898040771,0.18006908893585205,-0.0019563252571970224,0.004747265396872535,3.921875,-0.00938803741087213,0.007456779479980469,0.08623258583247662,38.92516858546969,38.92516858546969,1.0
0.26901257038116455,1.2112517705130534,1984,0.21811605431139472,0.75,0.05064944177865982,-0.08703561872243881,-0.021309157134965062,2.6819980144500732,0.21646788716316223,-0.002578091574832797,0.004116921569220722,3.7578125000000004,-0.011080213793320581,0.0014664959162473679,0.07500884030014277,19.24406098557074,19.24406098557074,1.0
0.12046761810779572,1.2114989879806277,1992,0.2178939115256071,0.75,0.036305319517850876,-0.052633628249168396,0.003927341662347317,2.7825164794921875,0.13008949160575867,-0.002192119136452675,0.003787805850151926,3.15625,0.002354604614083655,0.0008263438940048218,0.06790685094892979,35.12570269894877,35.12570269894877,1.0
0.2876206934452057,1.2115565004554283,2000,0.21413009148091078,1.0,0.05233916640281677,-0.2352384626865387,-0.02714364556595683,2.1084108352661133,0.2273443043231964,-0.0023855119943618774,0.004165732825640589,3.4765625,-0.08827889880194562,-0.004496723413467407,0.07529740035533905,59.07362702641967,59.07362702641967,1.0
