PolicyLoss,ValueLoss,TemplateLoss,Step,Valid,TemplateEntropy,EntropyLoss,Advantage,Loss,PolicyObjLoss,StepsPerSecond,ObjectEntropy,TotalStepsPerEpisode,PolicyTemplateLoss,ObjectLoss,Value,ClippedGradNorm,UnclippedGradNorm,EpisodeScore
-0.2224155068397522,0.007449213415384293,0.27245208621025085,8,1.0,0.1802980080246926,-0.005821801256388426,-0.02585931122303009,9.58874225616455,-0.13243664056062698,0.2825960406542278,0.013773573562502861,4.5,0.09185481444001199,0.03584585711359978,0.058233986143022776,,,
-0.48695865273475647,0.47743532061576843,0.3335418999195099,16,0.875,0.1795714274048805,-0.005800148937851191,-0.07746277749538422,4.200525283813477,-0.7674698680639267,0.3824396491783133,0.013772304519079626,12.5,-0.08144095540046692,0.0662916749715805,0.16056376695632937,27.950937169604003,27.950937169604003,
0.8496914505958557,1.8362407684326172,0.4410107731819153,24,0.875,0.1769693251699209,-0.005725300870835781,0.05062383785843849,21.660152435302734,-0.2015039045363665,0.43135058654045805,0.01377046259585768,20.5,0.47962557151913643,0.09657569974660873,-0.07397630624473095,24.511798477012803,24.511798477012803,
-0.8046301603317261,0.9666365385055542,0.5590131282806396,32,1.0,0.16919400170445442,-0.0054925368167459965,-0.08347401767969131,9.494681358337402,-0.8105447962880135,0.46390703303296926,0.013767344993539156,28.5,-0.22837957367300987,0.16486957669258118,0.19723041728138924,109.74885223217916,187.70230216749223,
-0.4907079041004181,1.397341251373291,0.5535978078842163,40,0.75,0.15646390616893768,-0.005113836843520403,-0.09828551113605499,13.783859252929688,-0.8862711042165756,0.4900705369419657,0.013762885821051896,36.5,-0.21396084036678079,0.2022477239370346,0.21080136112868786,55.95683501335725,55.95683501335725,
-0.15232878923416138,1.0915778875350952,0.45982012152671814,48,0.875,0.14641849510371682,-0.004840593319386244,-0.06255124509334564,13.03371810913086,-0.30759452376514673,0.5112670897022056,0.013756587984971702,44.5,0.08676951844245195,0.23857052624225616,0.12206846289336681,69.7061913967118,69.7061913967118,
0.018895387649536133,1.490445852279663,0.3497319519519806,56,0.7499999999999999,0.13300662860274315,-0.004484908655285835,-0.036657363176345825,9.12353801727295,-0.31121236039325595,0.5275273132600139,0.013748029945418239,52.5,-0.01709132455289364,0.22696800529956818,0.10766747966408731,42.413823466783924,42.413823466783924,
-0.5906372666358948,1.1149673461914062,0.18727262318134308,64,0.375,0.09633903484791517,-0.003253482049331069,-0.05575357377529144,13.869254112243652,-0.07279468700289726,0.5413721725838352,0.013733076048083603,60.5,0.08896430488675833,0.21346189081668854,0.10556146875023842,31.068960221852308,31.068960221852308,
-1.1326786279678345,0.7249119281768799,0.08538670837879181,72,0.375,0.04503988567739725,-0.0018328145379200578,-0.09062503278255463,2.4633944034576416,-0.6651746314018965,0.5537805016605885,0.013703924138098957,66.85937500000001,0.030701967887580395,0.18597963452339172,0.18634059466421604,54.695299103515936,54.695299103515936,0.0
-0.5231227278709412,0.09819324314594269,0.18791088461875916,80,0.125,0.016665418981574476,-0.0009512021788395941,-0.0680510550737381,0.9415401220321655,-0.7211218774318695,0.5652933287411409,0.013649456668645144,65.46875,0.014999247854575518,0.1317756623029709,0.15545699372887611,72.40651374170966,72.40651374170966,0.0
0.07432352006435394,0.5196256041526794,0.3729068338871002,88,0.25,0.00836017681285739,-0.0006725395214743912,-0.031022749841213226,5.679286003112793,-0.12914159707725048,0.5729254008108308,0.013539168401621282,52.234375,0.06163389656103391,0.09037216007709503,0.0451262490823865,92.55720193456182,103.47651167503682,0.0
0.19078396260738373,0.012381667271256447,0.5430501699447632,96,0.125,0.009209721931256354,-0.000677641830407083,0.020200807601213455,8.608301162719727,0.37389100156724453,0.5766776251926324,0.01332363742403686,34.39062500000001,0.0031161854349193163,0.05217743664979935,-0.05843037134036422,34.45287157688358,34.45287157688358,0.0
0.201085165143013,0.008905153721570969,0.43170273303985596,104,0.3750000000000001,0.018783097155392173,-0.0009755379287526011,0.02629842609167099,9.228504180908203,0.34903978696092963,0.5795175130635442,0.012945520575158296,33.96875,0.041347199119627476,0.04311147332191467,-0.06460301298648119,93.00511793141686,93.00511793141686,0.0
0.5049484968185425,1.131181001663208,0.26864588260650635,112,0.5,0.039223617408424616,-0.0015389403561130166,0.008270207792520523,8.888469696044922,0.26363286562263966,0.5814988939357709,0.012359854765236378,35.875,0.11129398527555168,0.04177515208721161,-0.01655805518385023,96.83292688359325,96.83292688359325,
0.1485973596572876,1.0761878490447998,0.23704248666763306,120,0.5,0.054552250541746616,-0.0019536020699888468,-0.026183534413576126,5.587629795074463,-0.08263772155623883,0.5829451553979844,0.011553003801964223,43.875,0.08717851736582816,0.046553827822208405,0.050937517080456025,77.84048149854152,77.84048149854152,
-0.3281492590904236,0.03048434481024742,0.28745952248573303,128,0.6249999999999999,0.05444904696196318,-0.0019122636877000332,-0.05959731340408325,2.5647220611572266,-0.3623734265565872,0.5830342085789517,0.010575003805570304,51.875,0.006701841484755278,0.044532660394907,0.11538821645081042,25.794812882696874,25.794812882696874,
-0.035400405526161194,1.5052082538604736,0.3196408748626709,136,0.875,0.0553226419724524,-0.0019191066967323422,-0.06753277778625488,19.586383819580078,-0.023324934300035204,0.5836758725271655,0.00998983031604439,59.875,0.2006800516974181,0.0559798888862133,0.1338886246085167,67.78392986657468,67.78392986657468,
-0.02260410785675049,1.4859741926193237,0.27545541524887085,144,1.0,0.060006915125995874,-0.002082603517919779,-0.08549746870994568,7.169793128967285,-0.3300767997279763,0.5849265306854244,0.009234218974597752,67.875,0.032034279545769095,0.05382375791668892,0.17043380811810496,95.05229203611088,95.05229203611088,
-0.6436817646026611,1.6892976760864258,0.20668688416481018,152,0.625,0.06086271163076162,-0.002052502240985632,-0.09228447079658508,28.279756546020508,-0.11378116346895695,0.5866631578086443,0.009104413795284927,75.875,0.288021148648113,0.07545280456542969,0.18345708772540092,40.66475615232275,40.66475615232275,
-0.6662979125976562,1.3081730604171753,0.13333161175251007,160,0.625,0.05398233234882355,-0.0018113100668415427,-0.12585404515266418,16.303630828857422,-0.5563727498520166,0.5895858109597069,0.008340570493601263,83.875,0.0834118272177875,0.0877237394452095,0.24431470409035683,107.24455150446374,123.54860771598032,0.0
-0.2323947548866272,1.2638285160064697,0.08301371335983276,168,0.7499999999999999,0.05326369218528271,-0.0014710985124111176,-0.13867884874343872,16.001567840576172,-0.3875970193184912,0.5927223860067522,0.007388855854514986,81.8125,0.15091943368315697,0.09276457130908966,0.28473831340670586,39.26026985570388,39.26026985570388,
-0.14006894826889038,0.46001648902893066,0.07535409927368164,176,0.7499999999999999,0.03793563973158597,-0.0013031733687967062,-0.13253900408744812,9.779908180236816,-0.3957813335582614,0.5963713032794578,0.006461534590926021,83.09374999999997,0.042627238435670727,0.0905679389834404,0.2727854400873184,61.98258189755143,61.98258189755143,0.0
-0.31298625469207764,0.5695082545280457,0.07636689394712448,184,0.75,0.0444356445223093,-0.0015465975739061832,-0.08518868684768677,4.686429023742676,-0.40734924189746374,0.5998287861712794,0.005883023492060603,80.03125,0.012090480886399742,0.08609817177057266,0.1994384229183197,79.69690580360111,79.69690580360111,0.0
0.00794520229101181,0.5416969656944275,0.06112439185380936,192,0.625,0.037350965198129416,-0.0012784915743395686,-0.036226820200681686,9.317597389221191,-0.10776698793051764,0.6032237868447784,0.005484876688569784,83.8125,0.023904844420030713,0.0916561558842659,0.10949505679309367,65.08649237295322,65.08649237295322,
0.016532137989997864,0.0007977597997523844,0.04995226114988327,200,0.875,0.029913319274783134,-0.001101764035411179,-8.584186434745789e-05,3.8004326820373535,0.0009288207875215447,0.6064596011958983,0.0052642872324213386,91.8125,0.03962497143220389,0.09417074918746948,0.00858153763692826,74.80617088083272,74.80617088083272,
0.02879892848432064,0.09138999879360199,0.03675420209765434,208,0.875,0.023507206002250314,-0.0008917280356399715,0.010243605822324753,5.057238578796387,-0.07451737532392144,0.6099512734278332,0.005335290916264057,99.8125,0.055690195804345415,0.08144927024841309,0.034055671421810985,29.30312394696739,29.30312394696739,
-0.09703905880451202,0.07310709357261658,0.024753835052251816,216,0.75,0.016267442144453526,-0.0006834914092905819,-0.00017755106091499329,1.041176199913025,-0.09702265859232286,0.6130359588221002,0.0054026682046242076,107.8125,-0.0010275931599608157,0.07558571547269821,0.02130842668702826,24.282377732037276,24.282377732037276,
-0.08873400092124939,0.1379069983959198,0.010462351143360138,224,0.875,0.010446307715028524,-0.0004246800672262907,0.013989388942718506,3.179049253463745,-0.08485455357003957,0.6162680317082242,0.005335445632226766,115.8125,0.03351811518223258,0.07167105376720428,0.03483470738865435,28.651243593545132,28.651243593545132,0.0
-0.06204608827829361,1.1749974489212036,0.2488853931427002,232,0.625,0.016304247139487416,-0.00042589823715388775,0.016550187021493912,7.897320747375488,-0.16973583912476897,0.61858081100213,0.005045358499046415,93.96093750000001,-0.0908312053361442,0.05451429262757301,0.22176572773605585,27.77497139604384,27.77497139604384,0.0
-0.13928180932998657,1.570292592048645,0.2902870178222656,240,1.0,0.017497542779892683,-0.0008341583888977766,-0.18448424339294434,18.45683479309082,-0.19960508245276287,0.618827756791031,0.004751886765006929,51.65625,0.021074122691061344,0.043834999203681946,0.34457789734005934,89.05188267785252,169.61187480900662,0.0
0.011571795679628849,0.765612781047821,0.16944333910942078,248,1.0,0.011540706967934966,-0.00039999111322686076,0.010661497712135315,35.1995964050293,0.005486098816618323,0.6177492808107414,0.004553145787212998,23.8359375,0.2184583704220131,0.055688489228487015,0.2072677928954363,98.35349682165088,252.37931461301014,0.0
0.06180906295776367,1.1474405527114868,0.08370622992515564,256,0.875,0.010846990975551307,-0.00040600314969196916,-0.05880238860845566,18.701364517211914,-0.02235024096444249,0.6181341181337839,0.004348415124695748,30.75,0.11489922445616686,0.06329669803380966,0.16692678071558475,111.15834625864227,280.5429804990672,
-0.16224275529384613,0.8151695132255554,0.00956255104392767,264,0.75,0.009175141167361291,-0.00035252238740213215,-0.10002155601978302,11.159933090209961,-0.28403877280652523,0.6193110388775002,0.004120151570532471,38.75,0.008508581842761485,0.07018221169710159,0.23626092448830605,110.9301293575736,143.03934452955718,
-0.12578658759593964,0.06942981481552124,0.015615558251738548,272,1.0,0.009741349960677324,-0.000429448758950457,-0.07195502519607544,6.705460548400879,-0.15181476762518287,0.6207911540093952,0.0038446610851678997,46.75,0.06100073993729893,0.07023008167743683,0.15571478568017483,92.61055864334594,125.56570711113636,
-0.004549617879092693,0.5201249122619629,0.023547019809484482,280,0.875,0.015117768081836404,-0.0005297865718603134,-0.02389492653310299,9.989479064941406,0.006488280574558302,0.6225836049360581,0.0035897897905670106,54.75,0.07160398854466621,0.07162699103355408,0.12052052235230802,57.95502328473958,57.95502328473958,
-0.18524576723575592,0.40870314836502075,0.04300299659371376,288,0.875,0.021527379052713513,-0.0007481428328901529,-0.007034864276647568,5.694298267364502,-0.03263939940370619,0.6243636243657549,0.0033946632174775004,56.1328125,0.05267993069719523,0.0718037411570549,0.07375471945852041,61.382998575809324,61.382998575809324,0.0
-0.12888815999031067,0.38409703969955444,0.05264514684677124,296,1.0,0.02685432438738644,-0.0008245836943387985,-0.017817167565226555,7.428887367248535,-0.09716595255304128,0.6260013811708973,0.0032299683080054815,51.59375,0.03255082230316475,0.07253105938434601,0.19065352529287338,28.030845289226818,28.030845289226818,0.0
0.07724962383508682,1.3010860681533813,0.05014437809586525,304,0.875,0.023268515476956964,-0.0007838804158382118,-0.038328178226947784,6.988169193267822,-0.03676154732238502,0.6277519169216346,0.003059004055103287,56.875,0.003935699292924255,0.06896519660949707,0.15654667560011146,33.725540396151246,33.725540396151246,
-0.06740452349185944,0.017548872157931328,0.031068813055753708,312,1.0,0.020139649510383606,-0.0006025959155522287,-0.0412367507815361,3.7848803997039795,-0.1686074493918568,0.6291479952995072,0.002998955373186618,64.875,0.022896964801475406,0.06814137101173401,0.13035860564559698,46.809673056630345,46.809673056630345,
-0.011033211834728718,0.0006004676688462496,0.018450399860739708,320,1.0,0.014594661886803806,-0.00043850409565493464,-0.005963187664747238,0.9931455850601196,-0.05196830921340734,0.6310354049135802,0.0028663808479905124,72.875,-0.00277166305022547,0.0676313117146492,0.02701873885234818,52.46637270584506,52.46637270584506,
0.08198371529579163,0.011081437580287457,0.012075481936335564,328,0.875,0.008650384261272848,-0.0003507896326482296,0.036522965878248215,1.6351757049560547,0.0760164347011596,0.6326071862135392,0.002826048003043979,80.875,0.016226626525167376,0.06554292142391205,-0.0695557352155447,27.874693331427807,27.874693331427807,
-0.10435617715120316,0.20182926952838898,0.03678005188703537,336,0.875,0.00863012479385361,-0.00031761309946887195,0.03414100408554077,2.129974603652954,-0.06831390189472586,0.6339215402632837,0.0029215338872745633,86.34375,-0.029002226463489933,0.058395858854055405,-0.013539370382204659,55.99785004840669,55.99785004840669,0.0
-0.12446858733892441,0.31906360387802124,0.07740431278944016,344,0.75,0.013001797953620555,-0.0004141475073993206,0.023501839488744736,5.161403656005859,-0.09426055755466221,0.6352364471361561,0.0028921204211656004,81.265625,-0.010327297146432102,0.055833928287029266,0.11287469090893865,24.09925492443199,24.09925492443199,0.0
-0.40827715396881104,3.238342761993408,0.17497457563877106,352,0.875,0.016543313744477928,-0.0007839151076041162,0.12650370597839355,16.147356033325195,-0.030623433587606996,0.6356459498778954,0.002782552794087678,49.2890625,-0.004553517821477733,0.06019718199968338,0.3277908656746149,30.418366258380956,30.418366258380956,0.0
-0.1728554368019104,0.5065560340881348,0.04460008069872856,360,1.0,0.01284638571087271,-0.00032500113593414426,-0.03004976361989975,11.263182640075684,-0.2856893749558367,0.6356261325910938,0.002640872640768066,26.9765625,-0.023189788800664246,0.06735040992498398,0.4662183839827776,97.41294169207504,101.01277846356788,0.0
-0.11718431115150452,0.034949880093336105,0.0010248793987557292,368,1.0,0.0034375823161099106,-0.0001143130793934688,-0.06353964656591415,7.556797504425049,-0.11672655958682299,0.6362202023336913,0.0025450317189097404,28.5625,0.08571787778600992,0.07421425729990005,0.21602397970855236,77.01494773132617,99.68593228535065,
-0.08589097857475281,0.04796063154935837,0.0010037538595497608,376,1.0,0.0011730800324585289,-0.0001097789136110805,-0.07430005073547363,0.881784200668335,-0.21902169659733772,0.6369581370165561,0.0024629585095681254,36.5625,-0.00032472528619109653,0.07784882932901382,0.14801108092069626,48.92894582035842,48.92894582035842,
-0.006690221838653088,0.023600898683071136,0.0008434271439909935,384,1.0,0.0010521450312808156,-9.878761193249375e-05,-0.053126510232686996,1.4685689210891724,-0.07081176183419302,0.637470420850401,0.0023071045870892704,44.5625,-0.0002095090148941381,0.07854823023080826,0.1078113866969943,86.9311386208874,100.01944100969104,
0.57161545753479,1.4193787574768066,0.026445265859365463,392,0.7499999999999999,0.002476608999131713,-0.0001495418109698221,-0.020226653665304184,5.23098611831665,0.05932752916123718,0.6380574355279924,0.002272343583172187,50.03125,-0.00671518229682988,0.07649284601211548,0.08148936415091156,68.03280354514118,68.03280354514118,0.0
-0.0005292192217893898,0.20673181116580963,0.0014023096300661564,400,1.0,0.002888844450353645,-0.00010839120659511536,0.0019054561853408813,2.6899430751800537,-0.01929535904491786,0.6385389725843664,0.002261782210553065,53.8125,-0.008716081276361365,0.07724608480930328,0.0867927297949791,23.065466169015963,23.065466169015963,
0.057056352496147156,0.24287861585617065,0.09735618531703949,408,0.75,0.0026661298179533333,-0.00017056088836397976,0.012147530913352966,3.5112266540527344,0.02293367637321353,0.6388751186717447,0.002384241612162441,54.7734375,0.0012295922679186333,0.06956015527248383,0.028792327269911766,40.876023606653234,40.876023606653234,0.0
-0.00077422009781003,0.06715291738510132,0.0017535804072394967,416,0.625,0.0033102152083301917,-0.00012069930380675942,0.006898887455463409,2.9036126136779785,-0.004966388627508422,0.6388778936392544,0.0024872694339137524,55.5,0.009155695508525241,0.07111432403326035,0.09575736289843917,40.4486134903741,40.4486134903741,
-0.291108638048172,0.5694296360015869,0.0007024489459581673,424,0.875,0.0012540919778984971,-0.00010458557517267764,-0.004507329314947128,3.45039701461792,-0.006103871302912022,0.6393447329802937,0.0026411770086269826,63.5,-0.00011816836126854469,0.06548292934894562,0.013895449403207747,19.453302793198873,19.453302793198873,
-0.013844973407685757,0.0026166161987930536,0.0007649947656318545,432,0.7499999999999999,0.0017681109966360964,-0.00010853453568415716,-0.01643107831478119,2.5512707233428955,0.00013342476449906718,0.6400396520243207,0.0027778674266301095,71.5,0.0014839615605524157,0.06097983196377754,0.043722059577703476,8.324285683736207,8.324285683736207,
-0.03323644772171974,0.002880688291043043,0.0008021972025744617,440,0.5,0.000988478735962417,-0.00011783369700424373,-0.017941316589713097,1.1125291585922241,-0.12246449897065759,0.6404501021495339,0.003024155244929716,79.5,-9.226234578818548e-05,0.05908004567027092,0.034570612479001284,14.742188085720159,14.742188085720159,
-0.010085751302540302,0.0006501085590571165,0.0007865685038268566,448,0.875,0.0009929039879352786,-0.0001253460650332272,-0.007328685373067856,1.7533682584762573,-0.018944148090668023,0.640963571880553,0.0032537093211431056,87.5,-0.0003996425557488692,0.053757961839437485,0.012249581050127745,31.092397802928645,31.092397802928645,
0.009645768441259861,0.0003804332227446139,0.0009504769695922732,456,1.0,0.0010270689090248197,-0.00013811729149892926,0.0021802708506584167,2.4816641807556152,-0.06656146868772339,0.6413202377480776,0.003451467724516988,95.5,-2.874553348419795e-05,0.05444372445344925,-0.004770556173752993,4.483837003717554,4.483837003717554,
0.13643339276313782,1.768355131149292,0.05186948552727699,464,0.5,0.004995568786398508,-0.00042964337626472116,0.012553319334983826,7.358121871948242,-0.11414113268256187,0.6417379288665174,0.003490112430881709,99.6875,-0.0025967270503315376,0.051228586584329605,0.02321863849647343,6.746357828816372,6.746357828816372,0.0
-0.20515143871307373,0.711772620677948,0.12042970955371857,472,0.7499999999999999,0.007934043649584055,-0.00042162585305050015,0.01719418540596962,8.692617416381836,0.01211187755689025,0.6422243438531595,0.0034447575744707137,98.953125,0.003831681882729752,0.055222999304533005,0.06675332551822066,11.095439473845545,11.095439473845545,0.0
-0.019434422254562378,1.7180441617965698,0.0924978256225586,480,0.5,0.015955919749103487,-0.0006699655787087977,0.014612536877393723,13.938053131103516,-0.008509680628776543,0.6420984350214662,0.0033299982897005975,64.3359375,-0.005200861545745283,0.06109008193016052,0.21932600066065788,39.27070116698633,39.27070116698633,0.0
-0.14290225505828857,0.8577213287353516,0.11564721167087555,488,0.875,0.01752045634202659,-0.0004123918479308486,0.003780510276556015,17.46237564086914,-0.09102835133671759,0.6420517778273184,0.003184013708960265,51.00781249999999,-0.003047084901481866,0.06138021871447563,0.3469071127474308,78.18851652282456,78.18851652282456,0.0
0.05405927821993828,1.6198844909667969,0.055571023374795914,496,0.6249999999999999,0.014307767269201577,-0.0005167065537534654,-0.02247781679034233,11.95839786529541,-0.18297102255746722,0.6418536896051054,0.003014342393726111,33.59375,-0.14670086582191288,0.05895744636654854,0.2823701277375221,75.61513570455782,121.10178953992158,0.0
0.396941602230072,2.3926424980163574,0.04593581333756447,504,0.875,0.00985571596538648,-0.0004645785957109183,-0.056705720722675323,22.351648330688477,0.17651769099757075,0.6417439889054013,0.0027385008288547397,37.1875,0.05343076188000851,0.06637275218963623,0.24939904920756817,76.4917090333513,81.87929140520282,
0.018652617931365967,0.8094832897186279,0.005877800285816193,512,0.625,0.006535723863635212,-0.00016956387844402343,-0.10900595784187317,3.481454849243164,-0.3104914948344231,0.6424290149654962,0.0025532996805850416,45.1875,-0.03519379015779123,0.06469069421291351,0.2761470153927803,84.43365250697025,188.75889008754893,
-0.19439826905727386,0.09698802977800369,0.000945707899518311,520,0.75,0.002167831495171413,-0.00010736902186181396,-0.10591444373130798,2.1615912914276123,-0.2581870211288333,0.643231645251511,0.0024401256814599037,53.1875,0.0014527261246257694,0.06741282343864441,0.21532748639583588,93.41593408234439,117.70418343088568,
-0.23273099958896637,0.44440585374832153,0.03263799846172333,528,0.875,0.002919224134529941,-0.00030506696202792227,-0.07299309223890305,2.1515183448791504,-0.26489924546331167,0.6437947512159159,0.002349462447455153,55.953125,-0.003394397466763621,0.06675298511981964,0.17228503338992596,89.66673528776028,119.39641995622333,0.0
-0.08508395403623581,0.0109651368111372,0.0008857384091243148,536,0.875,0.0021715286493417803,-0.00010556034976616502,-0.03457500785589218,7.08817195892334,-0.030049248307477683,0.6446292651168073,0.002311026561073959,60.8125,0.0035499519890436204,0.07266219705343246,0.08931124024093151,85.61399521880958,105.9145785405708,
-0.4362337589263916,0.2598246932029724,0.021972892805933952,544,1.0,0.0013862079140380956,-0.00018998213636223227,-0.004995469003915787,0.5196132659912109,-0.050521090801339597,0.6453617541551959,0.0022742466826457526,66.609375,-0.009200673274335713,0.07107521593570709,0.020890886313281953,55.43659711350119,55.43659711350119,0.0
0.10495521873235703,0.8838962912559509,0.0007336012786254287,552,0.875,0.0025875380233628675,-9.434055391466245e-05,0.014081858098506927,13.471352577209473,0.11691756639629602,0.6458110422795963,0.002242102404125035,59.4375,0.008660021530886299,0.07444097846746445,0.02595372870564461,13.941592671597334,13.941592671597334,
0.012420903891324997,0.0021526305936276913,0.0007519464707002044,560,0.875,0.001640743197640404,-9.417136607225984e-05,0.015689220279455185,2.4203853607177734,0.014108388917520642,0.6465048736150606,0.0022028759703971454,67.4375,0.0008259773198915356,0.07511889189481735,-0.006357726058922708,77.62552957714854,131.22029796104744,
0.0066435388289391994,0.0008182413876056671,0.0006383762811310589,568,1.0,0.0007837493976694532,-8.730997069505975e-05,0.008963171392679214,0.756882905960083,0.015813533507753164,0.6473386660014355,0.0021521218004636467,75.4375,2.5088982056331588e-05,0.07542959600687027,-0.018747003516182303,29.17004916605265,29.17004916605265,
-0.2471340447664261,0.26665350794792175,0.0005807317793369293,576,1.0,0.0007351371896220371,-8.418637298746035e-05,0.0012215934693813324,0.6178126931190491,-0.043600175478786696,0.647902356864957,0.0020810197456739847,83.4375,0.00020013483481307048,0.07574629783630371,-0.0033284819219261412,11.587129565035411,11.587129565035411,0.0
0.0739559754729271,0.7707708477973938,0.06618687510490417,584,1.0,0.0014221571400412358,-8.120773418340832e-05,-0.004644516855478287,4.748983860015869,0.027640930959023535,0.6484758593242888,0.0019817156571662053,83.2890625,0.001702546765955049,0.07582049071788788,0.052495278185233474,5.226478426374342,5.226478426374342,0.0
0.054990533739328384,1.2084619998931885,0.22150269150733948,592,1.0,0.003131719582597725,-0.0001354352425551042,-0.015177998691797256,6.468412399291992,-0.05378233666124288,0.6487686087097059,0.001891934356535785,68.9140625,-0.001804403273126809,0.0681779533624649,0.17045628186315295,59.54419410389892,59.54419410389892,0.0
-0.056762561202049255,0.5170232653617859,0.11191987991333008,600,1.0,0.004306206450564787,-0.00011557932884898037,-0.029089465737342834,11.813982963562012,-0.06447807303629814,0.648750436283595,0.0018110167002305388,40.8828125,0.03577685081472737,0.08013717085123062,0.39643779397010803,27.19958078392665,27.19958078392665,0.0
0.15208251774311066,4.873834609985352,0.0008584352908656001,608,1.0,0.0032211124489549547,-8.381884981645271e-05,-0.047990407794713974,21.881446838378906,0.10491743497550488,0.6487123782532872,0.001743492917739786,24.3984375,0.01800306468794588,0.08128191530704498,0.36917625553905964,85.24270977225933,85.79334135329373,0.0
-0.06863321363925934,0.09109459072351456,0.0010150076122954488,616,1.0,0.0016001061303541064,-8.714955765753984e-05,-0.10245024412870407,10.195867538452148,-0.10166099551133813,0.6490600369792486,0.0016985868714982644,30.625,-0.0006621813918172847,0.07270240038633347,0.3173315208405256,91.83368491829606,91.83368491829606,
-0.09558983147144318,0.1636761724948883,0.001237785560078919,624,1.0,0.0015152193082030863,-9.214237070409581e-05,-0.13251414895057678,2.968277931213379,-0.19271027483046055,0.6496012270523596,0.0016725783207220957,38.625,-0.010615783408866264,0.07189766317605972,0.2652330510318279,83.71867577988087,85.98495378742155,
-0.11269992589950562,0.16039010882377625,0.0026531806215643883,632,0.875,0.0032805727678351104,-0.0001277521951124072,-0.09669529646635056,2.8856682777404785,-0.21986271906644106,0.650210188540074,0.0016446357767563313,42.5625,-0.009209965021000244,0.06870432198047638,0.26996553875505924,103.0859974686391,178.9678232644792,0.0
-0.06856327503919601,0.033108681440353394,0.003677989821881056,640,1.0,0.0036288791161496192,-0.00015447783516719937,-0.062488771975040436,4.007902145385742,-0.1355167170986533,0.6507654077913607,0.0016269574116449803,48.125,-0.009788673378352543,0.0677107647061348,0.1716580679640174,97.76733664136145,120.83494645971587,
0.11292202770709991,0.3522243797779083,0.06277585029602051,648,0.875,0.005501377221662552,-0.0003024471225216985,-0.030450772494077682,1.3596678972244263,-0.04337848673458211,0.6513841134323075,0.0016186633583856747,53.6953125,0.017455825694923988,0.06337573379278183,0.07640772499144076,52.302884471822836,52.302884471822836,0.0
0.025296242907643318,0.5594907402992249,0.009017560631036758,656,1.0,0.008245103352237493,-0.0002695044095162302,-0.016763674095273018,2.5439562797546387,-0.026435076491907242,0.6516454830727185,0.001575258153025061,51.1875,-0.006756668990419711,0.06952131539583206,0.16159722744487226,22.76898231598534,22.76898231598534,
0.0023285788483917713,0.0007246383465826511,0.010965794324874878,664,1.0,0.008232344524003565,-0.00030551900272257626,0.0023604854941368103,5.758322715759277,0.019963044294854623,0.6521291376278009,0.0015697873459430411,59.1875,0.0006734715581160342,0.06245197728276253,0.022881361364852637,12.368372146497677,12.368372146497677,
0.006846418604254723,0.001092636026442051,0.01206819899380207,672,1.0,0.008906800183467567,-0.0003330001200083643,0.005020949989557266,0.7468937039375305,0.015237700601574032,0.6526137880390384,0.0015521269087912517,67.1875,0.002835934468748746,0.060549892485141754,-0.02173641510307789,30.892446708598982,30.892446708598982,
0.013562042266130447,0.003082092385739088,0.009597864001989365,680,1.0,0.008077313483227044,-0.00028616865165531635,0.018769145011901855,0.7579056620597839,0.020000200020149354,0.6531681002302285,0.001533028917037882,75.1875,0.0013730614809901454,0.05814538896083832,-0.0273308593314141,14.907444648958517,14.907444648958517,
0.054565779864788055,0.10151192545890808,0.028377875685691833,688,0.875,0.009121851879172027,-0.0003876523405779153,0.002960480749607086,1.5242383480072021,-0.01952392426755978,0.6535916936604796,0.001516748307039961,79.0078125,-0.022459198258729884,0.05468004196882248,0.04952964163385332,17.921971860827398,17.921971860827398,0.0
0.048781976103782654,2.253396511077881,0.030845675617456436,696,1.0,0.009381726325955242,-0.0003272338362876326,0.0013991408050060272,10.77963638305664,0.0060380550130503235,0.6537733891171622,0.0014671136596007273,64.265625,0.014448273403104395,0.06144203245639801,0.22553315293043852,26.842244324623607,26.842244324623607,0.0
0.04009564220905304,1.9074859619140625,0.08825244754552841,704,1.0,0.012560575269162655,-0.00034576383768580854,-0.023998569697141647,16.073244094848633,0.045697316527366645,0.6536257939389903,0.0014197955606505275,36.39062500000001,-0.002806881908327342,0.06188119947910309,0.45710329711437225,78.38457224615468,86.95044753291313,0.0
-0.15769457817077637,0.28279340267181396,0.01479666493833065,712,1.0,0.011303993116598576,-0.0003023194440174848,-0.0759650319814682,14.83232593536377,-0.1304890599567443,0.6533776146355689,0.0014214463153621182,22.6875,-0.002862777706468478,0.061146266758441925,0.46163467690348625,66.59458547904796,66.59458547904796,
-0.0833367183804512,0.13579061627388,0.01094537228345871,720,1.0,0.006448577158153057,-0.00028139803907833993,-0.1291368156671524,10.679466247558594,-0.224755447357893,0.6537215737043051,0.0014573385415133089,30.6875,-0.04757001124380622,0.05371135473251343,0.34015750512480736,55.13452582391983,55.13452582391983,
-0.06921976059675217,0.09161044657230377,0.010024551302194595,728,0.75,0.005921654257690533,-0.0002479709801264107,-0.10594391822814941,3.3156564235687256,-0.3351318622007966,0.654144383465773,0.0014621969312429426,38.6875,-0.012923016911372544,0.05421438440680504,0.26465831883251667,84.14780650774719,141.75059570856502,
0.040061887353658676,0.1422782689332962,0.020704399794340134,736,0.875,0.00512735138181597,-0.00023211471852846444,-0.04610924422740936,0.9891554117202759,-0.06578684551641345,0.6544652861815907,0.0014707967202411965,43.40625,-0.023330773816269357,0.05391727387905121,0.12387712672352791,84.74379590543504,181.17857568002728,0.0
0.023773193359375,0.005840986501425505,0.002777485642582178,744,1.0,0.004713669448392467,-0.0001422377536073327,0.009761903434991837,5.229856491088867,3.9778882637620406e-05,0.6548313524048219,0.0014471604954451323,48.125,-0.00826351575233275,0.05508565902709961,0.026393842650577426,61.74359818219682,61.74359818219682,
-0.10251297801733017,0.4567839503288269,0.03729996830224991,752,0.875,0.004513720283284783,-0.00029333800193853676,0.030456431210041046,2.9891297817230225,0.08683708216995,0.6552148393088095,0.0014744080690434207,51.32031249999999,0.0028753515834978316,0.054860226809978485,-0.03194440435618162,40.31466955016981,40.31466955016981,0.0
0.032216086983680725,0.5515257716178894,0.0023743161000311375,760,1.0,0.0046139022160787135,-0.00013366305211093277,-0.002085689455270767,6.965394496917725,0.029943129557068463,0.6552930719977604,0.0014541556447511539,51.3125,0.008024563070648581,0.058922890573740005,0.0804760417668149,52.49147080923012,52.49147080923012,
-0.04925152659416199,0.06062786281108856,0.003503154031932354,768,1.0,0.003422977344598621,-0.0001521632948424667,-0.07837148755788803,2.5298032760620117,-0.14636831637471914,0.6555873196212473,0.0014772736030863598,59.3125,-0.014296700021077413,0.0561375729739666,0.1724145207554102,77.56225890665974,77.56225890665974,
-0.030466455966234207,0.016985874623060226,0.0011350908316671848,776,1.0,0.0016448138048872352,-9.088246588362381e-05,-0.042599886655807495,0.5688435435295105,-0.07547825621441008,0.6559880447556915,0.001505097810877487,67.3125,3.698165528476241e-05,0.05637756735086441,0.0942993126809597,88.19627456343505,135.4797074337157,
-0.0009690984152257442,0.0001414068101439625,0.000485752010717988,784,1.0,0.0011608146305661649,-6.660070357611403e-05,-0.0023944415152072906,0.5913878083229065,-0.0403663877514191,0.6563809144618703,0.001520229605375789,75.3125,6.251288368730463e-06,0.05581669881939888,0.015301719715353105,74.09579007074535,74.09579007074535,0.0
0.09948713332414627,0.3475360870361328,0.10148113965988159,792,1.0,0.0024988771401694976,-0.00021247730182949454,0.03488672152161598,4.718286991119385,0.034736227011308074,0.6565856176779709,0.0015214110462693498,74.6015625,0.014531767928929185,0.053713660687208176,0.013324432075023651,12.44583548841365,12.44583548841365,0.0
0.06747039407491684,0.47934743762016296,0.08955465257167816,800,1.0,0.006529255129862577,-0.00017965784354601055,0.0433594211935997,12.298539161682129,0.04853114020079374,0.6567102943586907,0.0014863500109640881,64.0625,0.012210252811200917,0.05703166127204895,0.16596385091543198,79.13874775379554,79.13874775379554,0.0
-0.17856839299201965,1.5345053672790527,0.07700811326503754,808,0.875,0.00965522215119563,-0.00044763644109480083,0.026158206164836884,20.42678451538086,0.13205209048464894,0.6565728284846487,0.0014607601478928698,35.6328125,-0.0618421558465343,0.05880704149603844,0.3923749290406704,79.72193405209555,123.49205328430526,0.0
-0.12506553530693054,1.3743891716003418,0.0034134755842387676,816,1.0,0.006207068348885514,-0.00010981358354911208,0.005054362118244171,14.586026191711426,0.0026496783830225468,0.6562574921870259,0.00147317249502521,23.375,-0.06412859988267883,0.06386958807706833,0.32572280801832676,77.50669860502876,164.0426051507493,
-0.0206987876445055,0.00912193302065134,0.003447122871875763,824,1.0,0.0025122846200247295,-0.00010957787890220061,-0.029875168576836586,11.040315628051758,-0.020050259074196216,0.656355654538231,0.0015220433997455984,31.375,-0.011466126992672798,0.05530242249369621,0.15989566734060645,65.09629335428326,65.09629335428326,
-0.1883544921875,0.21026751399040222,0.00046973908320069313,832,1.0,0.0010114088581758551,-6.529043457703665e-05,-0.05936311185359955,0.8411430716514587,-0.15410266444087029,0.6566719236561553,0.0015532962715951726,39.375,-0.00025183012530760607,0.057349856942892075,0.1350045958533883,44.59015012670989,44.59015012670989,
-0.13796105980873108,0.39778050780296326,0.009403698146343231,840,0.875,0.002414636364846956,-0.00017752792336978018,-0.06466548144817352,1.2900800704956055,-0.11139657534658907,0.6570450401594595,0.0015573591517750174,43.35156250000001,-0.045102078425315995,0.05667725205421448,0.1733857607468963,85.09632349529784,85.38414859364366,0.0
0.05610323324799538,1.126685619354248,0.0005307727842591703,848,1.0,0.0011456352367531508,-6.722415128024295e-05,-0.03288364037871361,3.196197271347046,-0.08613051386782898,0.6573674401809382,0.0015551035176031291,48.9375,-0.010995696791724185,0.059669122099876404,0.10986593132838607,85.80983776055837,85.80983776055837,
-0.1330636590719223,0.36978083848953247,0.02260259911417961,856,1.0,0.003910672392521519,-0.00016945925017353147,-0.008447829633951187,2.3885552883148193,-0.10216973628848791,0.657631118215074,0.0015569737297482789,48.984375,-0.006250051388633439,0.05692485347390175,0.13211637688800693,21.263028164746174,21.263028164746174,0.0
0.008382533676922321,0.01855214685201645,0.0036230050027370453,864,1.0,0.0016227315718424504,-0.00011439784429967403,0.01037609949707985,5.3474907875061035,-0.004486937308683987,0.657724892099232,0.0015385534934466705,52.1875,0.00023083428732206812,0.06017620116472244,0.07379525294527411,24.806943895220456,24.806943895220456,
0.008894619531929493,0.0019388159271329641,0.0006180597119964659,872,1.0,0.001047935162205249,-6.928997754584998e-05,0.014842741191387177,2.6281626224517822,0.037174064200371504,0.6579822662473657,0.0015495396364713088,60.1875,0.0019075460349995412,0.06210591644048691,-0.022502570180222392,38.30504909962838,38.30504909962838,
0.01550348475575447,0.0016842718468979,0.0007828971138224006,880,1.0,0.0008936747253756039,-7.492437725886703e-05,0.013472992926836014,0.6681289672851562,0.016800432582385838,0.6582234853358625,0.0015604578220518306,68.1875,0.0008553393881811644,0.060189586132764816,-0.026124679949134588,28.70413683867355,28.70413683867355,
-0.03128558024764061,0.1748887151479721,0.0182761512696743,888,0.875,0.001564378762850538,-0.0001593386841705069,0.008798383176326752,1.1050859689712524,0.015990212588803843,0.6583516588522089,0.0015598150494042784,73.8203125,-0.003421628257683551,0.05718405172228813,0.0018938961438834685,14.068466588815681,14.068466588815681,0.0
0.066616952419281,1.3958086967468262,0.0848255604505539,896,1.0,0.0033196734148077667,-0.0001638939866097644,0.003016248345375061,5.733317852020264,-0.06415659585036337,0.6584675064011107,0.0015312967298086733,74.6640625,0.0036351629214550485,0.05439745634794235,0.08773009208380245,13.830008355058226,13.830008355058226,0.0
0.11713225394487381,1.5513163805007935,0.17149244248867035,904,1.0,0.003267184627475217,-0.00017205375479534268,-0.0028954818844795227,9.439888000488281,0.03643347229808569,0.6587201370435014,0.0015171123231993988,69.6796875,0.00836592992709484,0.05291004851460457,0.12896362971514463,36.21589123989315,36.21589123989315,0.0
0.07678903639316559,1.0322188138961792,0.07775440812110901,912,1.0,0.010848538193386048,-0.0003232797607779503,-0.013270856812596321,9.777859687805176,-0.008788084611296654,0.6584218516872405,0.0014633561222581193,35.1640625,0.016812628280604258,0.06390569359064102,0.47512124478816986,76.74301105940049,89.49103761206698,0.0
-0.014901364222168922,0.010956495068967342,0.006120375357568264,920,1.0,0.006458922318415716,-0.00016420854080934078,-0.02252453938126564,21.249040603637695,0.04629963426850736,0.6583113553770427,0.0014625477051595226,23.625,-0.05701028677140129,0.05603138357400894,0.3841448575258255,58.065275696360914,58.065275696360914,
-0.017708830535411835,0.0052861846052110195,0.005079837050288916,928,1.0,0.003158886509481818,-0.00015044462634250522,-0.02495432458817959,8.631780624389648,0.008288515033200388,0.6585633950838201,0.0015178925968939438,31.625,-0.000509668430822785,0.05141216516494751,0.09487358015030622,73.26993057989512,168.08390728824088,
-0.15297941863536835,0.2295232117176056,0.004348043818026781,936,1.0,0.0031481770565733314,-0.00016154050535988063,-0.03288228437304497,0.8876464366912842,-0.1111324322409928,0.6588263706711921,0.0015225443785311654,39.625,-0.02835730014703586,0.04982330650091171,0.09453250374644995,15.535258462289676,15.535258462289676,
0.01839926280081272,0.5163401365280151,0.003645707853138447,944,0.875,0.004424872720846906,-0.0001425788941560313,-0.03469282388687134,2.268050193786621,-0.1777747226879001,0.6589930621506827,0.0015028992347652093,42.046875,-0.011467069991340397,0.051892414689064026,0.19210484437644482,43.79035356808663,43.79035356808663,0.0
-0.02472935989499092,0.02130092680454254,0.006525161676108837,952,1.0,0.0033701719075907026,-0.0001787404326023534,-0.035340599715709686,2.39997935295105,-0.1264551063068211,0.6592830275794295,0.0015151946718106044,49.25,-0.010370650958066108,0.04851687699556351,0.11734710074961185,42.35140596566998,42.35140596566998,
-0.2589946389198303,1.041621208190918,0.021985892206430435,960,0.875,0.003910185390850529,-0.00019328967027831823,-0.026969466358423233,3.7028582096099854,-0.10005625311168843,0.6593451581148735,0.0015152714622672647,49.15625,-0.009111118328291923,0.05350430682301521,0.16620177123695612,33.354186095499244,33.354186095499244,0.0
-0.16918325424194336,0.20845988392829895,0.0037242169491946697,968,1.0,0.002211660234024748,-0.00014089266187511384,-0.021298527717590332,4.313687324523926,-0.017586394969839603,0.6595619760662985,0.001512562928837724,52.25,-0.0003911931353286491,0.05110251531004906,0.1048556282185018,44.42312593715587,44.42312593715587,
-0.01391540840268135,0.005036535672843456,0.0015543587505817413,976,1.0,0.0018192666757386178,-9.490464435657486e-05,-0.01672539860010147,0.5047315955162048,-0.09046351606957614,0.6597915470065646,0.0015181665366981179,60.25,-0.011208543556676887,0.05313858762383461,0.07069151662290098,23.099985481641852,23.099985481641852,
-0.02372160367667675,0.001991497352719307,0.0015760178212076426,984,1.0,0.0014626871270593256,-9.632228466216475e-05,-0.014130381867289543,0.3709670901298523,-0.04091905266977847,0.6600623261035509,0.0015351074980571866,68.25,-8.420450694757164e-05,0.053761135786771774,0.027077734237536788,21.22874784664282,21.22874784664282,
-0.14416761696338654,0.28034189343452454,0.02031700871884823,992,1.0,0.0023308070085477084,-0.000153219181811437,-0.002104036509990692,1.6944749355316162,-0.06399581069126725,0.6601844969279995,0.0015232259611366317,73.03125,-0.005213175018525362,0.05324234068393707,0.06348633673042059,10.734597104384648,10.734597104384648,0.0
-0.1249532699584961,0.8129206299781799,0.03996593505144119,1000,1.0,0.0022283715443336405,-0.0002686254447326064,-0.01036955788731575,6.099677085876465,-0.07402450963127194,0.6604056488838156,0.0015060575387906283,73.765625,-0.03200681491080104,0.052518315613269806,0.10428951273206623,28.458380334620415,28.458380334620415,0.0
0.06273606419563293,0.5064561367034912,0.13763631880283356,1008,1.0,0.003548261840478517,-0.00016370245430152863,0.00043369829654693604,8.059171676635742,-0.06021375150885433,0.6604303281298627,0.0014706611691508442,68.84375,0.004945849330397323,0.05464879050850868,0.18429388105869293,70.60579201819291,70.60579201819291,0.0
0.22984245419502258,2.779589891433716,0.12981165945529938,1016,1.0,0.008052949997363612,-0.0002638100122567266,0.002008538693189621,21.458192825317383,0.19375977385789156,0.660145764097743,0.0014214349212124944,35.41406249999999,0.012985951703740284,0.05818277969956398,0.45310715958476067,37.035746159088376,37.035746159088376,0.0
0.083458811044693,1.2211004495620728,0.0005024198908358812,1024,0.875,0.003310726249765139,-6.268999277381226e-05,-0.020597144961357117,19.13797378540039,0.06561635294929147,0.6599938124686355,0.001432163844583556,23.9375,-0.003989766937365857,0.059210631996393204,0.2842697463929654,79.88393825690127,183.2574991441179,
-0.04376532882452011,0.047905098646879196,0.0005344478995539248,1032,1.0,0.0007325097103603185,-6.436334660975263e-05,-0.03916018456220627,3.8894970417022705,-0.04907434116466902,0.6601770403278819,0.0014716360892634839,31.9375,-0.002048986185400281,0.059850748628377914,0.10928985755890608,91.10169156184384,103.66999954560197,
-0.36283478140830994,0.49694740772247314,0.0004800870083272457,1040,0.875,0.0005961809692962562,-6.402174039976671e-05,-0.0712147206068039,0.9949259757995605,-0.09171555936336517,0.6603471317259112,0.0015178819885477424,39.9375,-0.00012847906964452707,0.05868057534098625,0.06319678435102105,27.024672463277057,27.024672463277057,
0.0145025085657835,0.04339846223592758,0.0006655947654508054,1048,0.875,0.0019552375815692353,-6.776894588256255e-05,0.005601497367024422,2.0281004905700684,-0.05754243841511196,0.6604775793378734,0.001505494714365341,42.25,-0.017974977426092664,0.05983894690871239,0.12580180168151855,45.96980334420732,45.96980334420732,0.0
-0.01280142180621624,0.05575467646121979,0.0011956943199038506,1056,1.0,0.0009345477737952024,-8.395641634706408e-05,-0.020456135272979736,2.909090280532837,0.0003390598285477617,0.6607022813114793,0.001505138527136296,49.4375,1.432720409866306e-06,0.05530921742320061,0.019140444637741887,25.50467000493427,25.50467000493427,
0.03421981260180473,0.4523119032382965,0.028096066787838936,1064,1.0,0.0025622007087804377,-0.0001341373281320557,0.035503044724464417,3.2395288944244385,-0.0031933344434946775,0.6607359294925349,0.0014817564660916105,50.078125,0.00777162232043338,0.058211326599121094,0.04923067544586956,13.13955627568248,13.13955627568248,0.0
0.08483173698186874,0.9319229125976562,0.0008403277024626732,1072,1.0,0.0017432999375159852,-7.346455822698772e-05,0.028620701283216476,5.72199821472168,0.0677534977439791,0.6608723983423836,0.0014686959329992533,52.375,0.0045416201978696336,0.05779638886451721,0.03852824901696295,44.443439129111084,44.443439129111084,
0.008258444257080555,0.011765510775148869,0.0008564990712329745,1080,0.875,0.001069563499186188,-7.354439003393054e-05,0.01511118933558464,0.962885856628418,-0.04588623285962967,0.6610646497437525,0.001462836313294247,60.375,-2.0390302211126254e-05,0.056761495769023895,0.01135890546720475,58.36546513173471,58.36546513173471,
0.016149701550602913,0.036203138530254364,0.0014298895839601755,1088,1.0,0.001204223299282603,-8.703259663889185e-05,0.01646793633699417,0.8813201189041138,-0.07387776265386492,0.6612414612344722,0.0014473884220933542,68.375,2.1575239316007362e-05,0.048141323029994965,0.013014608470257372,10.64009894031119,10.64009894031119,
-0.12237190455198288,0.208001509308815,0.0013627629959955812,1096,1.0,0.0020459567895159125,-8.444387640338391e-05,0.010728884488344193,2.048251152038574,-0.05131063988665119,0.6613240535470157,0.0014438793150475247,71.59375,0.0008382937039641546,0.05675486847758293,0.06083786766976119,10.07043902227474,10.07043902227474,0.0
0.012849152088165283,0.2566601634025574,0.032004669308662415,1104,1.0,0.0013592202012659982,-0.0001441000058548525,0.013077538460493088,2.746081829071045,0.01604081119876355,0.6615285683316414,0.0014457568177022042,76.359375,0.0006410922860595747,0.0514744333922863,0.03532029746565968,14.708476985902053,14.708476985902053,0.0
0.019486121833324432,2.007704019546509,0.17387890815734863,1112,1.0,0.0043149923149030656,-0.00019472852000035346,0.006599895656108856,7.451550006866455,-0.037919809110462666,0.6616042230368935,0.0014276694710133597,65.6171875,-0.03373283771361457,0.05308714509010315,0.26096397917717695,25.55293579784211,25.55293579784211,0.0
0.023148171603679657,1.2772741317749023,0.04470225051045418,1120,1.0,0.009808685106690973,-0.00024224401568062603,-0.17153692245483398,19.42030906677246,0.041183068678947166,0.6613245030379054,0.0013944071979494765,27.937499999999996,-0.15454819360456898,0.061480604112148285,0.7826480492949486,32.553880779101746,32.553880779101746,0.0
-0.10884353518486023,1.084337592124939,0.0031832060776650906,1128,1.0,0.003255658259149641,-0.00011632023233687505,-0.13229644298553467,12.814213752746582,-0.1441188813187182,0.6613562344132671,0.001407793941325508,24.6875,-0.02362173250730848,0.051352646201848984,0.48237430304288864,66.96949783974947,334.24982844134684,
0.006862929090857506,0.0010007052915170789,0.0005584234604611993,1136,1.0,0.001032217398460489,-6.329675670713186e-05,9.629875421524048e-06,2.2730562686920166,-0.05351705802604557,0.6614665074227406,0.0014256550784921274,32.6875,-0.00022334706994797665,0.055120036005973816,0.10688826197292656,77.99405923625272,139.213704399157,
0.02388944663107395,0.2819935381412506,0.08038356155157089,1144,0.875,0.0008894835264072753,-6.695237971143797e-05,0.008019279688596725,1.1378519535064697,-0.05788484953336592,0.6616491461128488,0.001405696923029609,39.890625,-0.0018364404895692135,0.053912390023469925,0.020063151401700452,64.51972828989983,64.51972828989983,0.0
0.06461658328771591,0.8427901268005371,0.0006694013136439025,1152,1.0,0.0016796400595922023,-6.674810720141977e-05,0.012370515614748001,3.8943305015563965,-0.047387558297486976,0.6616920038693944,0.0013953822781331837,42.3125,0.0016065740046542487,0.05429380014538765,0.06670164142269641,11.404148268040444,11.404148268040444,
0.02894016169011593,0.0029241880401968956,0.0012836302630603313,1160,1.0,0.0012619530098163523,-8.4921826783102e-05,0.016185086220502853,0.8253158330917358,0.00951262004673481,0.6618874865157277,0.0014104252186371014,50.3125,0.00014743863926014456,0.054387159645557404,-0.02040495607070625,60.61432110228998,60.61432110228998,
-0.04177055135369301,0.231219083070755,0.048298440873622894,1168,1.0,0.0020724935457110405,-0.00021035035024397075,0.01578656956553459,2.028395652770996,-0.030302165658213198,0.6620924393891199,0.0014120200357865542,54.16406249999999,-0.007186652821928874,0.05218164995312691,0.02473468496464193,15.68657693830255,15.68657693830255,0.0
0.09684332460165024,0.5799069404602051,0.0009648913983255625,1176,1.0,0.002257042520795949,-7.615738286403939e-05,0.014770708978176117,3.8522439002990723,-0.05373995439731516,0.6621565223837329,0.0013909590634284539,53.0625,0.010600783070003672,0.0567263700067997,0.07784806843847036,11.400850638156953,11.400850638156953,
0.00930749997496605,0.016847632825374603,0.0014716419391334057,1184,1.0,0.0015663552476326004,-8.946975867729634e-05,0.015052024275064468,4.082528114318848,-0.08458701288327575,0.6622652778241475,0.0014030860911589114,61.0625,0.00032671606322765,0.05151486396789551,0.030678820097818964,72.80341106659398,79.84051233560876,
0.02152392826974392,0.001952311140485108,0.001202294253744185,1192,1.0,0.001454064462450333,-8.32294172141701e-05,0.013169273734092712,0.7506982684135437,-0.045419143745675676,0.6623725227385431,0.0014198624121490866,69.0625,1.1598806167967268e-05,0.05576912686228752,0.004856771789491177,19.112795601264224,19.112795601264224,0.0
0.04798954725265503,0.42348185181617737,0.0017608904745429754,1200,0.875,0.0026006814296124507,-9.908276842907071e-05,0.013180632144212723,2.208958148956299,-0.014455347380135208,0.6624942420286142,0.001421805296558887,70.6875,-0.012430623630280026,0.059285860508680344,0.06875876523554325,3.3448833660668242,3.3448833660668242,
0.005690301768481731,0.02676359936594963,0.02646629512310028,1208,1.0,0.0020207580673741177,-0.00017390430730301887,0.010438330471515656,3.0362548828125,0.02225946116959676,0.6627002364945906,0.0014419621002161875,77.0625,0.0006495725638160367,0.0569322369992733,0.01673840230796486,21.465516699346608,21.465516699346608,0.0
0.06687915325164795,1.4948010444641113,0.05503576248884201,1216,1.0,0.005506595276528969,-0.0002588835486676544,0.005516961216926575,8.309691429138184,0.050984750560019165,0.6626845330850928,0.0014011148014105856,61.77343749999999,-0.0485313497192692,0.06225235015153885,0.30381278321146965,19.066276933259815,19.066276933259815,0.0
-0.11384183913469315,0.5382761359214783,0.02638452686369419,1224,1.0,0.009065229794941843,-0.00019896136655006558,-0.0035286881029605865,18.815414428710938,0.10069614835083485,0.6623428379793975,0.001325559976976365,26.890625,-0.06916487528360447,0.06023487076163292,0.5937097705900669,72.04847758815049,76.48477915342801,0.0
-0.006884032394737005,0.003509599482640624,0.0026800124906003475,1232,1.0,0.003561281511792913,-0.0001200621118186973,-0.011375319212675095,17.971153259277344,0.12758706731256098,0.662290919664082,0.001383407972753048,25.1875,0.003269403827289352,0.056064143776893616,0.183496855199337,66.99757179445123,197.69393693571328,
-0.016123153269290924,0.004509946797043085,0.002005506306886673,1240,1.0,0.002327335358131677,-0.0001045085591613315,-0.021739723160862923,2.2992398738861084,-0.0802870427723974,0.6624400114292195,0.0014063982962397859,33.1875,-9.276323089579819e-05,0.05911247432231903,0.07700329180806875,87.99579853455816,124.06073108482724,
-0.042899444699287415,0.07006547600030899,0.032541222870349884,1248,0.875,0.0026883154932875186,-0.00014728261157870293,-0.02955913171172142,1.0448211431503296,-0.04055900173261762,0.6625696203562437,0.0014195601543178782,38.796875,0.0005412083737610374,0.058058228343725204,0.07943294430151582,21.019701594288335,21.019701594288335,0.0
-0.16929654777050018,0.17540284991264343,0.0019877073355019093,1256,1.0,0.0022573804890271276,-0.00010382517211837694,-0.03551045060157776,1.3494349718093872,-0.08520569355459884,0.6627038551976352,0.0013876854936825112,42.8125,-0.0003691604242703761,0.05846868455410004,0.1136598363518715,26.995119556218924,26.995119556218924,
-0.20235253870487213,0.19076715409755707,0.0018315748311579227,1264,1.0,0.002210954175097868,-9.88076426438056e-05,-0.03476475551724434,1.700147271156311,-0.09368000039830804,0.6628554832107839,0.001395502025843598,50.8125,-0.003049571112569538,0.05760885775089264,0.09447571635246277,29.86795412419451,29.86795412419451,
-0.011455895379185677,0.5749997496604919,0.054678693413734436,1272,1.0,0.002443930716253817,-0.0002325118111912161,-0.0312994085252285,1.9937617778778076,-0.12855851743370297,0.662951127801113,0.0013703268778044733,55.54687500000001,-0.0037742751005680475,0.051563989371061325,0.11436260025948286,29.730941453103696,29.730941453103696,0.0
0.10990884155035019,1.3626651763916016,0.0018631024286150932,1280,0.875,0.0037160029023652896,-9.98720497591421e-05,-0.0273137167096138,4.793339729309082,-0.020287023187847808,0.6628846179755066,0.001357739805825986,53.75,-0.003357794757903321,0.05647717043757439,0.18158832378685474,34.192620391806486,34.192620391806486,
-0.025292985141277313,0.01628802716732025,0.0014902609400451183,1288,1.0,0.0019011319236597044,-8.976904791779816e-05,-0.02296184003353119,0.6016765832901001,-0.07919393526390195,0.6629858341024816,0.0013522462686523795,61.75,-0.018172153419072856,0.05541451647877693,0.09835044899955392,56.22945094524766,56.22945094524766,
-0.011051601730287075,0.07384980469942093,0.04492166265845299,1296,1.0,0.0017042882536770776,-8.907244773581624e-05,-0.01882496476173401,1.3437097072601318,-0.1379333222284913,0.6631175228411105,0.0013368109794100747,68.9453125,-0.0006219070419319905,0.05382717773318291,0.11113546742126346,31.839805231013997,31.839805231013997,0.0
0.059702783823013306,0.5938841700553894,0.0017367523396387696,1304,1.0,0.002064523403532803,-8.797538612270728e-05,-0.011361096054315567,2.6004562377929688,-0.041452962788753205,0.6631501345088142,0.0013381973112700507,71.3125,-0.008322886373207437,0.054083723574876785,0.1206288542598486,46.05297052849028,46.05297052849028,
-0.12470091134309769,0.16648459434509277,0.03362760320305824,1312,1.0,0.0011619994256761856,-9.676532499724999e-05,-0.005874456837773323,1.3226903676986694,-0.07810751348733903,0.6632601930449239,0.0013358043943298978,76.8984375,-0.00017349634799757068,0.05280051752924919,0.07445752073545009,45.49090869844872,45.49090869844872,0.0
0.026851264759898186,0.4577215909957886,0.13477064669132233,1320,1.0,0.004330485971877351,-0.00017738530004862696,0.0011772438883781433,6.481060028076172,0.006332441022095737,0.6632792035213365,0.0012736403587041423,58.26562499999999,-0.03012173279785202,0.055376335978507996,0.3817158006131649,19.106647375298508,19.106647375298508,0.0
-0.006892068311572075,0.7914347052574158,0.023070672526955605,1328,1.0,0.006117532204370946,-0.00018394201470073313,-0.005897577852010727,13.953010559082031,-0.01655533874873072,0.6629943121850523,0.0012502694735303521,24.375,-0.03832740840152837,0.049602001905441284,0.6731906235218048,37.0129462722125,37.0129462722125,0.0
-0.25712719559669495,0.5735176205635071,0.00045012449845671654,1336,1.0,0.0011717650413629599,-5.718561806133948e-05,0.0021184422075748444,7.492205619812012,-0.08997174409159925,0.6629937613755656,0.0012822567368857563,25.9375,1.4135501260170713e-05,0.05369546636939049,0.3146220603957772,68.00098193004305,96.7129110596452,
0.012697268277406693,0.01884310320019722,0.0003156143648084253,1344,1.0,0.0004340626946941484,-5.2213297749403864e-05,0.01729520410299301,2.2682762145996094,-0.09883948680362663,0.6630921002363258,0.0012747756991302595,33.9375,0.0014111453926943796,0.05365787073969841,0.0702496797312051,71.67465585696482,77.88837069137298,
0.015044269151985645,0.038911327719688416,0.0004548337310552597,1352,0.875,0.001423911966412561,-5.312790744937956e-05,0.024394836276769638,1.4812532663345337,0.024078712332993746,0.6632177675954767,0.001250769550097175,37.953125,-1.5662988516851437e-05,0.05262920260429382,0.0036669583059847316,29.10425467162031,29.10425467162031,0.0
-0.03810551017522812,0.043078482151031494,0.00023173759109340608,1360,0.875,0.0004337316713645123,-4.562478352454491e-05,0.023735586553812027,1.9601922035217285,0.008979302598163489,0.6632627661813891,0.001170055693364702,43.5625,0.00013467400845001976,0.0575721375644207,0.014549054903909564,33.83918332771941,33.83918332771941,
0.011373339220881462,0.027649033814668655,0.0002621423336677253,1368,0.875,0.0003593322580854874,-4.3341100536054e-05,0.01809404417872429,0.7577660083770752,0.0014247858198359622,0.6633633862116245,0.0011022410180885345,51.5625,1.5931032805838186e-05,0.055545784533023834,-0.027013309998437762,35.17387116112309,35.17387116112309,
0.018734049052000046,0.19677822291851044,0.07723402976989746,1376,1.0,0.0010304293318768032,-0.0001245462626684457,0.010165654122829437,1.1308188438415527,-0.004051837720908225,0.663471749477854,0.0010619369277264923,56.328125,-0.007903634771878387,0.057922184467315674,0.010833815555088222,13.789165409797079,13.789165409797079,0.0
0.012474763207137585,0.6236461997032166,0.00023968283494468778,1384,1.0,0.001093633949494688,-4.115920455660671e-05,-0.00017247721552848816,3.7429473400115967,-0.019012609584024176,0.6634692489250773,0.0010364048357587308,54.5625,0.017711084241000208,0.0625724047422409,0.1329395652282983,11.831262883628938,11.831262883628938,
-0.003082573413848877,0.00043317253584973514,0.00025664319400675595,1392,1.0,0.00040678213190403767,-4.470481144380756e-05,-0.005339320749044418,4.389530181884766,-0.019966185078374114,0.6635362505662361,0.001115381994168274,62.5625,2.3920321666537347e-05,0.054792486131191254,0.030583007610403,62.18083645535489,62.18083645535489,
-0.006690346635878086,0.012633825652301311,0.00031905301148071885,1400,1.0,0.00044007928590872325,-5.011137545807287e-05,-0.010208001360297203,0.424055278301239,-0.028503929148428142,0.6636236069110276,0.0012760688114212824,70.5625,-1.5200396575210107e-05,0.04862408712506294,0.02462304022628814,16.02048407322536,16.02048407322536,0.0
-0.002796598942950368,0.0015820431290194392,0.00035751634277403355,1408,1.0,0.0023711272842774633,-5.291381967253983e-05,-0.007672030478715897,1.9268101453781128,-0.04041247567511164,0.6636003343280489,0.001303242170251906,72.0,-0.028726329137271023,0.05137348175048828,0.11976347537711263,12.11054919027606,12.11054919027606,
-0.046745773404836655,0.40124380588531494,0.04150514304637909,1416,1.0,0.0015497066742682364,-0.00021263773669488728,-0.006399698555469513,3.3725101947784424,-0.05753130244556816,0.6636359994031327,0.0012822047574445605,75.984375,-0.004706583479674009,0.04460799694061279,0.12471302365884185,56.64160952140253,56.64160952140253,0.0
-0.15225574374198914,1.4163501262664795,0.16638977825641632,1424,1.0,0.007779631501762196,-0.00021658095647580922,-0.0031870752573013306,14.369675636291504,-0.21994878724217415,0.663477876629605,0.001227329732500948,48.03125,-0.03043967339908704,0.04464568942785263,0.5550875850021839,29.860748108791995,29.860748108791995,0.0
0.08644779771566391,1.8540010452270508,0.001334460685029626,1432,1.0,0.004509691338171252,-7.795630517648533e-05,0.019669964909553528,18.066570281982422,-0.022366544260876246,0.6631921306746406,0.0012215845345053822,21.726562499999996,0.0074003445624839514,0.04210834577679634,0.5580136626958847,71.75650344069163,169.41945263579055,0.0
0.002045928966253996,0.001065039774402976,0.0007387549267150462,1440,1.0,0.0011694160348270088,-6.640591891482472e-05,0.002236638218164444,5.082974433898926,-0.0508117477002088,0.6632658796976638,0.0012799488031305373,27.3125,0.00037916822378747383,0.046965304762125015,0.11161640333011749,69.83388859310162,306.0951456017792,
-0.10282520949840546,0.19802959263324738,0.0011354354210197926,1448,1.0,0.0012690529256360605,-7.64814976719208e-05,0.008641719818115234,1.0047953128814697,-0.09297306507869507,0.6633119488697974,0.001278166164411232,35.3125,-9.40541725640287e-05,0.04075763374567032,0.02638338133692741,31.13201756035778,31.13201756035778,
0.008244169875979424,0.019612764939665794,0.0011753039434552193,1456,0.875,0.002168637147406116,-7.815843127900735e-05,0.01495644822716713,1.3444092273712158,-0.02557878964580596,0.6633570734211204,0.0012623451330000535,38.484375,0.001439285075321095,0.05213609337806702,0.06409789202734828,21.596563843824242,21.596563843824242,0.0
0.03676139563322067,0.003928011283278465,0.0017986156744882464,1464,1.0,0.001987570183700882,-9.407213656231761e-05,0.01662050187587738,1.7903071641921997,-0.05364002753049135,0.663409441527165,0.0012393678625812754,44.875,0.0019414974221945158,0.049706026911735535,0.03814399382099509,38.86135393236691,38.86135393236691,
-0.10133077204227448,0.1331758052110672,0.0014126967871561646,1472,1.0,0.00201400084188208,-8.524717850377783e-05,0.020691759884357452,0.8602004051208496,-0.05142653384245932,0.6635254729521429,0.0012223536614328623,52.875,0.0008967906264842895,0.05483169108629227,-0.0057110534980893135,17.94930294864548,17.94930294864548,
-0.15098007023334503,0.5277897119522095,0.012292509898543358,1480,1.0,0.0036027093592565507,-0.00018816287047229707,0.023793067783117294,4.3437418937683105,-0.03937534074066207,0.6636183430518112,0.0011922135890927166,52.984375,-0.03498696750102681,0.05352729186415672,0.0912287684623152,8.29626036993568,8.29626036993568,0.0
-0.19716328382492065,0.3728807270526886,0.004573418293148279,1488,1.0,0.00273608548741322,-0.00014174680109135807,0.01585983857512474,4.348330497741699,-0.003655980806797743,0.6636521322733786,0.0011179000575793907,56.25,-0.021272641515679425,0.05717965215444565,0.09938944829627872,68.68829844513948,79.42834120889529,
0.0045375037007033825,0.0012257618363946676,0.0017404780955985188,1496,1.0,0.0016979362262645736,-8.88399881660007e-05,0.004079140722751617,0.6373737454414368,-0.01563853352854494,0.6637483674152865,0.0011588693596422672,64.25,-7.228167183370715e-05,0.06378930807113647,0.01950976945227013,38.987517945477066,38.987517945477066,
0.03556669130921364,0.058838799595832825,0.06247040629386902,1504,1.0,0.001269452637643553,-7.157247455324978e-05,-0.011577092111110687,0.6685106158256531,-0.030667855171486735,0.6638127770548695,0.0012046448682667685,71.4453125,0.0015773383775012917,0.06204785034060478,0.03981403796933591,7.62181671627377,7.62181671627377,0.0
0.0009721895912662148,0.10561183840036392,0.0008172007510438561,1512,1.0,0.001701900881016627,-6.658375059487298e-05,-0.004333842545747757,1.2529493570327759,-0.013536653641494922,0.6638940674819562,0.0012462891463655978,73.8125,-0.0034201326548100055,0.06453423947095871,0.10342554841190577,26.39436389007824,26.39436389007824,
0.023289328441023827,0.180398628115654,0.10945189744234085,1520,1.0,0.0025938785256585106,-0.00022167872521094978,0.02350533753633499,2.5724008083343506,0.012090865246136673,0.6639867089628841,0.0012317199143581092,73.046875,0.005220383376354221,0.05981932207942009,0.11136464169248939,18.102341334668836,18.102341334668836,0.0
-0.4574549198150635,1.9156591892242432,0.06292092800140381,1528,1.0,0.007436972198775038,-0.00036903805448673666,0.0029632635414600372,9.216658592224121,-0.07543215877376497,0.6637818269571859,0.0012279003713047132,37.23437499999999,-0.022035970046999864,0.06572258472442627,0.7234778068959713,61.0965711951435,61.0965711951435,0.0
-0.38704216480255127,2.023308038711548,0.002329654525965452,1536,1.0,0.003458437029621564,-0.0001014707813737914,-0.3786744475364685,23.247432708740234,-0.22683844063431025,0.6636442270592905,0.0012064707843819633,22.109375000000004,0.0012773993803421038,0.06516817212104797,0.9288331344723701,75.36863006049771,123.45703759362277,0.0
-0.016794702038168907,0.0875769630074501,0.0009034360991790891,1544,1.0,0.001273301284527406,-6.784692232031375e-05,-0.022904064506292343,9.205604553222656,-0.20001454139128327,0.6637442537067954,0.0012080847372999415,29.3125,-0.026400156115414575,0.05857245996594429,0.2672808524221182,80.023292588201,567.1110609192001,
0.06754396855831146,0.22326648235321045,0.060721538960933685,1552,0.875,0.0010172621259698644,-6.852482329122722e-05,0.03640557825565338,1.3088048696517944,0.025883458787575364,0.6638479741795157,0.0012080775341019034,36.5234375,0.00013297707209858345,0.0556105338037014,-0.05068439384922386,90.08677832835383,296.71104191013,0.0
0.0014959771651774645,0.11843910068273544,0.0009666113764978945,1560,1.0,0.0017598174308659509,-6.853136437712237e-05,0.03985907882452011,1.4253910779953003,-0.004492193053010853,0.6638257481573395,0.0012000532442471012,39.0,0.0007694267806073185,0.04823840409517288,0.04016891634091735,30.11346394837119,30.11346394837119,
0.02471787855029106,0.011243524961173534,0.0009467462659813464,1568,1.0,0.0011703421478159723,-7.071342406561598e-05,0.03663583844900131,1.860515832901001,-0.025225706631317735,0.6638480164247152,0.0012114072451367974,47.0,0.0025095712815073057,0.05293864756822586,-0.011583997402340174,25.43635013677863,25.43635013677863,
0.0300204548984766,0.03225966542959213,0.0011712111299857497,1576,1.0,0.0013251399213913828,-7.563285907963291e-05,0.03119795396924019,1.0286682844161987,-0.03292457410134375,0.6639084820339444,0.001213800671393983,55.0,2.7451580535853285e-05,0.04679952934384346,-0.01593024842441082,20.4244889284937,20.4244889284937,
0.002880803309381008,0.28219273686408997,0.02329680509865284,1584,1.0,0.005010147782741115,-0.00015967364015523344,0.02464931085705757,4.994192600250244,-0.024126138887368143,0.663795660829806,0.0012111820688005537,52.5859375,-0.023567813273075444,0.049026355147361755,0.09562590578570962,16.189152844419368,16.189152844419368,0.0
-0.17295677959918976,1.6389520168304443,0.03220023959875107,1592,1.0,0.0031420481391251087,-0.0001394420542055741,0.01912539452314377,8.150191307067871,-0.04988576134201139,0.6637231732694753,0.0012086433998774737,58.1875,0.003874922886097921,0.05210569128394127,0.05053757247515023,66.2586079822072,111.03123629013544,
0.009641419164836407,0.0016853736015036702,0.0026890893932431936,1600,0.875,0.002747247490333393,-0.00011842051753774285,0.013480294495821,2.127053737640381,-0.015272852091584355,0.6637722480976078,0.0011950254411203787,66.1875,0.01841292854578569,0.0562446229159832,0.032452837098389864,68.08257595906889,93.67754387797913,
-0.3344695568084717,0.5657774209976196,0.024667751044034958,1608,1.0,0.004492624197155237,-0.000219626774196513,0.008566498756408691,5.429891109466553,-0.025561498245224357,0.6638284454554019,0.0011943579011131078,71.796875,0.0036957928350602742,0.053237754851579666,0.01598562952131033,51.83418728754714,51.83418728754714,0.0
-0.04580717906355858,0.16493341326713562,0.010360371321439743,1616,1.0,0.004671479022363201,-0.0002060646511381492,0.0017722882330417633,3.1935296058654785,-0.017745349323377013,0.6639291443609847,0.0011741521011572331,75.8125,0.011214333950647415,0.053347259759902954,0.05539483384927736,31.578192246873186,31.578192246873186,0.0
0.05973505601286888,0.5058478713035583,0.08004780858755112,1624,1.0,0.00790473842062056,-0.0003350311308167875,-0.0024644695222377777,5.208443641662598,0.0013376247370615602,0.6639199485910773,0.0011802220833487809,64.03125,0.015626786887878552,0.05609295889735222,0.19114056136459112,47.22622743724423,47.22622743724423,0.0
0.028131816536188126,1.0453907251358032,0.06386194378137589,1632,1.0,0.009833934484049678,-0.00031248072627931833,-0.006909191608428955,20.09146499633789,0.057948006666265435,0.6637232956258524,0.0011257816659053788,29.8203125,0.008467621635645628,0.06932100653648376,0.4381253756582737,65.84466557099995,105.52894460041853,0.0
-0.12997040152549744,1.230865240097046,0.008299985900521278,1640,1.0,0.008422004757449031,-0.000233260405366309,-0.01323235034942627,21.687414169311523,0.07618406810797751,0.6636372314928408,0.0011651939857983962,23.5,-0.025532183819450438,0.05336473882198334,0.23225751146674153,67.62019901080953,246.65226158316727,
-0.01376118790358305,0.03620278090238571,0.004360362887382507,1648,1.0,0.004607803828548639,-0.0001567858998896554,-0.021588964387774467,0.6306110620498657,-0.08774272096343338,0.6637240809983698,0.00122725275286939,31.5,-0.0030558123444279772,0.050696149468421936,0.07363410340622067,89.98357128078715,108.91418097585483,
-0.016114549711346626,0.006499504204839468,0.029776494950056076,1656,0.875,0.0038243555463850503,-0.00019507826073095202,-0.027457769960165024,0.943558931350708,-0.031173322568065483,0.6638192029213184,0.0012280662340344861,37.109375,-0.00021779077360406513,0.05847950652241707,0.08281061798334122,24.618806132495592,24.618806132495592,0.0
-0.02648620679974556,0.010019194334745407,0.005701779387891293,1664,1.0,0.0029938779480289664,-0.0001638304820517078,-0.034705016762018204,3.0125651359558105,-0.011440997681347653,0.6638597414398163,0.001183926855446771,41.125,-0.006967032162719988,0.05887514352798462,0.10635912790894508,18.266044967595917,18.266044967595917,
-0.028558628633618355,0.02365104854106903,0.002122157718986273,1672,1.0,0.001993973826756701,-0.00010122013190994039,-0.05444583296775818,0.5739910006523132,-0.05892856093123555,0.6639725811483335,0.0011352346336934716,49.125,-0.008359784278582083,0.06529519706964493,0.09743808768689632,27.159142807139688,27.159142807139688,
0.04713890329003334,0.609187126159668,0.025228194892406464,1680,1.0,0.0017924565763678402,-0.00014026839926373214,-0.025995535776019096,1.4091315269470215,-0.057089330162853,0.6641324001636316,0.0011308437533443794,56.328125,0.0013325784875632962,0.05936415120959282,0.07382842479273677,59.38013705459525,59.38013705459525,0.0
-0.07653560489416122,0.14057816565036774,0.005039575509727001,1688,1.0,0.002432078661513515,-0.00013036836753599346,-0.019706185907125473,6.537364959716797,-0.07493880519177765,0.6641848125794966,0.0011167421180289239,53.1171875,-0.010583454418338079,0.05904098227620125,0.29257461801171303,28.375769659189245,28.375769659189245,0.0
-0.09245578199625015,0.0719325989484787,0.0005497804959304631,1696,1.0,0.0015390571716125128,-5.581883669947274e-05,-0.01640867069363594,3.8890161514282227,-0.04701535729691386,0.664322714641707,0.0011363656667526811,60.3125,0.012101040931156607,0.054393261671066284,0.10010500391945243,60.81980804683616,272.3193310199622,
-0.18202003836631775,0.16707444190979004,0.0002744391676969826,1704,1.0,0.00047512742094113486,-4.5278226025402546e-05,-0.008982967585325241,0.6121516227722168,-0.06972753105219454,0.6644540901792914,0.0011382795055396855,68.3125,-3.9783559032002806e-05,0.05380756035447121,0.04291713843122125,50.26842287170484,50.26842287170484,
0.004507321398705244,0.04362049698829651,0.0002553336089476943,1712,1.0,0.0010864676987694109,-4.513829480856657e-05,0.0027231313288211823,1.3432782888412476,-0.022841893776785575,0.6645636338855746,0.0011642427707556635,73.09375,0.012195133328759765,0.047595907002687454,0.0878970650373958,23.97459824891439,23.97459824891439,0.0
0.011058908887207508,0.0023022631648927927,0.00021996763825882226,1720,1.0,0.0006327753908408339,-4.559497028822079e-05,0.015524957329034805,3.898860454559326,0.017547336872667078,0.6646964869308658,0.0011806174297817051,77.875,0.000570942013041531,0.047911759465932846,0.033150540897622705,32.94325006800386,32.94325006800386,0.0
0.09606101363897324,1.0317295789718628,0.09319743514060974,1728,1.0,0.006910253898240626,-0.00034395192051306367,0.013438042253255844,9.000852584838867,-0.0074517938010103535,0.6646414726023688,0.0011901678808499128,55.484375,-0.060898244832060286,0.047373633831739426,0.47867336007766426,39.714375527686116,39.714375527686116,0.0
0.04713810235261917,1.8292596340179443,0.0018205724190920591,1736,1.0,0.007965486656758003,-7.723821909166873e-05,0.009392213076353073,20.460758209228516,0.06096155568957329,0.66438089107232,0.0011196931300219148,24.4609375,0.025491197869996537,0.05010295659303665,0.6263692863285542,59.61280786867246,261.7405793932594,0.0
-0.1315084844827652,0.3649023771286011,0.00027403305284678936,1744,1.0,0.003058222107938491,-4.724473910755478e-05,-0.0037241987884044647,12.678722381591797,0.004553938051685691,0.6644155060005338,0.0011894900671904907,25.25,-0.01161379163681886,0.04246809333562851,0.1340849967673421,82.76772256169352,109.56849744005012,
-0.013489434495568275,0.0027889900375157595,9.362125274492428e-05,1752,0.875,0.00014993417244113516,-4.1479677747702226e-05,-0.016466327011585236,0.5158511996269226,-0.034688235144130886,0.6644935050661408,0.0012276856432436032,33.25,-3.960949186421203e-06,0.04398919641971588,0.041220229817554355,53.685383562557035,53.685383562557035,
-0.14902079105377197,0.6411011219024658,0.00015862853615544736,1760,0.875,0.0009199569985867129,-4.228445322951302e-05,-0.016877412796020508,2.8040037155151367,-0.11875204788520932,0.664558651528883,0.0012196935713291168,37.265625,0.002798665783529941,0.04158945381641388,0.10200950829312204,16.755079346689854,16.755079346689854,0.0
-0.011390702798962593,0.0022531989961862564,4.275836545275524e-05,1768,1.0,0.0004203295065963176,-3.923083932022564e-05,-0.016060736030340195,3.3271634578704834,-0.09232328680809587,0.6646454258914758,0.0012149527028668672,42.875,0.0014870882865238855,0.04387235641479492,0.08314634021371603,60.631106134978836,60.631106134978836,
-0.008872664533555508,0.0013497701147571206,4.3361986172385514e-05,1776,1.0,6.550505486302427e-05,-3.840794670395553e-05,-0.012034976854920387,0.7237202525138855,-0.06859926413744688,0.6647467450698014,0.0012167622771812605,50.875,-1.1184187940216363e-06,0.04576513171195984,0.03868537349626422,55.24296534247878,55.24296534247878,
-0.22896958887577057,0.6929156184196472,0.01889665797352791,1784,1.0,0.0008911489717320364,-0.00012471768422983587,-0.01038399338722229,1.4740025997161865,-0.08543614984955639,0.6647886539972858,0.0011967101600021124,56.48437499999999,-0.00603074972948292,0.04624910652637482,0.05459169135428965,19.0333634262945,19.0333634262945,0.0
-0.13709798455238342,0.30994853377342224,0.00018770020687952638,1792,1.0,0.0013411069394351216,-4.258809713064693e-05,-0.006894901394844055,7.765721321105957,-0.0852738944813609,0.6647341460987536,0.0011680865281959993,54.0625,0.017262871853290566,0.05018450319766998,0.12468233983963728,21.31499947548582,21.31499947548582,
-0.12915243208408356,0.18563753366470337,2.8710492188110948e-05,1800,1.0,7.479025862267007e-05,-3.64523621101398e-05,-0.006169304251670837,4.339846611022949,-0.08612639445345847,0.6647602907336054,0.0011667192302411422,62.0625,1.4340307672000563e-05,0.04796333238482475,0.05471127352211625,73.66524940282625,113.5270846667263,
-0.11527282744646072,0.11885657906532288,4.0641025407239795e-05,1808,1.0,6.589221175090641e-05,-3.67224492947571e-05,-0.000688452273607254,0.49909690022468567,-0.05133810492407065,0.6648004156505269,0.0011536834499565884,70.0625,-2.8717054902926975e-06,0.05476434901356697,0.027235508023295548,15.987274345834066,15.987274345834066,
-0.0006482669268734753,0.011815047822892666,4.4855696614831686e-05,1816,1.0,0.000843229176098248,-3.554196155164391e-05,-0.0005702413618564606,1.0361614227294922,-0.03954528300528182,0.6648580319086762,0.001149626841652207,74.8125,-0.00016633076751304543,0.054627567529678345,0.08223504084162414,10.32649214131061,10.32649214131061,0.0
0.013469016179442406,0.042306020855903625,0.04092986881732941,1824,1.0,0.0010127054956683423,-0.00023855770996306092,0.0015113428235054016,2.844129800796509,-0.028837588557507843,0.664941670024155,0.0011637122952379286,76.37499999999999,0.00014758218375732215,0.055897198617458344,0.1347968028858304,19.237490302376045,19.237490302376045,0.0
0.025756673887372017,1.1904255151748657,0.11200906336307526,1832,1.0,0.00899243431194918,-0.0003246368723921478,0.003951616585254669,21.231779098510742,-0.27263361937366426,0.6648335156042205,0.0011831580341095105,46.1640625,-0.07584089504962321,0.061682283878326416,0.734840601682663,41.144063184495735,41.144063184495735,0.0
-0.23739908635616302,3.0385818481445312,0.0027956755366176367,1840,1.0,0.004546177857264411,-9.925164340529591e-05,-0.0034651774913072586,14.33792495727539,-0.08204127749195322,0.6646112870193671,0.0011073582718381658,21.453125,-0.009888351556583075,0.06587980687618256,0.7663109600543976,65.48917945778658,588.2889957254029,0.0
-0.02083934098482132,0.12439965456724167,0.0007193689234554768,1848,1.0,0.0018253441667184234,-5.731635246775113e-05,-0.06360338628292084,7.524620532989502,-0.0517164277844131,0.6646324826391937,0.0011308031098451465,27.0625,-0.017843274790720898,0.06729444116353989,0.24113626033067703,65.11577183910595,130.56658298090406,
0.038333460688591,0.004498013760894537,9.042685996973887e-05,1856,1.0,0.00022044021352485288,-3.9479775296058506e-05,0.019580591470003128,0.8114303946495056,0.002059328136965634,0.6647220135244802,0.0011280967300990596,35.0625,0.0034141065237633943,0.06700915098190308,-0.02386850491166115,104.88813978614826,104.88813978614826,0.0
0.013935081660747528,0.04046540707349777,0.00010634184582158923,1864,0.875,0.001049027747285436,-3.853045927826315e-05,0.03414503112435341,2.56099009513855,0.017806248273700476,0.6647503963512884,0.0011494839563965797,36.75,0.006897190552194845,0.07029922306537628,-0.005881339777261019,11.875277909910437,11.875277909910437,
0.025547964498400688,0.016391748562455177,5.055314613855444e-05,1872,1.0,0.00010379286140960176,-3.5676312108989805e-05,0.04001133143901825,4.345015048980713,0.015383215621113777,0.6648012502989302,0.0011726463562808929,44.75,3.1657582894695224e-05,0.06814426928758621,-0.05224672961048782,56.69201127245606,56.69201127245606,
0.02103191614151001,0.01106592919677496,3.386764001334086e-05,1880,1.0,5.923053004153189e-05,-3.762774576898664e-05,0.03300612047314644,1.0307523012161255,0.016357097774744034,0.664871168563997,0.0012094398261979222,52.75,4.502574796561021e-06,0.06669981777667999,-0.05759666487574578,44.41608046436977,44.41608046436977,
0.029055345803499222,0.2300085574388504,0.07396788895130157,1888,1.0,0.0009782281986190355,-4.024801455670968e-05,0.020799826830625534,3.3189306259155273,0.029574768850579858,0.6649308348317232,0.00121667081839405,55.21093749999999,0.007689105869474134,0.06558912247419357,-0.003659747773781419,28.632371561749096,28.632371561749096,0.0
0.007822324521839619,0.04503588750958443,0.00013252752250991762,1896,1.0,0.0009600415460226941,-4.0460865420755e-05,0.011349629610776901,8.037348747253418,0.016847125603817403,0.6649666019716646,0.0012068714859196914,56.0,0.006168969862073936,0.06091536581516266,0.05068272177595646,67.47635792689425,67.47635792689425,
-0.001953230472281575,0.0008277636952698231,2.3718890588497743e-05,1904,1.0,8.298306192955349e-05,-3.75750896637328e-05,-0.003089331090450287,0.6079853177070618,-0.030165772725013085,0.6650665245440943,0.0011816730839200318,64.0,-2.132421526379602e-05,0.062483858317136765,0.018133414268959314,69.28044008721736,103.98881645192705,
-0.15709057450294495,0.16580107808113098,2.325175955775194e-05,1912,1.0,4.779137225341401e-05,-3.679781730170362e-05,-0.01025325059890747,0.6566677689552307,-0.11162177904043347,0.6651472388392967,0.001153663542936556,72.0,-2.4403020333352288e-06,0.060630910098552704,0.04896203870885074,10.008927684595847,10.008927684595847,
-0.010732734575867653,0.021863797679543495,0.00010709821799537167,1920,1.0,0.0009252886775357182,-3.76783573301509e-05,-0.010663285851478577,2.081544876098633,-0.045800184831023216,0.6651434307648312,0.0011366269609425217,74.4765625,0.00839396017437366,0.05953172594308853,0.09133647754788399,23.501957922771453,23.501957922771453,0.0
0.07031382620334625,0.3998415172100067,0.061714254319667816,1928,0.875,0.0037629387620654597,-0.0003009328793268651,-0.018598198890686035,6.106141567230225,-0.010967006004648283,0.6651807739160954,0.001158076076535508,70.609375,-0.008321201592863758,0.051466360688209534,0.1451048944145441,40.864679131296725,40.864679131296725,0.0
-0.039152052253484726,0.36140546202659607,0.041376397013664246,1936,1.0,0.0060991215432295584,-0.0002525103627704084,-0.02832290343940258,10.729862213134766,-0.035454219207167625,0.6650735757400277,0.0011120334675069898,37.234375,0.013201889894844498,0.05852392315864563,0.5393138267099857,58.57419619639427,58.57419619639427,0.0
-0.19399993121623993,0.8632913827896118,0.00012730807065963745,1944,1.0,0.003077350045714411,-3.960201138397679e-05,-0.048362940549850464,13.30336856842041,0.010009184014052146,0.6649849800732495,0.0011258824379183352,21.375,0.0032989181634093256,0.060146015137434006,0.4651870932430029,63.55649888544826,212.21472315732535,
-0.0365157350897789,0.024663038551807404,7.96752137830481e-05,1952,1.0,0.00036590051058738027,-3.651386214187369e-05,-0.05175583064556122,4.2700934410095215,-0.08608175860717893,0.6650716632322842,0.0010874357249122113,29.375,-0.0002382674930458961,0.05609899014234543,0.19301497749984264,69.03355297636153,69.03355297636153,
-0.1033046618103981,0.0713951513171196,0.024057801812887192,1960,0.875,0.0005464622008730657,-0.00011580226419027895,-0.041382353752851486,0.8966907262802124,-0.07286264467984438,0.6651647365042652,0.0010388519294792786,35.78125,0.0001260076596736326,0.05487533658742905,0.10668821539729834,80.43975460544607,89.5302334025364,0.0
-0.0792294517159462,0.11148886382579803,0.0008875243365764618,1968,1.0,0.0007319949763768817,-5.2776576922042295e-05,-0.016302796080708504,1.8139058351516724,-0.02950294257607311,0.6652337769108854,0.0009959528833860534,39.0,0.03362125591525,0.054033126682043076,0.13762326166033745,46.32934789897081,46.32934789897081,
9.091863466892391e-05,0.00036766225821338594,0.00026269187219440937,1976,1.0,0.0004694997696788049,-3.945225398638286e-05,0.003339149057865143,1.8559048175811768,-0.05768478289883205,0.6653279192217736,0.0009552595729473978,47.0,-0.000190199365718513,0.05515342578291893,0.06057080498430879,34.99387621930782,34.99387621930782,
0.022265050560235977,0.11578754335641861,0.027874555438756943,1984,0.875,0.0010965854889946058,-9.271161252399907e-05,0.01568257063627243,1.4208073616027832,-0.07342107617296278,0.6654114828472658,0.000942959959502332,54.2109375,1.5031824887046241e-05,0.05448099598288536,0.020999788772314787,51.408599570479964,51.408599570479964,0.0
0.03751305118203163,0.06852554529905319,0.0024983955081552267,1992,1.0,0.0025044335052371025,-9.150954429060221e-05,0.02992859110236168,2.271838903427124,0.013128271210007368,0.6654328537493772,0.0009324320490122773,53.53125,-0.012232159180712188,0.05397392064332962,0.1105265053920448,31.52407601665618,31.52407601665618,0.0
-0.12039285898208618,0.4891626238822937,0.022181613370776176,2000,1.0,0.004554934217594564,-0.00019634843920357525,0.02901006117463112,2.5682098865509033,-0.06650454632472247,0.6654994564972765,0.0009713453910080716,58.375,-0.017513582090032287,0.04734967276453972,0.09422218054533006,55.34716568638032,55.34716568638032,
